Alder,Alder_label,ContentsCode,ContentsCode_label,Tid,Tid_label,value,status
02,Under 4 år,Personbiler,Registrerte personbiler,2008,2008,362379,
02,Under 4 år,Personbiler,Registrerte personbiler,2009,2009,351888,
02,Under 4 år,Personbiler,Registrerte personbiler,2010,2010,351352,
02,Under 4 år,Personbiler,Registrerte personbiler,2011,2011,381324,
02,Under 4 år,Personbiler,Registrerte personbiler,2012,2012,427262,
02,Under 4 år,Personbiler,Registrerte personbiler,2013,2013,447228,
02,Under 4 år,Personbiler,Registrerte personbiler,2014,2014,451280,
02,Under 4 år,Personbiler,Registrerte personbiler,2015,2015,459093,
02,Under 4 år,Personbiler,Registrerte personbiler,2016,2016,464514,
02,Under 4 år,Personbiler,Registrerte personbiler,2017,2017,480646,
02,Under 4 år,Personbiler,Registrerte personbiler,2018,2018,475899,
02,Under 4 år,Personbiler,Registrerte personbiler,2019,2019,461256,
02,Under 4 år,Personbiler,Registrerte personbiler,2020,2020,442718,
02,Under 4 år,Personbiler,Registrerte personbiler,2021,2021,471663,
02,Under 4 år,Personbiler,Registrerte personbiler,2022,2022,503906,
02,Under 4 år,Personbiler,Registrerte personbiler,2023,2023,479566,
02,Under 4 år,Personbiler,Registrerte personbiler,2024,2024,602843,
02,Under 4 år,Personbiler,Registrerte personbiler,2025,2025,601956,
02,Under 4 år,Varebiler,Registrerte varebiler,2008,2008,122389,
02,Under 4 år,Varebiler,Registrerte varebiler,2009,2009,103222,
02,Under 4 år,Varebiler,Registrerte varebiler,2010,2010,85731,
02,Under 4 år,Varebiler,Registrerte varebiler,2011,2011,85304,
02,Under 4 år,Varebiler,Registrerte varebiler,2012,2012,93759,
02,Under 4 år,Varebiler,Registrerte varebiler,2013,2013,95147,
02,Under 4 år,Varebiler,Registrerte varebiler,2014,2014,88511,
02,Under 4 år,Varebiler,Registrerte varebiler,2015,2015,88996,
02,Under 4 år,Varebiler,Registrerte varebiler,2016,2016,93624,
02,Under 4 år,Varebiler,Registrerte varebiler,2017,2017,99148,
02,Under 4 år,Varebiler,Registrerte varebiler,2018,2018,102010,
02,Under 4 år,Varebiler,Registrerte varebiler,2019,2019,103439,
02,Under 4 år,Varebiler,Registrerte varebiler,2020,2020,100202,
02,Under 4 år,Varebiler,Registrerte varebiler,2021,2021,98093,
02,Under 4 år,Varebiler,Registrerte varebiler,2022,2022,90663,
02,Under 4 år,Varebiler,Registrerte varebiler,2023,2023,88450,
02,Under 4 år,Varebiler,Registrerte varebiler,2024,2024,115025,
02,Under 4 år,Varebiler,Registrerte varebiler,2025,2025,112441,
03,4 - 7 år,Personbiler,Registrerte personbiler,2008,2008,477135,
03,4 - 7 år,Personbiler,Registrerte personbiler,2009,2009,504914,
03,4 - 7 år,Personbiler,Registrerte personbiler,2010,2010,543879,
03,4 - 7 år,Personbiler,Registrerte personbiler,2011,2011,532658,
03,4 - 7 år,Personbiler,Registrerte personbiler,2012,2012,516458,
03,4 - 7 år,Personbiler,Registrerte personbiler,2013,2013,532167,
03,4 - 7 år,Personbiler,Registrerte personbiler,2014,2014,541098,
03,4 - 7 år,Personbiler,Registrerte personbiler,2015,2015,569320,
03,4 - 7 år,Personbiler,Registrerte personbiler,2016,2016,611994,
03,4 - 7 år,Personbiler,Registrerte personbiler,2017,2017,620840,
03,4 - 7 år,Personbiler,Registrerte personbiler,2018,2018,631250,
03,4 - 7 år,Personbiler,Registrerte personbiler,2019,2019,634612,
03,4 - 7 år,Personbiler,Registrerte personbiler,2020,2020,645300,
03,4 - 7 år,Personbiler,Registrerte personbiler,2021,2021,641139,
03,4 - 7 år,Personbiler,Registrerte personbiler,2022,2022,618903,
03,4 - 7 år,Personbiler,Registrerte personbiler,2023,2023,597086,
03,4 - 7 år,Personbiler,Registrerte personbiler,2024,2024,591627,
03,4 - 7 år,Personbiler,Registrerte personbiler,2025,2025,607161,
03,4 - 7 år,Varebiler,Registrerte varebiler,2008,2008,102198,
03,4 - 7 år,Varebiler,Registrerte varebiler,2009,2009,124028,
03,4 - 7 år,Varebiler,Registrerte varebiler,2010,2010,145633,
03,4 - 7 år,Varebiler,Registrerte varebiler,2011,2011,150008,
03,4 - 7 år,Varebiler,Registrerte varebiler,2012,2012,139294,
03,4 - 7 år,Varebiler,Registrerte varebiler,2013,2013,127080,
03,4 - 7 år,Varebiler,Registrerte varebiler,2014,2014,117216,
03,4 - 7 år,Varebiler,Registrerte varebiler,2015,2015,113899,
03,4 - 7 år,Varebiler,Registrerte varebiler,2016,2016,120152,
03,4 - 7 år,Varebiler,Registrerte varebiler,2017,2017,120269,
03,4 - 7 år,Varebiler,Registrerte varebiler,2018,2018,116869,
03,4 - 7 år,Varebiler,Registrerte varebiler,2019,2019,119646,
03,4 - 7 år,Varebiler,Registrerte varebiler,2020,2020,124451,
03,4 - 7 år,Varebiler,Registrerte varebiler,2021,2021,130755,
03,4 - 7 år,Varebiler,Registrerte varebiler,2022,2022,133788,
03,4 - 7 år,Varebiler,Registrerte varebiler,2023,2023,128390,
03,4 - 7 år,Varebiler,Registrerte varebiler,2024,2024,126450,
03,4 - 7 år,Varebiler,Registrerte varebiler,2025,2025,124068,
04,8 - 11 år,Personbiler,Registrerte personbiler,2008,2008,491963,
04,8 - 11 år,Personbiler,Registrerte personbiler,2009,2009,466003,
04,8 - 11 år,Personbiler,Registrerte personbiler,2010,2010,455267,
04,8 - 11 år,Personbiler,Registrerte personbiler,2011,2011,475773,
04,8 - 11 år,Personbiler,Registrerte personbiler,2012,2012,493308,
04,8 - 11 år,Personbiler,Registrerte personbiler,2013,2013,517619,
04,8 - 11 år,Personbiler,Registrerte personbiler,2014,2014,559430,
04,8 - 11 år,Personbiler,Registrerte personbiler,2015,2015,548138,
04,8 - 11 år,Personbiler,Registrerte personbiler,2016,2016,528492,
04,8 - 11 år,Personbiler,Registrerte personbiler,2017,2017,540143,
04,8 - 11 år,Personbiler,Registrerte personbiler,2018,2018,544075,
04,8 - 11 år,Personbiler,Registrerte personbiler,2019,2019,569932,
04,8 - 11 år,Personbiler,Registrerte personbiler,2020,2020,610487,
04,8 - 11 år,Personbiler,Registrerte personbiler,2021,2021,617302,
04,8 - 11 år,Personbiler,Registrerte personbiler,2022,2022,615687,
04,8 - 11 år,Personbiler,Registrerte personbiler,2023,2023,603342,
04,8 - 11 år,Personbiler,Registrerte personbiler,2024,2024,584409,
04,8 - 11 år,Personbiler,Registrerte personbiler,2025,2025,575747,
04,8 - 11 år,Varebiler,Registrerte varebiler,2008,2008,82862,
04,8 - 11 år,Varebiler,Registrerte varebiler,2009,2009,81568,
04,8 - 11 år,Varebiler,Registrerte varebiler,2010,2010,81880,
04,8 - 11 år,Varebiler,Registrerte varebiler,2011,2011,85375,
04,8 - 11 år,Varebiler,Registrerte varebiler,2012,2012,93957,
04,8 - 11 år,Varebiler,Registrerte varebiler,2013,2013,112240,
04,8 - 11 år,Varebiler,Registrerte varebiler,2014,2014,132296,
04,8 - 11 år,Varebiler,Registrerte varebiler,2015,2015,136437,
04,8 - 11 år,Varebiler,Registrerte varebiler,2016,2016,125238,
04,8 - 11 år,Varebiler,Registrerte varebiler,2017,2017,114683,
04,8 - 11 år,Varebiler,Registrerte varebiler,2018,2018,107110,
04,8 - 11 år,Varebiler,Registrerte varebiler,2019,2019,105384,
04,8 - 11 år,Varebiler,Registrerte varebiler,2020,2020,111382,
04,8 - 11 år,Varebiler,Registrerte varebiler,2021,2021,111771,
04,8 - 11 år,Varebiler,Registrerte varebiler,2022,2022,109242,
04,8 - 11 år,Varebiler,Registrerte varebiler,2023,2023,111779,
04,8 - 11 år,Varebiler,Registrerte varebiler,2024,2024,108075,
04,8 - 11 år,Varebiler,Registrerte varebiler,2025,2025,112717,
05,12 - 15 år,Personbiler,Registrerte personbiler,2008,2008,458234,
05,12 - 15 år,Personbiler,Registrerte personbiler,2009,2009,489943,
05,12 - 15 år,Personbiler,Registrerte personbiler,2010,2010,501392,
05,12 - 15 år,Personbiler,Registrerte personbiler,2011,2011,484917,
05,12 - 15 år,Personbiler,Registrerte personbiler,2012,2012,462810,
05,12 - 15 år,Personbiler,Registrerte personbiler,2013,2013,436539,
05,12 - 15 år,Personbiler,Registrerte personbiler,2014,2014,425574,
05,12 - 15 år,Personbiler,Registrerte personbiler,2015,2015,444693,
05,12 - 15 år,Personbiler,Registrerte personbiler,2016,2016,462703,
05,12 - 15 år,Personbiler,Registrerte personbiler,2017,2017,485898,
05,12 - 15 år,Personbiler,Registrerte personbiler,2018,2018,515420,
05,12 - 15 år,Personbiler,Registrerte personbiler,2019,2019,504687,
05,12 - 15 år,Personbiler,Registrerte personbiler,2020,2020,479434,
05,12 - 15 år,Personbiler,Registrerte personbiler,2021,2021,489043,
05,12 - 15 år,Personbiler,Registrerte personbiler,2022,2022,490903,
05,12 - 15 år,Personbiler,Registrerte personbiler,2023,2023,509875,
05,12 - 15 år,Personbiler,Registrerte personbiler,2024,2024,483365,
05,12 - 15 år,Personbiler,Registrerte personbiler,2025,2025,512643,
05,12 - 15 år,Varebiler,Registrerte varebiler,2008,2008,41798,
05,12 - 15 år,Varebiler,Registrerte varebiler,2009,2009,46833,
05,12 - 15 år,Varebiler,Registrerte varebiler,2010,2010,49136,
05,12 - 15 år,Varebiler,Registrerte varebiler,2011,2011,52059,
05,12 - 15 år,Varebiler,Registrerte varebiler,2012,2012,55697,
05,12 - 15 år,Varebiler,Registrerte varebiler,2013,2013,54990,
05,12 - 15 år,Varebiler,Registrerte varebiler,2014,2014,56129,
05,12 - 15 år,Varebiler,Registrerte varebiler,2015,2015,60136,
05,12 - 15 år,Varebiler,Registrerte varebiler,2016,2016,67470,
05,12 - 15 år,Varebiler,Registrerte varebiler,2017,2017,80072,
05,12 - 15 år,Varebiler,Registrerte varebiler,2018,2018,92376,
05,12 - 15 år,Varebiler,Registrerte varebiler,2019,2019,96065,
05,12 - 15 år,Varebiler,Registrerte varebiler,2020,2020,88564,
05,12 - 15 år,Varebiler,Registrerte varebiler,2021,2021,84711,
05,12 - 15 år,Varebiler,Registrerte varebiler,2022,2022,83164,
05,12 - 15 år,Varebiler,Registrerte varebiler,2023,2023,83280,
05,12 - 15 år,Varebiler,Registrerte varebiler,2024,2024,77528,
05,12 - 15 år,Varebiler,Registrerte varebiler,2025,2025,82956,
06,16 - 20 år,Personbiler,Registrerte personbiler,2008,2008,218329,
06,16 - 20 år,Personbiler,Registrerte personbiler,2009,2009,244662,
06,16 - 20 år,Personbiler,Registrerte personbiler,2010,2010,264050,
06,16 - 20 år,Personbiler,Registrerte personbiler,2011,2011,304147,
06,16 - 20 år,Personbiler,Registrerte personbiler,2012,2012,336913,
06,16 - 20 år,Personbiler,Registrerte personbiler,2013,2013,356215,
06,16 - 20 år,Personbiler,Registrerte personbiler,2014,2014,357435,
06,16 - 20 år,Personbiler,Registrerte personbiler,2015,2015,358065,
06,16 - 20 år,Personbiler,Registrerte personbiler,2016,2016,347123,
06,16 - 20 år,Personbiler,Registrerte personbiler,2017,2017,332060,
06,16 - 20 år,Personbiler,Registrerte personbiler,2018,2018,315690,
06,16 - 20 år,Personbiler,Registrerte personbiler,2019,2019,344006,
06,16 - 20 år,Personbiler,Registrerte personbiler,2020,2020,342372,
06,16 - 20 år,Personbiler,Registrerte personbiler,2021,2021,360982,
06,16 - 20 år,Personbiler,Registrerte personbiler,2022,2022,386885,
06,16 - 20 år,Personbiler,Registrerte personbiler,2023,2023,391856,
06,16 - 20 år,Personbiler,Registrerte personbiler,2024,2024,343821,
06,16 - 20 år,Personbiler,Registrerte personbiler,2025,2025,342014,
06,16 - 20 år,Varebiler,Registrerte varebiler,2008,2008,14115,
06,16 - 20 år,Varebiler,Registrerte varebiler,2009,2009,15861,
06,16 - 20 år,Varebiler,Registrerte varebiler,2010,2010,18496,
06,16 - 20 år,Varebiler,Registrerte varebiler,2011,2011,21404,
06,16 - 20 år,Varebiler,Registrerte varebiler,2012,2012,25112,
06,16 - 20 år,Varebiler,Registrerte varebiler,2013,2013,28144,
06,16 - 20 år,Varebiler,Registrerte varebiler,2014,2014,30068,
06,16 - 20 år,Varebiler,Registrerte varebiler,2015,2015,32051,
06,16 - 20 år,Varebiler,Registrerte varebiler,2016,2016,34391,
06,16 - 20 år,Varebiler,Registrerte varebiler,2017,2017,35158,
06,16 - 20 år,Varebiler,Registrerte varebiler,2018,2018,35843,
06,16 - 20 år,Varebiler,Registrerte varebiler,2019,2019,40580,
06,16 - 20 år,Varebiler,Registrerte varebiler,2020,2020,45387,
06,16 - 20 år,Varebiler,Registrerte varebiler,2021,2021,54404,
06,16 - 20 år,Varebiler,Registrerte varebiler,2022,2022,63181,
06,16 - 20 år,Varebiler,Registrerte varebiler,2023,2023,67651,
06,16 - 20 år,Varebiler,Registrerte varebiler,2024,2024,59802,
06,16 - 20 år,Varebiler,Registrerte varebiler,2025,2025,59327,
07,Over 20 år,Personbiler,Registrerte personbiler,2008,2008,188067,
07,Over 20 år,Personbiler,Registrerte personbiler,2009,2009,183709,
07,Over 20 år,Personbiler,Registrerte personbiler,2010,2010,187356,
07,Over 20 år,Personbiler,Registrerte personbiler,2011,2011,189570,
07,Over 20 år,Personbiler,Registrerte personbiler,2012,2012,195187,
07,Over 20 år,Personbiler,Registrerte personbiler,2013,2013,196249,
07,Over 20 år,Personbiler,Registrerte personbiler,2014,2014,203416,
07,Over 20 år,Personbiler,Registrerte personbiler,2015,2015,210525,
07,Over 20 år,Personbiler,Registrerte personbiler,2016,2016,224168,
07,Over 20 år,Personbiler,Registrerte personbiler,2017,2017,232272,
07,Over 20 år,Personbiler,Registrerte personbiler,2018,2018,239248,
07,Over 20 år,Personbiler,Registrerte personbiler,2019,2019,253500,
07,Over 20 år,Personbiler,Registrerte personbiler,2020,2020,253231,
07,Over 20 år,Personbiler,Registrerte personbiler,2021,2021,262116,
07,Over 20 år,Personbiler,Registrerte personbiler,2022,2022,254994,
07,Over 20 år,Personbiler,Registrerte personbiler,2023,2023,259777,
07,Over 20 år,Personbiler,Registrerte personbiler,2024,2024,237353,
07,Over 20 år,Personbiler,Registrerte personbiler,2025,2025,259025,
07,Over 20 år,Varebiler,Registrerte varebiler,2008,2008,15981,
07,Over 20 år,Varebiler,Registrerte varebiler,2009,2009,16034,
07,Over 20 år,Varebiler,Registrerte varebiler,2010,2010,16403,
07,Over 20 år,Varebiler,Registrerte varebiler,2011,2011,16580,
07,Over 20 år,Varebiler,Registrerte varebiler,2012,2012,16815,
07,Over 20 år,Varebiler,Registrerte varebiler,2013,2013,17035,
07,Over 20 år,Varebiler,Registrerte varebiler,2014,2014,17747,
07,Over 20 år,Varebiler,Registrerte varebiler,2015,2015,18866,
07,Over 20 år,Varebiler,Registrerte varebiler,2016,2016,20623,
07,Over 20 år,Varebiler,Registrerte varebiler,2017,2017,21525,
07,Over 20 år,Varebiler,Registrerte varebiler,2018,2018,22665,
07,Over 20 år,Varebiler,Registrerte varebiler,2019,2019,24303,
07,Over 20 år,Varebiler,Registrerte varebiler,2020,2020,25979,
07,Over 20 år,Varebiler,Registrerte varebiler,2021,2021,28177,
07,Over 20 år,Varebiler,Registrerte varebiler,2022,2022,28636,
07,Over 20 år,Varebiler,Registrerte varebiler,2023,2023,30333,
07,Over 20 år,Varebiler,Registrerte varebiler,2024,2024,27860,
07,Over 20 år,Varebiler,Registrerte varebiler,2025,2025,31442,
