UtslpTilLuft,UtslpTilLuft_label,UtslpEnergivare,UtslpEnergivare_label,UtslpKomp,UtslpKomp_label,ContentsCode,ContentsCode_label,Tid,Tid_label,value,status
5,Veitrafikk,VT0,I alt,K11,Karbondioksid (CO2),Utslipp,"Utslipp til luft (CO2 i 1 000 tonn, CH4 og N2O i tonn, HFK, PFK og SF6 i kg)",1990,1990,7289.0,
5,Veitrafikk,VT0,I alt,K11,Karbondioksid (CO2),Utslipp,"Utslipp til luft (CO2 i 1 000 tonn, CH4 og N2O i tonn, HFK, PFK og SF6 i kg)",1991,1991,7174.0,
5,Veitrafikk,VT0,I alt,K11,Karbondioksid (CO2),Utslipp,"Utslipp til luft (CO2 i 1 000 tonn, CH4 og N2O i tonn, HFK, PFK og SF6 i kg)",1992,1992,7207.0,
5,Veitrafikk,VT0,I alt,K11,Karbondioksid (CO2),Utslipp,"Utslipp til luft (CO2 i 1 000 tonn, CH4 og N2O i tonn, HFK, PFK og SF6 i kg)",1993,1993,7380.0,
5,Veitrafikk,VT0,I alt,K11,Karbondioksid (CO2),Utslipp,"Utslipp til luft (CO2 i 1 000 tonn, CH4 og N2O i tonn, HFK, PFK og SF6 i kg)",1994,1994,7277.0,
5,Veitrafikk,VT0,I alt,K11,Karbondioksid (CO2),Utslipp,"Utslipp til luft (CO2 i 1 000 tonn, CH4 og N2O i tonn, HFK, PFK og SF6 i kg)",1995,1995,7396.0,
5,Veitrafikk,VT0,I alt,K11,Karbondioksid (CO2),Utslipp,"Utslipp til luft (CO2 i 1 000 tonn, CH4 og N2O i tonn, HFK, PFK og SF6 i kg)",1996,1996,7769.0,
5,Veitrafikk,VT0,I alt,K11,Karbondioksid (CO2),Utslipp,"Utslipp til luft (CO2 i 1 000 tonn, CH4 og N2O i tonn, HFK, PFK og SF6 i kg)",1997,1997,7755.0,
5,Veitrafikk,VT0,I alt,K11,Karbondioksid (CO2),Utslipp,"Utslipp til luft (CO2 i 1 000 tonn, CH4 og N2O i tonn, HFK, PFK og SF6 i kg)",1998,1998,7988.0,
5,Veitrafikk,VT0,I alt,K11,Karbondioksid (CO2),Utslipp,"Utslipp til luft (CO2 i 1 000 tonn, CH4 og N2O i tonn, HFK, PFK og SF6 i kg)",1999,1999,8418.0,
5,Veitrafikk,VT0,I alt,K11,Karbondioksid (CO2),Utslipp,"Utslipp til luft (CO2 i 1 000 tonn, CH4 og N2O i tonn, HFK, PFK og SF6 i kg)",2000,2000,8247.0,
5,Veitrafikk,VT0,I alt,K11,Karbondioksid (CO2),Utslipp,"Utslipp til luft (CO2 i 1 000 tonn, CH4 og N2O i tonn, HFK, PFK og SF6 i kg)",2001,2001,8748.0,
5,Veitrafikk,VT0,I alt,K11,Karbondioksid (CO2),Utslipp,"Utslipp til luft (CO2 i 1 000 tonn, CH4 og N2O i tonn, HFK, PFK og SF6 i kg)",2002,2002,8826.0,
5,Veitrafikk,VT0,I alt,K11,Karbondioksid (CO2),Utslipp,"Utslipp til luft (CO2 i 1 000 tonn, CH4 og N2O i tonn, HFK, PFK og SF6 i kg)",2003,2003,8972.0,
5,Veitrafikk,VT0,I alt,K11,Karbondioksid (CO2),Utslipp,"Utslipp til luft (CO2 i 1 000 tonn, CH4 og N2O i tonn, HFK, PFK og SF6 i kg)",2004,2004,9270.0,
5,Veitrafikk,VT0,I alt,K11,Karbondioksid (CO2),Utslipp,"Utslipp til luft (CO2 i 1 000 tonn, CH4 og N2O i tonn, HFK, PFK og SF6 i kg)",2005,2005,9429.0,
5,Veitrafikk,VT0,I alt,K11,Karbondioksid (CO2),Utslipp,"Utslipp til luft (CO2 i 1 000 tonn, CH4 og N2O i tonn, HFK, PFK og SF6 i kg)",2006,2006,9710.0,
5,Veitrafikk,VT0,I alt,K11,Karbondioksid (CO2),Utslipp,"Utslipp til luft (CO2 i 1 000 tonn, CH4 og N2O i tonn, HFK, PFK og SF6 i kg)",2007,2007,9941.0,
5,Veitrafikk,VT0,I alt,K11,Karbondioksid (CO2),Utslipp,"Utslipp til luft (CO2 i 1 000 tonn, CH4 og N2O i tonn, HFK, PFK og SF6 i kg)",2008,2008,9807.0,
5,Veitrafikk,VT0,I alt,K11,Karbondioksid (CO2),Utslipp,"Utslipp til luft (CO2 i 1 000 tonn, CH4 og N2O i tonn, HFK, PFK og SF6 i kg)",2009,2009,9656.0,
5,Veitrafikk,VT0,I alt,K11,Karbondioksid (CO2),Utslipp,"Utslipp til luft (CO2 i 1 000 tonn, CH4 og N2O i tonn, HFK, PFK og SF6 i kg)",2010,2010,9903.0,
5,Veitrafikk,VT0,I alt,K11,Karbondioksid (CO2),Utslipp,"Utslipp til luft (CO2 i 1 000 tonn, CH4 og N2O i tonn, HFK, PFK og SF6 i kg)",2011,2011,9840.0,
5,Veitrafikk,VT0,I alt,K11,Karbondioksid (CO2),Utslipp,"Utslipp til luft (CO2 i 1 000 tonn, CH4 og N2O i tonn, HFK, PFK og SF6 i kg)",2012,2012,9866.0,
5,Veitrafikk,VT0,I alt,K11,Karbondioksid (CO2),Utslipp,"Utslipp til luft (CO2 i 1 000 tonn, CH4 og N2O i tonn, HFK, PFK og SF6 i kg)",2013,2013,9914.0,
5,Veitrafikk,VT0,I alt,K11,Karbondioksid (CO2),Utslipp,"Utslipp til luft (CO2 i 1 000 tonn, CH4 og N2O i tonn, HFK, PFK og SF6 i kg)",2014,2014,10126.0,
5,Veitrafikk,VT0,I alt,K11,Karbondioksid (CO2),Utslipp,"Utslipp til luft (CO2 i 1 000 tonn, CH4 og N2O i tonn, HFK, PFK og SF6 i kg)",2015,2015,10157.0,
5,Veitrafikk,VT0,I alt,K11,Karbondioksid (CO2),Utslipp,"Utslipp til luft (CO2 i 1 000 tonn, CH4 og N2O i tonn, HFK, PFK og SF6 i kg)",2016,2016,9888.0,
5,Veitrafikk,VT0,I alt,K11,Karbondioksid (CO2),Utslipp,"Utslipp til luft (CO2 i 1 000 tonn, CH4 og N2O i tonn, HFK, PFK og SF6 i kg)",2017,2017,9014.0,
5,Veitrafikk,VT0,I alt,K11,Karbondioksid (CO2),Utslipp,"Utslipp til luft (CO2 i 1 000 tonn, CH4 og N2O i tonn, HFK, PFK og SF6 i kg)",2018,2018,9256.0,
5,Veitrafikk,VT0,I alt,K11,Karbondioksid (CO2),Utslipp,"Utslipp til luft (CO2 i 1 000 tonn, CH4 og N2O i tonn, HFK, PFK og SF6 i kg)",2019,2019,8621.0,
5,Veitrafikk,VT0,I alt,K11,Karbondioksid (CO2),Utslipp,"Utslipp til luft (CO2 i 1 000 tonn, CH4 og N2O i tonn, HFK, PFK og SF6 i kg)",2020,2020,8246.0,
5,Veitrafikk,VT0,I alt,K11,Karbondioksid (CO2),Utslipp,"Utslipp til luft (CO2 i 1 000 tonn, CH4 og N2O i tonn, HFK, PFK og SF6 i kg)",2021,2021,8589.0,
5,Veitrafikk,VT0,I alt,K11,Karbondioksid (CO2),Utslipp,"Utslipp til luft (CO2 i 1 000 tonn, CH4 og N2O i tonn, HFK, PFK og SF6 i kg)",2022,2022,8612.0,
5,Veitrafikk,VT0,I alt,K11,Karbondioksid (CO2),Utslipp,"Utslipp til luft (CO2 i 1 000 tonn, CH4 og N2O i tonn, HFK, PFK og SF6 i kg)",2023,2023,7950.0,
5,Veitrafikk,VT0,I alt,K11,Karbondioksid (CO2),Utslipp,"Utslipp til luft (CO2 i 1 000 tonn, CH4 og N2O i tonn, HFK, PFK og SF6 i kg)",2024,2024,7428.0,
5,Veitrafikk,VT0,I alt,K11,Karbondioksid (CO2),Utslipp,"Utslipp til luft (CO2 i 1 000 tonn, CH4 og N2O i tonn, HFK, PFK og SF6 i kg)",2025,2025,6821.0,
5,Veitrafikk,VT4,"Bensin, parafin",K11,Karbondioksid (CO2),Utslipp,"Utslipp til luft (CO2 i 1 000 tonn, CH4 og N2O i tonn, HFK, PFK og SF6 i kg)",1990,1990,5338.0,
5,Veitrafikk,VT4,"Bensin, parafin",K11,Karbondioksid (CO2),Utslipp,"Utslipp til luft (CO2 i 1 000 tonn, CH4 og N2O i tonn, HFK, PFK og SF6 i kg)",1991,1991,5184.0,
5,Veitrafikk,VT4,"Bensin, parafin",K11,Karbondioksid (CO2),Utslipp,"Utslipp til luft (CO2 i 1 000 tonn, CH4 og N2O i tonn, HFK, PFK og SF6 i kg)",1992,1992,5059.0,
5,Veitrafikk,VT4,"Bensin, parafin",K11,Karbondioksid (CO2),Utslipp,"Utslipp til luft (CO2 i 1 000 tonn, CH4 og N2O i tonn, HFK, PFK og SF6 i kg)",1993,1993,5002.0,
5,Veitrafikk,VT4,"Bensin, parafin",K11,Karbondioksid (CO2),Utslipp,"Utslipp til luft (CO2 i 1 000 tonn, CH4 og N2O i tonn, HFK, PFK og SF6 i kg)",1994,1994,4951.0,
5,Veitrafikk,VT4,"Bensin, parafin",K11,Karbondioksid (CO2),Utslipp,"Utslipp til luft (CO2 i 1 000 tonn, CH4 og N2O i tonn, HFK, PFK og SF6 i kg)",1995,1995,4852.0,
5,Veitrafikk,VT4,"Bensin, parafin",K11,Karbondioksid (CO2),Utslipp,"Utslipp til luft (CO2 i 1 000 tonn, CH4 og N2O i tonn, HFK, PFK og SF6 i kg)",1996,1996,5045.0,
5,Veitrafikk,VT4,"Bensin, parafin",K11,Karbondioksid (CO2),Utslipp,"Utslipp til luft (CO2 i 1 000 tonn, CH4 og N2O i tonn, HFK, PFK og SF6 i kg)",1997,1997,4956.0,
5,Veitrafikk,VT4,"Bensin, parafin",K11,Karbondioksid (CO2),Utslipp,"Utslipp til luft (CO2 i 1 000 tonn, CH4 og N2O i tonn, HFK, PFK og SF6 i kg)",1998,1998,5012.0,
5,Veitrafikk,VT4,"Bensin, parafin",K11,Karbondioksid (CO2),Utslipp,"Utslipp til luft (CO2 i 1 000 tonn, CH4 og N2O i tonn, HFK, PFK og SF6 i kg)",1999,1999,4975.0,
5,Veitrafikk,VT4,"Bensin, parafin",K11,Karbondioksid (CO2),Utslipp,"Utslipp til luft (CO2 i 1 000 tonn, CH4 og N2O i tonn, HFK, PFK og SF6 i kg)",2000,2000,4823.0,
5,Veitrafikk,VT4,"Bensin, parafin",K11,Karbondioksid (CO2),Utslipp,"Utslipp til luft (CO2 i 1 000 tonn, CH4 og N2O i tonn, HFK, PFK og SF6 i kg)",2001,2001,5006.0,
5,Veitrafikk,VT4,"Bensin, parafin",K11,Karbondioksid (CO2),Utslipp,"Utslipp til luft (CO2 i 1 000 tonn, CH4 og N2O i tonn, HFK, PFK og SF6 i kg)",2002,2002,4962.0,
5,Veitrafikk,VT4,"Bensin, parafin",K11,Karbondioksid (CO2),Utslipp,"Utslipp til luft (CO2 i 1 000 tonn, CH4 og N2O i tonn, HFK, PFK og SF6 i kg)",2003,2003,4904.0,
5,Veitrafikk,VT4,"Bensin, parafin",K11,Karbondioksid (CO2),Utslipp,"Utslipp til luft (CO2 i 1 000 tonn, CH4 og N2O i tonn, HFK, PFK og SF6 i kg)",2004,2004,4874.0,
5,Veitrafikk,VT4,"Bensin, parafin",K11,Karbondioksid (CO2),Utslipp,"Utslipp til luft (CO2 i 1 000 tonn, CH4 og N2O i tonn, HFK, PFK og SF6 i kg)",2005,2005,4693.0,
5,Veitrafikk,VT4,"Bensin, parafin",K11,Karbondioksid (CO2),Utslipp,"Utslipp til luft (CO2 i 1 000 tonn, CH4 og N2O i tonn, HFK, PFK og SF6 i kg)",2006,2006,4503.0,
5,Veitrafikk,VT4,"Bensin, parafin",K11,Karbondioksid (CO2),Utslipp,"Utslipp til luft (CO2 i 1 000 tonn, CH4 og N2O i tonn, HFK, PFK og SF6 i kg)",2007,2007,4262.0,
5,Veitrafikk,VT4,"Bensin, parafin",K11,Karbondioksid (CO2),Utslipp,"Utslipp til luft (CO2 i 1 000 tonn, CH4 og N2O i tonn, HFK, PFK og SF6 i kg)",2008,2008,3981.0,
5,Veitrafikk,VT4,"Bensin, parafin",K11,Karbondioksid (CO2),Utslipp,"Utslipp til luft (CO2 i 1 000 tonn, CH4 og N2O i tonn, HFK, PFK og SF6 i kg)",2009,2009,3730.0,
5,Veitrafikk,VT4,"Bensin, parafin",K11,Karbondioksid (CO2),Utslipp,"Utslipp til luft (CO2 i 1 000 tonn, CH4 og N2O i tonn, HFK, PFK og SF6 i kg)",2010,2010,3506.0,
5,Veitrafikk,VT4,"Bensin, parafin",K11,Karbondioksid (CO2),Utslipp,"Utslipp til luft (CO2 i 1 000 tonn, CH4 og N2O i tonn, HFK, PFK og SF6 i kg)",2011,2011,3172.0,
5,Veitrafikk,VT4,"Bensin, parafin",K11,Karbondioksid (CO2),Utslipp,"Utslipp til luft (CO2 i 1 000 tonn, CH4 og N2O i tonn, HFK, PFK og SF6 i kg)",2012,2012,2948.0,
5,Veitrafikk,VT4,"Bensin, parafin",K11,Karbondioksid (CO2),Utslipp,"Utslipp til luft (CO2 i 1 000 tonn, CH4 og N2O i tonn, HFK, PFK og SF6 i kg)",2013,2013,2737.0,
5,Veitrafikk,VT4,"Bensin, parafin",K11,Karbondioksid (CO2),Utslipp,"Utslipp til luft (CO2 i 1 000 tonn, CH4 og N2O i tonn, HFK, PFK og SF6 i kg)",2014,2014,2598.0,
5,Veitrafikk,VT4,"Bensin, parafin",K11,Karbondioksid (CO2),Utslipp,"Utslipp til luft (CO2 i 1 000 tonn, CH4 og N2O i tonn, HFK, PFK og SF6 i kg)",2015,2015,2435.0,
5,Veitrafikk,VT4,"Bensin, parafin",K11,Karbondioksid (CO2),Utslipp,"Utslipp til luft (CO2 i 1 000 tonn, CH4 og N2O i tonn, HFK, PFK og SF6 i kg)",2016,2016,2284.0,
5,Veitrafikk,VT4,"Bensin, parafin",K11,Karbondioksid (CO2),Utslipp,"Utslipp til luft (CO2 i 1 000 tonn, CH4 og N2O i tonn, HFK, PFK og SF6 i kg)",2017,2017,2212.0,
5,Veitrafikk,VT4,"Bensin, parafin",K11,Karbondioksid (CO2),Utslipp,"Utslipp til luft (CO2 i 1 000 tonn, CH4 og N2O i tonn, HFK, PFK og SF6 i kg)",2018,2018,2119.0,
5,Veitrafikk,VT4,"Bensin, parafin",K11,Karbondioksid (CO2),Utslipp,"Utslipp til luft (CO2 i 1 000 tonn, CH4 og N2O i tonn, HFK, PFK og SF6 i kg)",2019,2019,1936.0,
5,Veitrafikk,VT4,"Bensin, parafin",K11,Karbondioksid (CO2),Utslipp,"Utslipp til luft (CO2 i 1 000 tonn, CH4 og N2O i tonn, HFK, PFK og SF6 i kg)",2020,2020,1815.0,
5,Veitrafikk,VT4,"Bensin, parafin",K11,Karbondioksid (CO2),Utslipp,"Utslipp til luft (CO2 i 1 000 tonn, CH4 og N2O i tonn, HFK, PFK og SF6 i kg)",2021,2021,1659.0,
5,Veitrafikk,VT4,"Bensin, parafin",K11,Karbondioksid (CO2),Utslipp,"Utslipp til luft (CO2 i 1 000 tonn, CH4 og N2O i tonn, HFK, PFK og SF6 i kg)",2022,2022,1684.0,
5,Veitrafikk,VT4,"Bensin, parafin",K11,Karbondioksid (CO2),Utslipp,"Utslipp til luft (CO2 i 1 000 tonn, CH4 og N2O i tonn, HFK, PFK og SF6 i kg)",2023,2023,1411.0,
5,Veitrafikk,VT4,"Bensin, parafin",K11,Karbondioksid (CO2),Utslipp,"Utslipp til luft (CO2 i 1 000 tonn, CH4 og N2O i tonn, HFK, PFK og SF6 i kg)",2024,2024,1458.0,
5,Veitrafikk,VT4,"Bensin, parafin",K11,Karbondioksid (CO2),Utslipp,"Utslipp til luft (CO2 i 1 000 tonn, CH4 og N2O i tonn, HFK, PFK og SF6 i kg)",2025,2025,,:
5,Veitrafikk,VT5,"Diesel-, gass- og lett fyringsolje, spesialdestillat",K11,Karbondioksid (CO2),Utslipp,"Utslipp til luft (CO2 i 1 000 tonn, CH4 og N2O i tonn, HFK, PFK og SF6 i kg)",1990,1990,1951.0,
5,Veitrafikk,VT5,"Diesel-, gass- og lett fyringsolje, spesialdestillat",K11,Karbondioksid (CO2),Utslipp,"Utslipp til luft (CO2 i 1 000 tonn, CH4 og N2O i tonn, HFK, PFK og SF6 i kg)",1991,1991,1990.0,
5,Veitrafikk,VT5,"Diesel-, gass- og lett fyringsolje, spesialdestillat",K11,Karbondioksid (CO2),Utslipp,"Utslipp til luft (CO2 i 1 000 tonn, CH4 og N2O i tonn, HFK, PFK og SF6 i kg)",1992,1992,2148.0,
5,Veitrafikk,VT5,"Diesel-, gass- og lett fyringsolje, spesialdestillat",K11,Karbondioksid (CO2),Utslipp,"Utslipp til luft (CO2 i 1 000 tonn, CH4 og N2O i tonn, HFK, PFK og SF6 i kg)",1993,1993,2378.0,
5,Veitrafikk,VT5,"Diesel-, gass- og lett fyringsolje, spesialdestillat",K11,Karbondioksid (CO2),Utslipp,"Utslipp til luft (CO2 i 1 000 tonn, CH4 og N2O i tonn, HFK, PFK og SF6 i kg)",1994,1994,2326.0,
5,Veitrafikk,VT5,"Diesel-, gass- og lett fyringsolje, spesialdestillat",K11,Karbondioksid (CO2),Utslipp,"Utslipp til luft (CO2 i 1 000 tonn, CH4 og N2O i tonn, HFK, PFK og SF6 i kg)",1995,1995,2544.0,
5,Veitrafikk,VT5,"Diesel-, gass- og lett fyringsolje, spesialdestillat",K11,Karbondioksid (CO2),Utslipp,"Utslipp til luft (CO2 i 1 000 tonn, CH4 og N2O i tonn, HFK, PFK og SF6 i kg)",1996,1996,2724.0,
5,Veitrafikk,VT5,"Diesel-, gass- og lett fyringsolje, spesialdestillat",K11,Karbondioksid (CO2),Utslipp,"Utslipp til luft (CO2 i 1 000 tonn, CH4 og N2O i tonn, HFK, PFK og SF6 i kg)",1997,1997,2798.0,
5,Veitrafikk,VT5,"Diesel-, gass- og lett fyringsolje, spesialdestillat",K11,Karbondioksid (CO2),Utslipp,"Utslipp til luft (CO2 i 1 000 tonn, CH4 og N2O i tonn, HFK, PFK og SF6 i kg)",1998,1998,2975.0,
5,Veitrafikk,VT5,"Diesel-, gass- og lett fyringsolje, spesialdestillat",K11,Karbondioksid (CO2),Utslipp,"Utslipp til luft (CO2 i 1 000 tonn, CH4 og N2O i tonn, HFK, PFK og SF6 i kg)",1999,1999,3442.0,
5,Veitrafikk,VT5,"Diesel-, gass- og lett fyringsolje, spesialdestillat",K11,Karbondioksid (CO2),Utslipp,"Utslipp til luft (CO2 i 1 000 tonn, CH4 og N2O i tonn, HFK, PFK og SF6 i kg)",2000,2000,3423.0,
5,Veitrafikk,VT5,"Diesel-, gass- og lett fyringsolje, spesialdestillat",K11,Karbondioksid (CO2),Utslipp,"Utslipp til luft (CO2 i 1 000 tonn, CH4 og N2O i tonn, HFK, PFK og SF6 i kg)",2001,2001,3739.0,
5,Veitrafikk,VT5,"Diesel-, gass- og lett fyringsolje, spesialdestillat",K11,Karbondioksid (CO2),Utslipp,"Utslipp til luft (CO2 i 1 000 tonn, CH4 og N2O i tonn, HFK, PFK og SF6 i kg)",2002,2002,3852.0,
5,Veitrafikk,VT5,"Diesel-, gass- og lett fyringsolje, spesialdestillat",K11,Karbondioksid (CO2),Utslipp,"Utslipp til luft (CO2 i 1 000 tonn, CH4 og N2O i tonn, HFK, PFK og SF6 i kg)",2003,2003,4053.0,
5,Veitrafikk,VT5,"Diesel-, gass- og lett fyringsolje, spesialdestillat",K11,Karbondioksid (CO2),Utslipp,"Utslipp til luft (CO2 i 1 000 tonn, CH4 og N2O i tonn, HFK, PFK og SF6 i kg)",2004,2004,4381.0,
5,Veitrafikk,VT5,"Diesel-, gass- og lett fyringsolje, spesialdestillat",K11,Karbondioksid (CO2),Utslipp,"Utslipp til luft (CO2 i 1 000 tonn, CH4 og N2O i tonn, HFK, PFK og SF6 i kg)",2005,2005,4725.0,
5,Veitrafikk,VT5,"Diesel-, gass- og lett fyringsolje, spesialdestillat",K11,Karbondioksid (CO2),Utslipp,"Utslipp til luft (CO2 i 1 000 tonn, CH4 og N2O i tonn, HFK, PFK og SF6 i kg)",2006,2006,5191.0,
5,Veitrafikk,VT5,"Diesel-, gass- og lett fyringsolje, spesialdestillat",K11,Karbondioksid (CO2),Utslipp,"Utslipp til luft (CO2 i 1 000 tonn, CH4 og N2O i tonn, HFK, PFK og SF6 i kg)",2007,2007,5661.0,
5,Veitrafikk,VT5,"Diesel-, gass- og lett fyringsolje, spesialdestillat",K11,Karbondioksid (CO2),Utslipp,"Utslipp til luft (CO2 i 1 000 tonn, CH4 og N2O i tonn, HFK, PFK og SF6 i kg)",2008,2008,5803.0,
5,Veitrafikk,VT5,"Diesel-, gass- og lett fyringsolje, spesialdestillat",K11,Karbondioksid (CO2),Utslipp,"Utslipp til luft (CO2 i 1 000 tonn, CH4 og N2O i tonn, HFK, PFK og SF6 i kg)",2009,2009,5900.0,
5,Veitrafikk,VT5,"Diesel-, gass- og lett fyringsolje, spesialdestillat",K11,Karbondioksid (CO2),Utslipp,"Utslipp til luft (CO2 i 1 000 tonn, CH4 og N2O i tonn, HFK, PFK og SF6 i kg)",2010,2010,6356.0,
5,Veitrafikk,VT5,"Diesel-, gass- og lett fyringsolje, spesialdestillat",K11,Karbondioksid (CO2),Utslipp,"Utslipp til luft (CO2 i 1 000 tonn, CH4 og N2O i tonn, HFK, PFK og SF6 i kg)",2011,2011,6631.0,
5,Veitrafikk,VT5,"Diesel-, gass- og lett fyringsolje, spesialdestillat",K11,Karbondioksid (CO2),Utslipp,"Utslipp til luft (CO2 i 1 000 tonn, CH4 og N2O i tonn, HFK, PFK og SF6 i kg)",2012,2012,6866.0,
5,Veitrafikk,VT5,"Diesel-, gass- og lett fyringsolje, spesialdestillat",K11,Karbondioksid (CO2),Utslipp,"Utslipp til luft (CO2 i 1 000 tonn, CH4 og N2O i tonn, HFK, PFK og SF6 i kg)",2013,2013,7114.0,
5,Veitrafikk,VT5,"Diesel-, gass- og lett fyringsolje, spesialdestillat",K11,Karbondioksid (CO2),Utslipp,"Utslipp til luft (CO2 i 1 000 tonn, CH4 og N2O i tonn, HFK, PFK og SF6 i kg)",2014,2014,7460.0,
5,Veitrafikk,VT5,"Diesel-, gass- og lett fyringsolje, spesialdestillat",K11,Karbondioksid (CO2),Utslipp,"Utslipp til luft (CO2 i 1 000 tonn, CH4 og N2O i tonn, HFK, PFK og SF6 i kg)",2015,2015,7668.0,
5,Veitrafikk,VT5,"Diesel-, gass- og lett fyringsolje, spesialdestillat",K11,Karbondioksid (CO2),Utslipp,"Utslipp til luft (CO2 i 1 000 tonn, CH4 og N2O i tonn, HFK, PFK og SF6 i kg)",2016,2016,7541.0,
5,Veitrafikk,VT5,"Diesel-, gass- og lett fyringsolje, spesialdestillat",K11,Karbondioksid (CO2),Utslipp,"Utslipp til luft (CO2 i 1 000 tonn, CH4 og N2O i tonn, HFK, PFK og SF6 i kg)",2017,2017,6738.0,
5,Veitrafikk,VT5,"Diesel-, gass- og lett fyringsolje, spesialdestillat",K11,Karbondioksid (CO2),Utslipp,"Utslipp til luft (CO2 i 1 000 tonn, CH4 og N2O i tonn, HFK, PFK og SF6 i kg)",2018,2018,7084.0,
5,Veitrafikk,VT5,"Diesel-, gass- og lett fyringsolje, spesialdestillat",K11,Karbondioksid (CO2),Utslipp,"Utslipp til luft (CO2 i 1 000 tonn, CH4 og N2O i tonn, HFK, PFK og SF6 i kg)",2019,2019,6630.0,
5,Veitrafikk,VT5,"Diesel-, gass- og lett fyringsolje, spesialdestillat",K11,Karbondioksid (CO2),Utslipp,"Utslipp til luft (CO2 i 1 000 tonn, CH4 og N2O i tonn, HFK, PFK og SF6 i kg)",2020,2020,6385.0,
5,Veitrafikk,VT5,"Diesel-, gass- og lett fyringsolje, spesialdestillat",K11,Karbondioksid (CO2),Utslipp,"Utslipp til luft (CO2 i 1 000 tonn, CH4 og N2O i tonn, HFK, PFK og SF6 i kg)",2021,2021,6887.0,
5,Veitrafikk,VT5,"Diesel-, gass- og lett fyringsolje, spesialdestillat",K11,Karbondioksid (CO2),Utslipp,"Utslipp til luft (CO2 i 1 000 tonn, CH4 og N2O i tonn, HFK, PFK og SF6 i kg)",2022,2022,6881.0,
5,Veitrafikk,VT5,"Diesel-, gass- og lett fyringsolje, spesialdestillat",K11,Karbondioksid (CO2),Utslipp,"Utslipp til luft (CO2 i 1 000 tonn, CH4 og N2O i tonn, HFK, PFK og SF6 i kg)",2023,2023,6484.0,
5,Veitrafikk,VT5,"Diesel-, gass- og lett fyringsolje, spesialdestillat",K11,Karbondioksid (CO2),Utslipp,"Utslipp til luft (CO2 i 1 000 tonn, CH4 og N2O i tonn, HFK, PFK og SF6 i kg)",2024,2024,5925.0,
5,Veitrafikk,VT5,"Diesel-, gass- og lett fyringsolje, spesialdestillat",K11,Karbondioksid (CO2),Utslipp,"Utslipp til luft (CO2 i 1 000 tonn, CH4 og N2O i tonn, HFK, PFK og SF6 i kg)",2025,2025,,:
5.1,Personbiler,VT0,I alt,K11,Karbondioksid (CO2),Utslipp,"Utslipp til luft (CO2 i 1 000 tonn, CH4 og N2O i tonn, HFK, PFK og SF6 i kg)",1990,1990,4934.0,
5.1,Personbiler,VT0,I alt,K11,Karbondioksid (CO2),Utslipp,"Utslipp til luft (CO2 i 1 000 tonn, CH4 og N2O i tonn, HFK, PFK og SF6 i kg)",1991,1991,4799.0,
5.1,Personbiler,VT0,I alt,K11,Karbondioksid (CO2),Utslipp,"Utslipp til luft (CO2 i 1 000 tonn, CH4 og N2O i tonn, HFK, PFK og SF6 i kg)",1992,1992,4696.0,
5.1,Personbiler,VT0,I alt,K11,Karbondioksid (CO2),Utslipp,"Utslipp til luft (CO2 i 1 000 tonn, CH4 og N2O i tonn, HFK, PFK og SF6 i kg)",1993,1993,4688.0,
5.1,Personbiler,VT0,I alt,K11,Karbondioksid (CO2),Utslipp,"Utslipp til luft (CO2 i 1 000 tonn, CH4 og N2O i tonn, HFK, PFK og SF6 i kg)",1994,1994,4664.0,
5.1,Personbiler,VT0,I alt,K11,Karbondioksid (CO2),Utslipp,"Utslipp til luft (CO2 i 1 000 tonn, CH4 og N2O i tonn, HFK, PFK og SF6 i kg)",1995,1995,4590.0,
5.1,Personbiler,VT0,I alt,K11,Karbondioksid (CO2),Utslipp,"Utslipp til luft (CO2 i 1 000 tonn, CH4 og N2O i tonn, HFK, PFK og SF6 i kg)",1996,1996,4812.0,
5.1,Personbiler,VT0,I alt,K11,Karbondioksid (CO2),Utslipp,"Utslipp til luft (CO2 i 1 000 tonn, CH4 og N2O i tonn, HFK, PFK og SF6 i kg)",1997,1997,4737.0,
5.1,Personbiler,VT0,I alt,K11,Karbondioksid (CO2),Utslipp,"Utslipp til luft (CO2 i 1 000 tonn, CH4 og N2O i tonn, HFK, PFK og SF6 i kg)",1998,1998,4809.0,
5.1,Personbiler,VT0,I alt,K11,Karbondioksid (CO2),Utslipp,"Utslipp til luft (CO2 i 1 000 tonn, CH4 og N2O i tonn, HFK, PFK og SF6 i kg)",1999,1999,4849.0,
5.1,Personbiler,VT0,I alt,K11,Karbondioksid (CO2),Utslipp,"Utslipp til luft (CO2 i 1 000 tonn, CH4 og N2O i tonn, HFK, PFK og SF6 i kg)",2000,2000,4743.0,
5.1,Personbiler,VT0,I alt,K11,Karbondioksid (CO2),Utslipp,"Utslipp til luft (CO2 i 1 000 tonn, CH4 og N2O i tonn, HFK, PFK og SF6 i kg)",2001,2001,4987.0,
5.1,Personbiler,VT0,I alt,K11,Karbondioksid (CO2),Utslipp,"Utslipp til luft (CO2 i 1 000 tonn, CH4 og N2O i tonn, HFK, PFK og SF6 i kg)",2002,2002,5056.0,
5.1,Personbiler,VT0,I alt,K11,Karbondioksid (CO2),Utslipp,"Utslipp til luft (CO2 i 1 000 tonn, CH4 og N2O i tonn, HFK, PFK og SF6 i kg)",2003,2003,5102.0,
5.1,Personbiler,VT0,I alt,K11,Karbondioksid (CO2),Utslipp,"Utslipp til luft (CO2 i 1 000 tonn, CH4 og N2O i tonn, HFK, PFK og SF6 i kg)",2004,2004,5229.0,
5.1,Personbiler,VT0,I alt,K11,Karbondioksid (CO2),Utslipp,"Utslipp til luft (CO2 i 1 000 tonn, CH4 og N2O i tonn, HFK, PFK og SF6 i kg)",2005,2005,5241.0,
5.1,Personbiler,VT0,I alt,K11,Karbondioksid (CO2),Utslipp,"Utslipp til luft (CO2 i 1 000 tonn, CH4 og N2O i tonn, HFK, PFK og SF6 i kg)",2006,2006,5333.0,
5.1,Personbiler,VT0,I alt,K11,Karbondioksid (CO2),Utslipp,"Utslipp til luft (CO2 i 1 000 tonn, CH4 og N2O i tonn, HFK, PFK og SF6 i kg)",2007,2007,5466.0,
5.1,Personbiler,VT0,I alt,K11,Karbondioksid (CO2),Utslipp,"Utslipp til luft (CO2 i 1 000 tonn, CH4 og N2O i tonn, HFK, PFK og SF6 i kg)",2008,2008,5393.0,
5.1,Personbiler,VT0,I alt,K11,Karbondioksid (CO2),Utslipp,"Utslipp til luft (CO2 i 1 000 tonn, CH4 og N2O i tonn, HFK, PFK og SF6 i kg)",2009,2009,5368.0,
5.1,Personbiler,VT0,I alt,K11,Karbondioksid (CO2),Utslipp,"Utslipp til luft (CO2 i 1 000 tonn, CH4 og N2O i tonn, HFK, PFK og SF6 i kg)",2010,2010,5493.0,
5.1,Personbiler,VT0,I alt,K11,Karbondioksid (CO2),Utslipp,"Utslipp til luft (CO2 i 1 000 tonn, CH4 og N2O i tonn, HFK, PFK og SF6 i kg)",2011,2011,5375.0,
5.1,Personbiler,VT0,I alt,K11,Karbondioksid (CO2),Utslipp,"Utslipp til luft (CO2 i 1 000 tonn, CH4 og N2O i tonn, HFK, PFK og SF6 i kg)",2012,2012,5376.0,
5.1,Personbiler,VT0,I alt,K11,Karbondioksid (CO2),Utslipp,"Utslipp til luft (CO2 i 1 000 tonn, CH4 og N2O i tonn, HFK, PFK og SF6 i kg)",2013,2013,5375.0,
5.1,Personbiler,VT0,I alt,K11,Karbondioksid (CO2),Utslipp,"Utslipp til luft (CO2 i 1 000 tonn, CH4 og N2O i tonn, HFK, PFK og SF6 i kg)",2014,2014,5437.0,
5.1,Personbiler,VT0,I alt,K11,Karbondioksid (CO2),Utslipp,"Utslipp til luft (CO2 i 1 000 tonn, CH4 og N2O i tonn, HFK, PFK og SF6 i kg)",2015,2015,5450.0,
5.1,Personbiler,VT0,I alt,K11,Karbondioksid (CO2),Utslipp,"Utslipp til luft (CO2 i 1 000 tonn, CH4 og N2O i tonn, HFK, PFK og SF6 i kg)",2016,2016,5297.0,
5.1,Personbiler,VT0,I alt,K11,Karbondioksid (CO2),Utslipp,"Utslipp til luft (CO2 i 1 000 tonn, CH4 og N2O i tonn, HFK, PFK og SF6 i kg)",2017,2017,4870.0,
5.1,Personbiler,VT0,I alt,K11,Karbondioksid (CO2),Utslipp,"Utslipp til luft (CO2 i 1 000 tonn, CH4 og N2O i tonn, HFK, PFK og SF6 i kg)",2018,2018,4889.0,
5.1,Personbiler,VT0,I alt,K11,Karbondioksid (CO2),Utslipp,"Utslipp til luft (CO2 i 1 000 tonn, CH4 og N2O i tonn, HFK, PFK og SF6 i kg)",2019,2019,4440.0,
5.1,Personbiler,VT0,I alt,K11,Karbondioksid (CO2),Utslipp,"Utslipp til luft (CO2 i 1 000 tonn, CH4 og N2O i tonn, HFK, PFK og SF6 i kg)",2020,2020,4134.0,
5.1,Personbiler,VT0,I alt,K11,Karbondioksid (CO2),Utslipp,"Utslipp til luft (CO2 i 1 000 tonn, CH4 og N2O i tonn, HFK, PFK og SF6 i kg)",2021,2021,4116.0,
5.1,Personbiler,VT0,I alt,K11,Karbondioksid (CO2),Utslipp,"Utslipp til luft (CO2 i 1 000 tonn, CH4 og N2O i tonn, HFK, PFK og SF6 i kg)",2022,2022,3984.0,
5.1,Personbiler,VT0,I alt,K11,Karbondioksid (CO2),Utslipp,"Utslipp til luft (CO2 i 1 000 tonn, CH4 og N2O i tonn, HFK, PFK og SF6 i kg)",2023,2023,3517.0,
5.1,Personbiler,VT0,I alt,K11,Karbondioksid (CO2),Utslipp,"Utslipp til luft (CO2 i 1 000 tonn, CH4 og N2O i tonn, HFK, PFK og SF6 i kg)",2024,2024,3280.0,
5.1,Personbiler,VT0,I alt,K11,Karbondioksid (CO2),Utslipp,"Utslipp til luft (CO2 i 1 000 tonn, CH4 og N2O i tonn, HFK, PFK og SF6 i kg)",2025,2025,,:
5.1,Personbiler,VT4,"Bensin, parafin",K11,Karbondioksid (CO2),Utslipp,"Utslipp til luft (CO2 i 1 000 tonn, CH4 og N2O i tonn, HFK, PFK og SF6 i kg)",1990,1990,4801.0,
5.1,Personbiler,VT4,"Bensin, parafin",K11,Karbondioksid (CO2),Utslipp,"Utslipp til luft (CO2 i 1 000 tonn, CH4 og N2O i tonn, HFK, PFK og SF6 i kg)",1991,1991,4658.0,
5.1,Personbiler,VT4,"Bensin, parafin",K11,Karbondioksid (CO2),Utslipp,"Utslipp til luft (CO2 i 1 000 tonn, CH4 og N2O i tonn, HFK, PFK og SF6 i kg)",1992,1992,4539.0,
5.1,Personbiler,VT4,"Bensin, parafin",K11,Karbondioksid (CO2),Utslipp,"Utslipp til luft (CO2 i 1 000 tonn, CH4 og N2O i tonn, HFK, PFK og SF6 i kg)",1993,1993,4483.0,
5.1,Personbiler,VT4,"Bensin, parafin",K11,Karbondioksid (CO2),Utslipp,"Utslipp til luft (CO2 i 1 000 tonn, CH4 og N2O i tonn, HFK, PFK og SF6 i kg)",1994,1994,4444.0,
5.1,Personbiler,VT4,"Bensin, parafin",K11,Karbondioksid (CO2),Utslipp,"Utslipp til luft (CO2 i 1 000 tonn, CH4 og N2O i tonn, HFK, PFK og SF6 i kg)",1995,1995,4346.0,
5.1,Personbiler,VT4,"Bensin, parafin",K11,Karbondioksid (CO2),Utslipp,"Utslipp til luft (CO2 i 1 000 tonn, CH4 og N2O i tonn, HFK, PFK og SF6 i kg)",1996,1996,4532.0,
5.1,Personbiler,VT4,"Bensin, parafin",K11,Karbondioksid (CO2),Utslipp,"Utslipp til luft (CO2 i 1 000 tonn, CH4 og N2O i tonn, HFK, PFK og SF6 i kg)",1997,1997,4452.0,
5.1,Personbiler,VT4,"Bensin, parafin",K11,Karbondioksid (CO2),Utslipp,"Utslipp til luft (CO2 i 1 000 tonn, CH4 og N2O i tonn, HFK, PFK og SF6 i kg)",1998,1998,4502.0,
5.1,Personbiler,VT4,"Bensin, parafin",K11,Karbondioksid (CO2),Utslipp,"Utslipp til luft (CO2 i 1 000 tonn, CH4 og N2O i tonn, HFK, PFK og SF6 i kg)",1999,1999,4476.0,
5.1,Personbiler,VT4,"Bensin, parafin",K11,Karbondioksid (CO2),Utslipp,"Utslipp til luft (CO2 i 1 000 tonn, CH4 og N2O i tonn, HFK, PFK og SF6 i kg)",2000,2000,4343.0,
5.1,Personbiler,VT4,"Bensin, parafin",K11,Karbondioksid (CO2),Utslipp,"Utslipp til luft (CO2 i 1 000 tonn, CH4 og N2O i tonn, HFK, PFK og SF6 i kg)",2001,2001,4506.0,
5.1,Personbiler,VT4,"Bensin, parafin",K11,Karbondioksid (CO2),Utslipp,"Utslipp til luft (CO2 i 1 000 tonn, CH4 og N2O i tonn, HFK, PFK og SF6 i kg)",2002,2002,4475.0,
5.1,Personbiler,VT4,"Bensin, parafin",K11,Karbondioksid (CO2),Utslipp,"Utslipp til luft (CO2 i 1 000 tonn, CH4 og N2O i tonn, HFK, PFK og SF6 i kg)",2003,2003,4421.0,
5.1,Personbiler,VT4,"Bensin, parafin",K11,Karbondioksid (CO2),Utslipp,"Utslipp til luft (CO2 i 1 000 tonn, CH4 og N2O i tonn, HFK, PFK og SF6 i kg)",2004,2004,4397.0,
5.1,Personbiler,VT4,"Bensin, parafin",K11,Karbondioksid (CO2),Utslipp,"Utslipp til luft (CO2 i 1 000 tonn, CH4 og N2O i tonn, HFK, PFK og SF6 i kg)",2005,2005,4236.0,
5.1,Personbiler,VT4,"Bensin, parafin",K11,Karbondioksid (CO2),Utslipp,"Utslipp til luft (CO2 i 1 000 tonn, CH4 og N2O i tonn, HFK, PFK og SF6 i kg)",2006,2006,4077.0,
5.1,Personbiler,VT4,"Bensin, parafin",K11,Karbondioksid (CO2),Utslipp,"Utslipp til luft (CO2 i 1 000 tonn, CH4 og N2O i tonn, HFK, PFK og SF6 i kg)",2007,2007,3868.0,
5.1,Personbiler,VT4,"Bensin, parafin",K11,Karbondioksid (CO2),Utslipp,"Utslipp til luft (CO2 i 1 000 tonn, CH4 og N2O i tonn, HFK, PFK og SF6 i kg)",2008,2008,3617.0,
5.1,Personbiler,VT4,"Bensin, parafin",K11,Karbondioksid (CO2),Utslipp,"Utslipp til luft (CO2 i 1 000 tonn, CH4 og N2O i tonn, HFK, PFK og SF6 i kg)",2009,2009,3392.0,
5.1,Personbiler,VT4,"Bensin, parafin",K11,Karbondioksid (CO2),Utslipp,"Utslipp til luft (CO2 i 1 000 tonn, CH4 og N2O i tonn, HFK, PFK og SF6 i kg)",2010,2010,3203.0,
5.1,Personbiler,VT4,"Bensin, parafin",K11,Karbondioksid (CO2),Utslipp,"Utslipp til luft (CO2 i 1 000 tonn, CH4 og N2O i tonn, HFK, PFK og SF6 i kg)",2011,2011,2897.0,
5.1,Personbiler,VT4,"Bensin, parafin",K11,Karbondioksid (CO2),Utslipp,"Utslipp til luft (CO2 i 1 000 tonn, CH4 og N2O i tonn, HFK, PFK og SF6 i kg)",2012,2012,2692.0,
5.1,Personbiler,VT4,"Bensin, parafin",K11,Karbondioksid (CO2),Utslipp,"Utslipp til luft (CO2 i 1 000 tonn, CH4 og N2O i tonn, HFK, PFK og SF6 i kg)",2013,2013,2496.0,
5.1,Personbiler,VT4,"Bensin, parafin",K11,Karbondioksid (CO2),Utslipp,"Utslipp til luft (CO2 i 1 000 tonn, CH4 og N2O i tonn, HFK, PFK og SF6 i kg)",2014,2014,2364.0,
5.1,Personbiler,VT4,"Bensin, parafin",K11,Karbondioksid (CO2),Utslipp,"Utslipp til luft (CO2 i 1 000 tonn, CH4 og N2O i tonn, HFK, PFK og SF6 i kg)",2015,2015,2211.0,
5.1,Personbiler,VT4,"Bensin, parafin",K11,Karbondioksid (CO2),Utslipp,"Utslipp til luft (CO2 i 1 000 tonn, CH4 og N2O i tonn, HFK, PFK og SF6 i kg)",2016,2016,2075.0,
5.1,Personbiler,VT4,"Bensin, parafin",K11,Karbondioksid (CO2),Utslipp,"Utslipp til luft (CO2 i 1 000 tonn, CH4 og N2O i tonn, HFK, PFK og SF6 i kg)",2017,2017,2010.0,
5.1,Personbiler,VT4,"Bensin, parafin",K11,Karbondioksid (CO2),Utslipp,"Utslipp til luft (CO2 i 1 000 tonn, CH4 og N2O i tonn, HFK, PFK og SF6 i kg)",2018,2018,1928.0,
5.1,Personbiler,VT4,"Bensin, parafin",K11,Karbondioksid (CO2),Utslipp,"Utslipp til luft (CO2 i 1 000 tonn, CH4 og N2O i tonn, HFK, PFK og SF6 i kg)",2019,2019,1756.0,
5.1,Personbiler,VT4,"Bensin, parafin",K11,Karbondioksid (CO2),Utslipp,"Utslipp til luft (CO2 i 1 000 tonn, CH4 og N2O i tonn, HFK, PFK og SF6 i kg)",2020,2020,1634.0,
5.1,Personbiler,VT4,"Bensin, parafin",K11,Karbondioksid (CO2),Utslipp,"Utslipp til luft (CO2 i 1 000 tonn, CH4 og N2O i tonn, HFK, PFK og SF6 i kg)",2021,2021,1489.0,
5.1,Personbiler,VT4,"Bensin, parafin",K11,Karbondioksid (CO2),Utslipp,"Utslipp til luft (CO2 i 1 000 tonn, CH4 og N2O i tonn, HFK, PFK og SF6 i kg)",2022,2022,1521.0,
5.1,Personbiler,VT4,"Bensin, parafin",K11,Karbondioksid (CO2),Utslipp,"Utslipp til luft (CO2 i 1 000 tonn, CH4 og N2O i tonn, HFK, PFK og SF6 i kg)",2023,2023,1273.0,
5.1,Personbiler,VT4,"Bensin, parafin",K11,Karbondioksid (CO2),Utslipp,"Utslipp til luft (CO2 i 1 000 tonn, CH4 og N2O i tonn, HFK, PFK og SF6 i kg)",2024,2024,1307.0,
5.1,Personbiler,VT4,"Bensin, parafin",K11,Karbondioksid (CO2),Utslipp,"Utslipp til luft (CO2 i 1 000 tonn, CH4 og N2O i tonn, HFK, PFK og SF6 i kg)",2025,2025,,:
5.1,Personbiler,VT5,"Diesel-, gass- og lett fyringsolje, spesialdestillat",K11,Karbondioksid (CO2),Utslipp,"Utslipp til luft (CO2 i 1 000 tonn, CH4 og N2O i tonn, HFK, PFK og SF6 i kg)",1990,1990,132.0,
5.1,Personbiler,VT5,"Diesel-, gass- og lett fyringsolje, spesialdestillat",K11,Karbondioksid (CO2),Utslipp,"Utslipp til luft (CO2 i 1 000 tonn, CH4 og N2O i tonn, HFK, PFK og SF6 i kg)",1991,1991,140.0,
5.1,Personbiler,VT5,"Diesel-, gass- og lett fyringsolje, spesialdestillat",K11,Karbondioksid (CO2),Utslipp,"Utslipp til luft (CO2 i 1 000 tonn, CH4 og N2O i tonn, HFK, PFK og SF6 i kg)",1992,1992,157.0,
5.1,Personbiler,VT5,"Diesel-, gass- og lett fyringsolje, spesialdestillat",K11,Karbondioksid (CO2),Utslipp,"Utslipp til luft (CO2 i 1 000 tonn, CH4 og N2O i tonn, HFK, PFK og SF6 i kg)",1993,1993,205.0,
5.1,Personbiler,VT5,"Diesel-, gass- og lett fyringsolje, spesialdestillat",K11,Karbondioksid (CO2),Utslipp,"Utslipp til luft (CO2 i 1 000 tonn, CH4 og N2O i tonn, HFK, PFK og SF6 i kg)",1994,1994,219.0,
5.1,Personbiler,VT5,"Diesel-, gass- og lett fyringsolje, spesialdestillat",K11,Karbondioksid (CO2),Utslipp,"Utslipp til luft (CO2 i 1 000 tonn, CH4 og N2O i tonn, HFK, PFK og SF6 i kg)",1995,1995,243.0,
5.1,Personbiler,VT5,"Diesel-, gass- og lett fyringsolje, spesialdestillat",K11,Karbondioksid (CO2),Utslipp,"Utslipp til luft (CO2 i 1 000 tonn, CH4 og N2O i tonn, HFK, PFK og SF6 i kg)",1996,1996,280.0,
5.1,Personbiler,VT5,"Diesel-, gass- og lett fyringsolje, spesialdestillat",K11,Karbondioksid (CO2),Utslipp,"Utslipp til luft (CO2 i 1 000 tonn, CH4 og N2O i tonn, HFK, PFK og SF6 i kg)",1997,1997,285.0,
5.1,Personbiler,VT5,"Diesel-, gass- og lett fyringsolje, spesialdestillat",K11,Karbondioksid (CO2),Utslipp,"Utslipp til luft (CO2 i 1 000 tonn, CH4 og N2O i tonn, HFK, PFK og SF6 i kg)",1998,1998,307.0,
5.1,Personbiler,VT5,"Diesel-, gass- og lett fyringsolje, spesialdestillat",K11,Karbondioksid (CO2),Utslipp,"Utslipp til luft (CO2 i 1 000 tonn, CH4 og N2O i tonn, HFK, PFK og SF6 i kg)",1999,1999,373.0,
5.1,Personbiler,VT5,"Diesel-, gass- og lett fyringsolje, spesialdestillat",K11,Karbondioksid (CO2),Utslipp,"Utslipp til luft (CO2 i 1 000 tonn, CH4 og N2O i tonn, HFK, PFK og SF6 i kg)",2000,2000,400.0,
5.1,Personbiler,VT5,"Diesel-, gass- og lett fyringsolje, spesialdestillat",K11,Karbondioksid (CO2),Utslipp,"Utslipp til luft (CO2 i 1 000 tonn, CH4 og N2O i tonn, HFK, PFK og SF6 i kg)",2001,2001,481.0,
5.1,Personbiler,VT5,"Diesel-, gass- og lett fyringsolje, spesialdestillat",K11,Karbondioksid (CO2),Utslipp,"Utslipp til luft (CO2 i 1 000 tonn, CH4 og N2O i tonn, HFK, PFK og SF6 i kg)",2002,2002,572.0,
5.1,Personbiler,VT5,"Diesel-, gass- og lett fyringsolje, spesialdestillat",K11,Karbondioksid (CO2),Utslipp,"Utslipp til luft (CO2 i 1 000 tonn, CH4 og N2O i tonn, HFK, PFK og SF6 i kg)",2003,2003,672.0,
5.1,Personbiler,VT5,"Diesel-, gass- og lett fyringsolje, spesialdestillat",K11,Karbondioksid (CO2),Utslipp,"Utslipp til luft (CO2 i 1 000 tonn, CH4 og N2O i tonn, HFK, PFK og SF6 i kg)",2004,2004,822.0,
5.1,Personbiler,VT5,"Diesel-, gass- og lett fyringsolje, spesialdestillat",K11,Karbondioksid (CO2),Utslipp,"Utslipp til luft (CO2 i 1 000 tonn, CH4 og N2O i tonn, HFK, PFK og SF6 i kg)",2005,2005,996.0,
5.1,Personbiler,VT5,"Diesel-, gass- og lett fyringsolje, spesialdestillat",K11,Karbondioksid (CO2),Utslipp,"Utslipp til luft (CO2 i 1 000 tonn, CH4 og N2O i tonn, HFK, PFK og SF6 i kg)",2006,2006,1247.0,
5.1,Personbiler,VT5,"Diesel-, gass- og lett fyringsolje, spesialdestillat",K11,Karbondioksid (CO2),Utslipp,"Utslipp til luft (CO2 i 1 000 tonn, CH4 og N2O i tonn, HFK, PFK og SF6 i kg)",2007,2007,1587.0,
5.1,Personbiler,VT5,"Diesel-, gass- og lett fyringsolje, spesialdestillat",K11,Karbondioksid (CO2),Utslipp,"Utslipp til luft (CO2 i 1 000 tonn, CH4 og N2O i tonn, HFK, PFK og SF6 i kg)",2008,2008,1764.0,
5.1,Personbiler,VT5,"Diesel-, gass- og lett fyringsolje, spesialdestillat",K11,Karbondioksid (CO2),Utslipp,"Utslipp til luft (CO2 i 1 000 tonn, CH4 og N2O i tonn, HFK, PFK og SF6 i kg)",2009,2009,1964.0,
5.1,Personbiler,VT5,"Diesel-, gass- og lett fyringsolje, spesialdestillat",K11,Karbondioksid (CO2),Utslipp,"Utslipp til luft (CO2 i 1 000 tonn, CH4 og N2O i tonn, HFK, PFK og SF6 i kg)",2010,2010,2266.0,
5.1,Personbiler,VT5,"Diesel-, gass- og lett fyringsolje, spesialdestillat",K11,Karbondioksid (CO2),Utslipp,"Utslipp til luft (CO2 i 1 000 tonn, CH4 og N2O i tonn, HFK, PFK og SF6 i kg)",2011,2011,2461.0,
5.1,Personbiler,VT5,"Diesel-, gass- og lett fyringsolje, spesialdestillat",K11,Karbondioksid (CO2),Utslipp,"Utslipp til luft (CO2 i 1 000 tonn, CH4 og N2O i tonn, HFK, PFK og SF6 i kg)",2012,2012,2670.0,
5.1,Personbiler,VT5,"Diesel-, gass- og lett fyringsolje, spesialdestillat",K11,Karbondioksid (CO2),Utslipp,"Utslipp til luft (CO2 i 1 000 tonn, CH4 og N2O i tonn, HFK, PFK og SF6 i kg)",2013,2013,2860.0,
5.1,Personbiler,VT5,"Diesel-, gass- og lett fyringsolje, spesialdestillat",K11,Karbondioksid (CO2),Utslipp,"Utslipp til luft (CO2 i 1 000 tonn, CH4 og N2O i tonn, HFK, PFK og SF6 i kg)",2014,2014,3053.0,
5.1,Personbiler,VT5,"Diesel-, gass- og lett fyringsolje, spesialdestillat",K11,Karbondioksid (CO2),Utslipp,"Utslipp til luft (CO2 i 1 000 tonn, CH4 og N2O i tonn, HFK, PFK og SF6 i kg)",2015,2015,3223.0,
5.1,Personbiler,VT5,"Diesel-, gass- og lett fyringsolje, spesialdestillat",K11,Karbondioksid (CO2),Utslipp,"Utslipp til luft (CO2 i 1 000 tonn, CH4 og N2O i tonn, HFK, PFK og SF6 i kg)",2016,2016,3200.0,
5.1,Personbiler,VT5,"Diesel-, gass- og lett fyringsolje, spesialdestillat",K11,Karbondioksid (CO2),Utslipp,"Utslipp til luft (CO2 i 1 000 tonn, CH4 og N2O i tonn, HFK, PFK og SF6 i kg)",2017,2017,2842.0,
5.1,Personbiler,VT5,"Diesel-, gass- og lett fyringsolje, spesialdestillat",K11,Karbondioksid (CO2),Utslipp,"Utslipp til luft (CO2 i 1 000 tonn, CH4 og N2O i tonn, HFK, PFK og SF6 i kg)",2018,2018,2944.0,
5.1,Personbiler,VT5,"Diesel-, gass- og lett fyringsolje, spesialdestillat",K11,Karbondioksid (CO2),Utslipp,"Utslipp til luft (CO2 i 1 000 tonn, CH4 og N2O i tonn, HFK, PFK og SF6 i kg)",2019,2019,2668.0,
5.1,Personbiler,VT5,"Diesel-, gass- og lett fyringsolje, spesialdestillat",K11,Karbondioksid (CO2),Utslipp,"Utslipp til luft (CO2 i 1 000 tonn, CH4 og N2O i tonn, HFK, PFK og SF6 i kg)",2020,2020,2484.0,
5.1,Personbiler,VT5,"Diesel-, gass- og lett fyringsolje, spesialdestillat",K11,Karbondioksid (CO2),Utslipp,"Utslipp til luft (CO2 i 1 000 tonn, CH4 og N2O i tonn, HFK, PFK og SF6 i kg)",2021,2021,2611.0,
5.1,Personbiler,VT5,"Diesel-, gass- og lett fyringsolje, spesialdestillat",K11,Karbondioksid (CO2),Utslipp,"Utslipp til luft (CO2 i 1 000 tonn, CH4 og N2O i tonn, HFK, PFK og SF6 i kg)",2022,2022,2444.0,
5.1,Personbiler,VT5,"Diesel-, gass- og lett fyringsolje, spesialdestillat",K11,Karbondioksid (CO2),Utslipp,"Utslipp til luft (CO2 i 1 000 tonn, CH4 og N2O i tonn, HFK, PFK og SF6 i kg)",2023,2023,2219.0,
5.1,Personbiler,VT5,"Diesel-, gass- og lett fyringsolje, spesialdestillat",K11,Karbondioksid (CO2),Utslipp,"Utslipp til luft (CO2 i 1 000 tonn, CH4 og N2O i tonn, HFK, PFK og SF6 i kg)",2024,2024,1955.0,
5.1,Personbiler,VT5,"Diesel-, gass- og lett fyringsolje, spesialdestillat",K11,Karbondioksid (CO2),Utslipp,"Utslipp til luft (CO2 i 1 000 tonn, CH4 og N2O i tonn, HFK, PFK og SF6 i kg)",2025,2025,,:
5.2,Andre lette kjøretøy,VT0,I alt,K11,Karbondioksid (CO2),Utslipp,"Utslipp til luft (CO2 i 1 000 tonn, CH4 og N2O i tonn, HFK, PFK og SF6 i kg)",1990,1990,730.0,
5.2,Andre lette kjøretøy,VT0,I alt,K11,Karbondioksid (CO2),Utslipp,"Utslipp til luft (CO2 i 1 000 tonn, CH4 og N2O i tonn, HFK, PFK og SF6 i kg)",1991,1991,732.0,
5.2,Andre lette kjøretøy,VT0,I alt,K11,Karbondioksid (CO2),Utslipp,"Utslipp til luft (CO2 i 1 000 tonn, CH4 og N2O i tonn, HFK, PFK og SF6 i kg)",1992,1992,773.0,
5.2,Andre lette kjøretøy,VT0,I alt,K11,Karbondioksid (CO2),Utslipp,"Utslipp til luft (CO2 i 1 000 tonn, CH4 og N2O i tonn, HFK, PFK og SF6 i kg)",1993,1993,820.0,
5.2,Andre lette kjøretøy,VT0,I alt,K11,Karbondioksid (CO2),Utslipp,"Utslipp til luft (CO2 i 1 000 tonn, CH4 og N2O i tonn, HFK, PFK og SF6 i kg)",1994,1994,867.0,
5.2,Andre lette kjøretøy,VT0,I alt,K11,Karbondioksid (CO2),Utslipp,"Utslipp til luft (CO2 i 1 000 tonn, CH4 og N2O i tonn, HFK, PFK og SF6 i kg)",1995,1995,879.0,
5.2,Andre lette kjøretøy,VT0,I alt,K11,Karbondioksid (CO2),Utslipp,"Utslipp til luft (CO2 i 1 000 tonn, CH4 og N2O i tonn, HFK, PFK og SF6 i kg)",1996,1996,890.0,
5.2,Andre lette kjøretøy,VT0,I alt,K11,Karbondioksid (CO2),Utslipp,"Utslipp til luft (CO2 i 1 000 tonn, CH4 og N2O i tonn, HFK, PFK og SF6 i kg)",1997,1997,973.0,
5.2,Andre lette kjøretøy,VT0,I alt,K11,Karbondioksid (CO2),Utslipp,"Utslipp til luft (CO2 i 1 000 tonn, CH4 og N2O i tonn, HFK, PFK og SF6 i kg)",1998,1998,1053.0,
5.2,Andre lette kjøretøy,VT0,I alt,K11,Karbondioksid (CO2),Utslipp,"Utslipp til luft (CO2 i 1 000 tonn, CH4 og N2O i tonn, HFK, PFK og SF6 i kg)",1999,1999,1158.0,
5.2,Andre lette kjøretøy,VT0,I alt,K11,Karbondioksid (CO2),Utslipp,"Utslipp til luft (CO2 i 1 000 tonn, CH4 og N2O i tonn, HFK, PFK og SF6 i kg)",2000,2000,1170.0,
5.2,Andre lette kjøretøy,VT0,I alt,K11,Karbondioksid (CO2),Utslipp,"Utslipp til luft (CO2 i 1 000 tonn, CH4 og N2O i tonn, HFK, PFK og SF6 i kg)",2001,2001,1272.0,
5.2,Andre lette kjøretøy,VT0,I alt,K11,Karbondioksid (CO2),Utslipp,"Utslipp til luft (CO2 i 1 000 tonn, CH4 og N2O i tonn, HFK, PFK og SF6 i kg)",2002,2002,1274.0,
5.2,Andre lette kjøretøy,VT0,I alt,K11,Karbondioksid (CO2),Utslipp,"Utslipp til luft (CO2 i 1 000 tonn, CH4 og N2O i tonn, HFK, PFK og SF6 i kg)",2003,2003,1279.0,
5.2,Andre lette kjøretøy,VT0,I alt,K11,Karbondioksid (CO2),Utslipp,"Utslipp til luft (CO2 i 1 000 tonn, CH4 og N2O i tonn, HFK, PFK og SF6 i kg)",2004,2004,1309.0,
5.2,Andre lette kjøretøy,VT0,I alt,K11,Karbondioksid (CO2),Utslipp,"Utslipp til luft (CO2 i 1 000 tonn, CH4 og N2O i tonn, HFK, PFK og SF6 i kg)",2005,2005,1318.0,
5.2,Andre lette kjøretøy,VT0,I alt,K11,Karbondioksid (CO2),Utslipp,"Utslipp til luft (CO2 i 1 000 tonn, CH4 og N2O i tonn, HFK, PFK og SF6 i kg)",2006,2006,1381.0,
5.2,Andre lette kjøretøy,VT0,I alt,K11,Karbondioksid (CO2),Utslipp,"Utslipp til luft (CO2 i 1 000 tonn, CH4 og N2O i tonn, HFK, PFK og SF6 i kg)",2007,2007,1423.0,
5.2,Andre lette kjøretøy,VT0,I alt,K11,Karbondioksid (CO2),Utslipp,"Utslipp til luft (CO2 i 1 000 tonn, CH4 og N2O i tonn, HFK, PFK og SF6 i kg)",2008,2008,1429.0,
5.2,Andre lette kjøretøy,VT0,I alt,K11,Karbondioksid (CO2),Utslipp,"Utslipp til luft (CO2 i 1 000 tonn, CH4 og N2O i tonn, HFK, PFK og SF6 i kg)",2009,2009,1423.0,
5.2,Andre lette kjøretøy,VT0,I alt,K11,Karbondioksid (CO2),Utslipp,"Utslipp til luft (CO2 i 1 000 tonn, CH4 og N2O i tonn, HFK, PFK og SF6 i kg)",2010,2010,1477.0,
5.2,Andre lette kjøretøy,VT0,I alt,K11,Karbondioksid (CO2),Utslipp,"Utslipp til luft (CO2 i 1 000 tonn, CH4 og N2O i tonn, HFK, PFK og SF6 i kg)",2011,2011,1476.0,
5.2,Andre lette kjøretøy,VT0,I alt,K11,Karbondioksid (CO2),Utslipp,"Utslipp til luft (CO2 i 1 000 tonn, CH4 og N2O i tonn, HFK, PFK og SF6 i kg)",2012,2012,1489.0,
5.2,Andre lette kjøretøy,VT0,I alt,K11,Karbondioksid (CO2),Utslipp,"Utslipp til luft (CO2 i 1 000 tonn, CH4 og N2O i tonn, HFK, PFK og SF6 i kg)",2013,2013,1505.0,
5.2,Andre lette kjøretøy,VT0,I alt,K11,Karbondioksid (CO2),Utslipp,"Utslipp til luft (CO2 i 1 000 tonn, CH4 og N2O i tonn, HFK, PFK og SF6 i kg)",2014,2014,1532.0,
5.2,Andre lette kjøretøy,VT0,I alt,K11,Karbondioksid (CO2),Utslipp,"Utslipp til luft (CO2 i 1 000 tonn, CH4 og N2O i tonn, HFK, PFK og SF6 i kg)",2015,2015,1540.0,
5.2,Andre lette kjøretøy,VT0,I alt,K11,Karbondioksid (CO2),Utslipp,"Utslipp til luft (CO2 i 1 000 tonn, CH4 og N2O i tonn, HFK, PFK og SF6 i kg)",2016,2016,1506.0,
5.2,Andre lette kjøretøy,VT0,I alt,K11,Karbondioksid (CO2),Utslipp,"Utslipp til luft (CO2 i 1 000 tonn, CH4 og N2O i tonn, HFK, PFK og SF6 i kg)",2017,2017,1342.0,
5.2,Andre lette kjøretøy,VT0,I alt,K11,Karbondioksid (CO2),Utslipp,"Utslipp til luft (CO2 i 1 000 tonn, CH4 og N2O i tonn, HFK, PFK og SF6 i kg)",2018,2018,1411.0,
5.2,Andre lette kjøretøy,VT0,I alt,K11,Karbondioksid (CO2),Utslipp,"Utslipp til luft (CO2 i 1 000 tonn, CH4 og N2O i tonn, HFK, PFK og SF6 i kg)",2019,2019,1331.0,
5.2,Andre lette kjøretøy,VT0,I alt,K11,Karbondioksid (CO2),Utslipp,"Utslipp til luft (CO2 i 1 000 tonn, CH4 og N2O i tonn, HFK, PFK og SF6 i kg)",2020,2020,1307.0,
5.2,Andre lette kjøretøy,VT0,I alt,K11,Karbondioksid (CO2),Utslipp,"Utslipp til luft (CO2 i 1 000 tonn, CH4 og N2O i tonn, HFK, PFK og SF6 i kg)",2021,2021,1474.0,
5.2,Andre lette kjøretøy,VT0,I alt,K11,Karbondioksid (CO2),Utslipp,"Utslipp til luft (CO2 i 1 000 tonn, CH4 og N2O i tonn, HFK, PFK og SF6 i kg)",2022,2022,1488.0,
5.2,Andre lette kjøretøy,VT0,I alt,K11,Karbondioksid (CO2),Utslipp,"Utslipp til luft (CO2 i 1 000 tonn, CH4 og N2O i tonn, HFK, PFK og SF6 i kg)",2023,2023,1432.0,
5.2,Andre lette kjøretøy,VT0,I alt,K11,Karbondioksid (CO2),Utslipp,"Utslipp til luft (CO2 i 1 000 tonn, CH4 og N2O i tonn, HFK, PFK og SF6 i kg)",2024,2024,1341.0,
5.2,Andre lette kjøretøy,VT0,I alt,K11,Karbondioksid (CO2),Utslipp,"Utslipp til luft (CO2 i 1 000 tonn, CH4 og N2O i tonn, HFK, PFK og SF6 i kg)",2025,2025,,:
5.2,Andre lette kjøretøy,VT4,"Bensin, parafin",K11,Karbondioksid (CO2),Utslipp,"Utslipp til luft (CO2 i 1 000 tonn, CH4 og N2O i tonn, HFK, PFK og SF6 i kg)",1990,1990,430.0,
5.2,Andre lette kjøretøy,VT4,"Bensin, parafin",K11,Karbondioksid (CO2),Utslipp,"Utslipp til luft (CO2 i 1 000 tonn, CH4 og N2O i tonn, HFK, PFK og SF6 i kg)",1991,1991,424.0,
5.2,Andre lette kjøretøy,VT4,"Bensin, parafin",K11,Karbondioksid (CO2),Utslipp,"Utslipp til luft (CO2 i 1 000 tonn, CH4 og N2O i tonn, HFK, PFK og SF6 i kg)",1992,1992,419.0,
5.2,Andre lette kjøretøy,VT4,"Bensin, parafin",K11,Karbondioksid (CO2),Utslipp,"Utslipp til luft (CO2 i 1 000 tonn, CH4 og N2O i tonn, HFK, PFK og SF6 i kg)",1993,1993,415.0,
5.2,Andre lette kjøretøy,VT4,"Bensin, parafin",K11,Karbondioksid (CO2),Utslipp,"Utslipp til luft (CO2 i 1 000 tonn, CH4 og N2O i tonn, HFK, PFK og SF6 i kg)",1994,1994,406.0,
5.2,Andre lette kjøretøy,VT4,"Bensin, parafin",K11,Karbondioksid (CO2),Utslipp,"Utslipp til luft (CO2 i 1 000 tonn, CH4 og N2O i tonn, HFK, PFK og SF6 i kg)",1995,1995,396.0,
5.2,Andre lette kjøretøy,VT4,"Bensin, parafin",K11,Karbondioksid (CO2),Utslipp,"Utslipp til luft (CO2 i 1 000 tonn, CH4 og N2O i tonn, HFK, PFK og SF6 i kg)",1996,1996,394.0,
5.2,Andre lette kjøretøy,VT4,"Bensin, parafin",K11,Karbondioksid (CO2),Utslipp,"Utslipp til luft (CO2 i 1 000 tonn, CH4 og N2O i tonn, HFK, PFK og SF6 i kg)",1997,1997,378.0,
5.2,Andre lette kjøretøy,VT4,"Bensin, parafin",K11,Karbondioksid (CO2),Utslipp,"Utslipp til luft (CO2 i 1 000 tonn, CH4 og N2O i tonn, HFK, PFK og SF6 i kg)",1998,1998,379.0,
5.2,Andre lette kjøretøy,VT4,"Bensin, parafin",K11,Karbondioksid (CO2),Utslipp,"Utslipp til luft (CO2 i 1 000 tonn, CH4 og N2O i tonn, HFK, PFK og SF6 i kg)",1999,1999,367.0,
5.2,Andre lette kjøretøy,VT4,"Bensin, parafin",K11,Karbondioksid (CO2),Utslipp,"Utslipp til luft (CO2 i 1 000 tonn, CH4 og N2O i tonn, HFK, PFK og SF6 i kg)",2000,2000,344.0,
5.2,Andre lette kjøretøy,VT4,"Bensin, parafin",K11,Karbondioksid (CO2),Utslipp,"Utslipp til luft (CO2 i 1 000 tonn, CH4 og N2O i tonn, HFK, PFK og SF6 i kg)",2001,2001,347.0,
5.2,Andre lette kjøretøy,VT4,"Bensin, parafin",K11,Karbondioksid (CO2),Utslipp,"Utslipp til luft (CO2 i 1 000 tonn, CH4 og N2O i tonn, HFK, PFK og SF6 i kg)",2002,2002,323.0,
5.2,Andre lette kjøretøy,VT4,"Bensin, parafin",K11,Karbondioksid (CO2),Utslipp,"Utslipp til luft (CO2 i 1 000 tonn, CH4 og N2O i tonn, HFK, PFK og SF6 i kg)",2003,2003,304.0,
5.2,Andre lette kjøretøy,VT4,"Bensin, parafin",K11,Karbondioksid (CO2),Utslipp,"Utslipp til luft (CO2 i 1 000 tonn, CH4 og N2O i tonn, HFK, PFK og SF6 i kg)",2004,2004,284.0,
5.2,Andre lette kjøretøy,VT4,"Bensin, parafin",K11,Karbondioksid (CO2),Utslipp,"Utslipp til luft (CO2 i 1 000 tonn, CH4 og N2O i tonn, HFK, PFK og SF6 i kg)",2005,2005,254.0,
5.2,Andre lette kjøretøy,VT4,"Bensin, parafin",K11,Karbondioksid (CO2),Utslipp,"Utslipp til luft (CO2 i 1 000 tonn, CH4 og N2O i tonn, HFK, PFK og SF6 i kg)",2006,2006,225.0,
5.2,Andre lette kjøretøy,VT4,"Bensin, parafin",K11,Karbondioksid (CO2),Utslipp,"Utslipp til luft (CO2 i 1 000 tonn, CH4 og N2O i tonn, HFK, PFK og SF6 i kg)",2007,2007,201.0,
5.2,Andre lette kjøretøy,VT4,"Bensin, parafin",K11,Karbondioksid (CO2),Utslipp,"Utslipp til luft (CO2 i 1 000 tonn, CH4 og N2O i tonn, HFK, PFK og SF6 i kg)",2008,2008,176.0,
5.2,Andre lette kjøretøy,VT4,"Bensin, parafin",K11,Karbondioksid (CO2),Utslipp,"Utslipp til luft (CO2 i 1 000 tonn, CH4 og N2O i tonn, HFK, PFK og SF6 i kg)",2009,2009,153.0,
5.2,Andre lette kjøretøy,VT4,"Bensin, parafin",K11,Karbondioksid (CO2),Utslipp,"Utslipp til luft (CO2 i 1 000 tonn, CH4 og N2O i tonn, HFK, PFK og SF6 i kg)",2010,2010,117.0,
5.2,Andre lette kjøretøy,VT4,"Bensin, parafin",K11,Karbondioksid (CO2),Utslipp,"Utslipp til luft (CO2 i 1 000 tonn, CH4 og N2O i tonn, HFK, PFK og SF6 i kg)",2011,2011,97.0,
5.2,Andre lette kjøretøy,VT4,"Bensin, parafin",K11,Karbondioksid (CO2),Utslipp,"Utslipp til luft (CO2 i 1 000 tonn, CH4 og N2O i tonn, HFK, PFK og SF6 i kg)",2012,2012,84.0,
5.2,Andre lette kjøretøy,VT4,"Bensin, parafin",K11,Karbondioksid (CO2),Utslipp,"Utslipp til luft (CO2 i 1 000 tonn, CH4 og N2O i tonn, HFK, PFK og SF6 i kg)",2013,2013,72.0,
5.2,Andre lette kjøretøy,VT4,"Bensin, parafin",K11,Karbondioksid (CO2),Utslipp,"Utslipp til luft (CO2 i 1 000 tonn, CH4 og N2O i tonn, HFK, PFK og SF6 i kg)",2014,2014,64.0,
5.2,Andre lette kjøretøy,VT4,"Bensin, parafin",K11,Karbondioksid (CO2),Utslipp,"Utslipp til luft (CO2 i 1 000 tonn, CH4 og N2O i tonn, HFK, PFK og SF6 i kg)",2015,2015,55.0,
5.2,Andre lette kjøretøy,VT4,"Bensin, parafin",K11,Karbondioksid (CO2),Utslipp,"Utslipp til luft (CO2 i 1 000 tonn, CH4 og N2O i tonn, HFK, PFK og SF6 i kg)",2016,2016,49.0,
5.2,Andre lette kjøretøy,VT4,"Bensin, parafin",K11,Karbondioksid (CO2),Utslipp,"Utslipp til luft (CO2 i 1 000 tonn, CH4 og N2O i tonn, HFK, PFK og SF6 i kg)",2017,2017,43.0,
5.2,Andre lette kjøretøy,VT4,"Bensin, parafin",K11,Karbondioksid (CO2),Utslipp,"Utslipp til luft (CO2 i 1 000 tonn, CH4 og N2O i tonn, HFK, PFK og SF6 i kg)",2018,2018,40.0,
5.2,Andre lette kjøretøy,VT4,"Bensin, parafin",K11,Karbondioksid (CO2),Utslipp,"Utslipp til luft (CO2 i 1 000 tonn, CH4 og N2O i tonn, HFK, PFK og SF6 i kg)",2019,2019,36.0,
5.2,Andre lette kjøretøy,VT4,"Bensin, parafin",K11,Karbondioksid (CO2),Utslipp,"Utslipp til luft (CO2 i 1 000 tonn, CH4 og N2O i tonn, HFK, PFK og SF6 i kg)",2020,2020,31.0,
5.2,Andre lette kjøretøy,VT4,"Bensin, parafin",K11,Karbondioksid (CO2),Utslipp,"Utslipp til luft (CO2 i 1 000 tonn, CH4 og N2O i tonn, HFK, PFK og SF6 i kg)",2021,2021,29.0,
5.2,Andre lette kjøretøy,VT4,"Bensin, parafin",K11,Karbondioksid (CO2),Utslipp,"Utslipp til luft (CO2 i 1 000 tonn, CH4 og N2O i tonn, HFK, PFK og SF6 i kg)",2022,2022,29.0,
5.2,Andre lette kjøretøy,VT4,"Bensin, parafin",K11,Karbondioksid (CO2),Utslipp,"Utslipp til luft (CO2 i 1 000 tonn, CH4 og N2O i tonn, HFK, PFK og SF6 i kg)",2023,2023,26.0,
5.2,Andre lette kjøretøy,VT4,"Bensin, parafin",K11,Karbondioksid (CO2),Utslipp,"Utslipp til luft (CO2 i 1 000 tonn, CH4 og N2O i tonn, HFK, PFK og SF6 i kg)",2024,2024,31.0,
5.2,Andre lette kjøretøy,VT4,"Bensin, parafin",K11,Karbondioksid (CO2),Utslipp,"Utslipp til luft (CO2 i 1 000 tonn, CH4 og N2O i tonn, HFK, PFK og SF6 i kg)",2025,2025,,:
5.2,Andre lette kjøretøy,VT5,"Diesel-, gass- og lett fyringsolje, spesialdestillat",K11,Karbondioksid (CO2),Utslipp,"Utslipp til luft (CO2 i 1 000 tonn, CH4 og N2O i tonn, HFK, PFK og SF6 i kg)",1990,1990,300.0,
5.2,Andre lette kjøretøy,VT5,"Diesel-, gass- og lett fyringsolje, spesialdestillat",K11,Karbondioksid (CO2),Utslipp,"Utslipp til luft (CO2 i 1 000 tonn, CH4 og N2O i tonn, HFK, PFK og SF6 i kg)",1991,1991,308.0,
5.2,Andre lette kjøretøy,VT5,"Diesel-, gass- og lett fyringsolje, spesialdestillat",K11,Karbondioksid (CO2),Utslipp,"Utslipp til luft (CO2 i 1 000 tonn, CH4 og N2O i tonn, HFK, PFK og SF6 i kg)",1992,1992,354.0,
5.2,Andre lette kjøretøy,VT5,"Diesel-, gass- og lett fyringsolje, spesialdestillat",K11,Karbondioksid (CO2),Utslipp,"Utslipp til luft (CO2 i 1 000 tonn, CH4 og N2O i tonn, HFK, PFK og SF6 i kg)",1993,1993,406.0,
5.2,Andre lette kjøretøy,VT5,"Diesel-, gass- og lett fyringsolje, spesialdestillat",K11,Karbondioksid (CO2),Utslipp,"Utslipp til luft (CO2 i 1 000 tonn, CH4 og N2O i tonn, HFK, PFK og SF6 i kg)",1994,1994,461.0,
5.2,Andre lette kjøretøy,VT5,"Diesel-, gass- og lett fyringsolje, spesialdestillat",K11,Karbondioksid (CO2),Utslipp,"Utslipp til luft (CO2 i 1 000 tonn, CH4 og N2O i tonn, HFK, PFK og SF6 i kg)",1995,1995,483.0,
5.2,Andre lette kjøretøy,VT5,"Diesel-, gass- og lett fyringsolje, spesialdestillat",K11,Karbondioksid (CO2),Utslipp,"Utslipp til luft (CO2 i 1 000 tonn, CH4 og N2O i tonn, HFK, PFK og SF6 i kg)",1996,1996,496.0,
5.2,Andre lette kjøretøy,VT5,"Diesel-, gass- og lett fyringsolje, spesialdestillat",K11,Karbondioksid (CO2),Utslipp,"Utslipp til luft (CO2 i 1 000 tonn, CH4 og N2O i tonn, HFK, PFK og SF6 i kg)",1997,1997,595.0,
5.2,Andre lette kjøretøy,VT5,"Diesel-, gass- og lett fyringsolje, spesialdestillat",K11,Karbondioksid (CO2),Utslipp,"Utslipp til luft (CO2 i 1 000 tonn, CH4 og N2O i tonn, HFK, PFK og SF6 i kg)",1998,1998,674.0,
5.2,Andre lette kjøretøy,VT5,"Diesel-, gass- og lett fyringsolje, spesialdestillat",K11,Karbondioksid (CO2),Utslipp,"Utslipp til luft (CO2 i 1 000 tonn, CH4 og N2O i tonn, HFK, PFK og SF6 i kg)",1999,1999,791.0,
5.2,Andre lette kjøretøy,VT5,"Diesel-, gass- og lett fyringsolje, spesialdestillat",K11,Karbondioksid (CO2),Utslipp,"Utslipp til luft (CO2 i 1 000 tonn, CH4 og N2O i tonn, HFK, PFK og SF6 i kg)",2000,2000,826.0,
5.2,Andre lette kjøretøy,VT5,"Diesel-, gass- og lett fyringsolje, spesialdestillat",K11,Karbondioksid (CO2),Utslipp,"Utslipp til luft (CO2 i 1 000 tonn, CH4 og N2O i tonn, HFK, PFK og SF6 i kg)",2001,2001,925.0,
5.2,Andre lette kjøretøy,VT5,"Diesel-, gass- og lett fyringsolje, spesialdestillat",K11,Karbondioksid (CO2),Utslipp,"Utslipp til luft (CO2 i 1 000 tonn, CH4 og N2O i tonn, HFK, PFK og SF6 i kg)",2002,2002,951.0,
5.2,Andre lette kjøretøy,VT5,"Diesel-, gass- og lett fyringsolje, spesialdestillat",K11,Karbondioksid (CO2),Utslipp,"Utslipp til luft (CO2 i 1 000 tonn, CH4 og N2O i tonn, HFK, PFK og SF6 i kg)",2003,2003,975.0,
5.2,Andre lette kjøretøy,VT5,"Diesel-, gass- og lett fyringsolje, spesialdestillat",K11,Karbondioksid (CO2),Utslipp,"Utslipp til luft (CO2 i 1 000 tonn, CH4 og N2O i tonn, HFK, PFK og SF6 i kg)",2004,2004,1025.0,
5.2,Andre lette kjøretøy,VT5,"Diesel-, gass- og lett fyringsolje, spesialdestillat",K11,Karbondioksid (CO2),Utslipp,"Utslipp til luft (CO2 i 1 000 tonn, CH4 og N2O i tonn, HFK, PFK og SF6 i kg)",2005,2005,1065.0,
5.2,Andre lette kjøretøy,VT5,"Diesel-, gass- og lett fyringsolje, spesialdestillat",K11,Karbondioksid (CO2),Utslipp,"Utslipp til luft (CO2 i 1 000 tonn, CH4 og N2O i tonn, HFK, PFK og SF6 i kg)",2006,2006,1156.0,
5.2,Andre lette kjøretøy,VT5,"Diesel-, gass- og lett fyringsolje, spesialdestillat",K11,Karbondioksid (CO2),Utslipp,"Utslipp til luft (CO2 i 1 000 tonn, CH4 og N2O i tonn, HFK, PFK og SF6 i kg)",2007,2007,1222.0,
5.2,Andre lette kjøretøy,VT5,"Diesel-, gass- og lett fyringsolje, spesialdestillat",K11,Karbondioksid (CO2),Utslipp,"Utslipp til luft (CO2 i 1 000 tonn, CH4 og N2O i tonn, HFK, PFK og SF6 i kg)",2008,2008,1253.0,
5.2,Andre lette kjøretøy,VT5,"Diesel-, gass- og lett fyringsolje, spesialdestillat",K11,Karbondioksid (CO2),Utslipp,"Utslipp til luft (CO2 i 1 000 tonn, CH4 og N2O i tonn, HFK, PFK og SF6 i kg)",2009,2009,1270.0,
5.2,Andre lette kjøretøy,VT5,"Diesel-, gass- og lett fyringsolje, spesialdestillat",K11,Karbondioksid (CO2),Utslipp,"Utslipp til luft (CO2 i 1 000 tonn, CH4 og N2O i tonn, HFK, PFK og SF6 i kg)",2010,2010,1361.0,
5.2,Andre lette kjøretøy,VT5,"Diesel-, gass- og lett fyringsolje, spesialdestillat",K11,Karbondioksid (CO2),Utslipp,"Utslipp til luft (CO2 i 1 000 tonn, CH4 og N2O i tonn, HFK, PFK og SF6 i kg)",2011,2011,1379.0,
5.2,Andre lette kjøretøy,VT5,"Diesel-, gass- og lett fyringsolje, spesialdestillat",K11,Karbondioksid (CO2),Utslipp,"Utslipp til luft (CO2 i 1 000 tonn, CH4 og N2O i tonn, HFK, PFK og SF6 i kg)",2012,2012,1405.0,
5.2,Andre lette kjøretøy,VT5,"Diesel-, gass- og lett fyringsolje, spesialdestillat",K11,Karbondioksid (CO2),Utslipp,"Utslipp til luft (CO2 i 1 000 tonn, CH4 og N2O i tonn, HFK, PFK og SF6 i kg)",2013,2013,1433.0,
5.2,Andre lette kjøretøy,VT5,"Diesel-, gass- og lett fyringsolje, spesialdestillat",K11,Karbondioksid (CO2),Utslipp,"Utslipp til luft (CO2 i 1 000 tonn, CH4 og N2O i tonn, HFK, PFK og SF6 i kg)",2014,2014,1468.0,
5.2,Andre lette kjøretøy,VT5,"Diesel-, gass- og lett fyringsolje, spesialdestillat",K11,Karbondioksid (CO2),Utslipp,"Utslipp til luft (CO2 i 1 000 tonn, CH4 og N2O i tonn, HFK, PFK og SF6 i kg)",2015,2015,1485.0,
5.2,Andre lette kjøretøy,VT5,"Diesel-, gass- og lett fyringsolje, spesialdestillat",K11,Karbondioksid (CO2),Utslipp,"Utslipp til luft (CO2 i 1 000 tonn, CH4 og N2O i tonn, HFK, PFK og SF6 i kg)",2016,2016,1458.0,
5.2,Andre lette kjøretøy,VT5,"Diesel-, gass- og lett fyringsolje, spesialdestillat",K11,Karbondioksid (CO2),Utslipp,"Utslipp til luft (CO2 i 1 000 tonn, CH4 og N2O i tonn, HFK, PFK og SF6 i kg)",2017,2017,1299.0,
5.2,Andre lette kjøretøy,VT5,"Diesel-, gass- og lett fyringsolje, spesialdestillat",K11,Karbondioksid (CO2),Utslipp,"Utslipp til luft (CO2 i 1 000 tonn, CH4 og N2O i tonn, HFK, PFK og SF6 i kg)",2018,2018,1371.0,
5.2,Andre lette kjøretøy,VT5,"Diesel-, gass- og lett fyringsolje, spesialdestillat",K11,Karbondioksid (CO2),Utslipp,"Utslipp til luft (CO2 i 1 000 tonn, CH4 og N2O i tonn, HFK, PFK og SF6 i kg)",2019,2019,1295.0,
5.2,Andre lette kjøretøy,VT5,"Diesel-, gass- og lett fyringsolje, spesialdestillat",K11,Karbondioksid (CO2),Utslipp,"Utslipp til luft (CO2 i 1 000 tonn, CH4 og N2O i tonn, HFK, PFK og SF6 i kg)",2020,2020,1276.0,
5.2,Andre lette kjøretøy,VT5,"Diesel-, gass- og lett fyringsolje, spesialdestillat",K11,Karbondioksid (CO2),Utslipp,"Utslipp til luft (CO2 i 1 000 tonn, CH4 og N2O i tonn, HFK, PFK og SF6 i kg)",2021,2021,1444.0,
5.2,Andre lette kjøretøy,VT5,"Diesel-, gass- og lett fyringsolje, spesialdestillat",K11,Karbondioksid (CO2),Utslipp,"Utslipp til luft (CO2 i 1 000 tonn, CH4 og N2O i tonn, HFK, PFK og SF6 i kg)",2022,2022,1459.0,
5.2,Andre lette kjøretøy,VT5,"Diesel-, gass- og lett fyringsolje, spesialdestillat",K11,Karbondioksid (CO2),Utslipp,"Utslipp til luft (CO2 i 1 000 tonn, CH4 og N2O i tonn, HFK, PFK og SF6 i kg)",2023,2023,1406.0,
5.2,Andre lette kjøretøy,VT5,"Diesel-, gass- og lett fyringsolje, spesialdestillat",K11,Karbondioksid (CO2),Utslipp,"Utslipp til luft (CO2 i 1 000 tonn, CH4 og N2O i tonn, HFK, PFK og SF6 i kg)",2024,2024,1310.0,
5.2,Andre lette kjøretøy,VT5,"Diesel-, gass- og lett fyringsolje, spesialdestillat",K11,Karbondioksid (CO2),Utslipp,"Utslipp til luft (CO2 i 1 000 tonn, CH4 og N2O i tonn, HFK, PFK og SF6 i kg)",2025,2025,,:
5.3,Tunge kjøretøy,VT0,I alt,K11,Karbondioksid (CO2),Utslipp,"Utslipp til luft (CO2 i 1 000 tonn, CH4 og N2O i tonn, HFK, PFK og SF6 i kg)",1990,1990,1565.0,
5.3,Tunge kjøretøy,VT0,I alt,K11,Karbondioksid (CO2),Utslipp,"Utslipp til luft (CO2 i 1 000 tonn, CH4 og N2O i tonn, HFK, PFK og SF6 i kg)",1991,1991,1582.0,
5.3,Tunge kjøretøy,VT0,I alt,K11,Karbondioksid (CO2),Utslipp,"Utslipp til luft (CO2 i 1 000 tonn, CH4 og N2O i tonn, HFK, PFK og SF6 i kg)",1992,1992,1677.0,
5.3,Tunge kjøretøy,VT0,I alt,K11,Karbondioksid (CO2),Utslipp,"Utslipp til luft (CO2 i 1 000 tonn, CH4 og N2O i tonn, HFK, PFK og SF6 i kg)",1993,1993,1811.0,
5.3,Tunge kjøretøy,VT0,I alt,K11,Karbondioksid (CO2),Utslipp,"Utslipp til luft (CO2 i 1 000 tonn, CH4 og N2O i tonn, HFK, PFK og SF6 i kg)",1994,1994,1685.0,
5.3,Tunge kjøretøy,VT0,I alt,K11,Karbondioksid (CO2),Utslipp,"Utslipp til luft (CO2 i 1 000 tonn, CH4 og N2O i tonn, HFK, PFK og SF6 i kg)",1995,1995,1863.0,
5.3,Tunge kjøretøy,VT0,I alt,K11,Karbondioksid (CO2),Utslipp,"Utslipp til luft (CO2 i 1 000 tonn, CH4 og N2O i tonn, HFK, PFK og SF6 i kg)",1996,1996,1996.0,
5.3,Tunge kjøretøy,VT0,I alt,K11,Karbondioksid (CO2),Utslipp,"Utslipp til luft (CO2 i 1 000 tonn, CH4 og N2O i tonn, HFK, PFK og SF6 i kg)",1997,1997,1968.0,
5.3,Tunge kjøretøy,VT0,I alt,K11,Karbondioksid (CO2),Utslipp,"Utslipp til luft (CO2 i 1 000 tonn, CH4 og N2O i tonn, HFK, PFK og SF6 i kg)",1998,1998,2041.0,
5.3,Tunge kjøretøy,VT0,I alt,K11,Karbondioksid (CO2),Utslipp,"Utslipp til luft (CO2 i 1 000 tonn, CH4 og N2O i tonn, HFK, PFK og SF6 i kg)",1999,1999,2318.0,
5.3,Tunge kjøretøy,VT0,I alt,K11,Karbondioksid (CO2),Utslipp,"Utslipp til luft (CO2 i 1 000 tonn, CH4 og N2O i tonn, HFK, PFK og SF6 i kg)",2000,2000,2240.0,
5.3,Tunge kjøretøy,VT0,I alt,K11,Karbondioksid (CO2),Utslipp,"Utslipp til luft (CO2 i 1 000 tonn, CH4 og N2O i tonn, HFK, PFK og SF6 i kg)",2001,2001,2389.0,
5.3,Tunge kjøretøy,VT0,I alt,K11,Karbondioksid (CO2),Utslipp,"Utslipp til luft (CO2 i 1 000 tonn, CH4 og N2O i tonn, HFK, PFK og SF6 i kg)",2002,2002,2394.0,
5.3,Tunge kjøretøy,VT0,I alt,K11,Karbondioksid (CO2),Utslipp,"Utslipp til luft (CO2 i 1 000 tonn, CH4 og N2O i tonn, HFK, PFK og SF6 i kg)",2003,2003,2484.0,
5.3,Tunge kjøretøy,VT0,I alt,K11,Karbondioksid (CO2),Utslipp,"Utslipp til luft (CO2 i 1 000 tonn, CH4 og N2O i tonn, HFK, PFK og SF6 i kg)",2004,2004,2623.0,
5.3,Tunge kjøretøy,VT0,I alt,K11,Karbondioksid (CO2),Utslipp,"Utslipp til luft (CO2 i 1 000 tonn, CH4 og N2O i tonn, HFK, PFK og SF6 i kg)",2005,2005,2764.0,
5.3,Tunge kjøretøy,VT0,I alt,K11,Karbondioksid (CO2),Utslipp,"Utslipp til luft (CO2 i 1 000 tonn, CH4 og N2O i tonn, HFK, PFK og SF6 i kg)",2006,2006,2889.0,
5.3,Tunge kjøretøy,VT0,I alt,K11,Karbondioksid (CO2),Utslipp,"Utslipp til luft (CO2 i 1 000 tonn, CH4 og N2O i tonn, HFK, PFK og SF6 i kg)",2007,2007,2943.0,
5.3,Tunge kjøretøy,VT0,I alt,K11,Karbondioksid (CO2),Utslipp,"Utslipp til luft (CO2 i 1 000 tonn, CH4 og N2O i tonn, HFK, PFK og SF6 i kg)",2008,2008,2874.0,
5.3,Tunge kjøretøy,VT0,I alt,K11,Karbondioksid (CO2),Utslipp,"Utslipp til luft (CO2 i 1 000 tonn, CH4 og N2O i tonn, HFK, PFK og SF6 i kg)",2009,2009,2749.0,
5.3,Tunge kjøretøy,VT0,I alt,K11,Karbondioksid (CO2),Utslipp,"Utslipp til luft (CO2 i 1 000 tonn, CH4 og N2O i tonn, HFK, PFK og SF6 i kg)",2010,2010,2812.0,
5.3,Tunge kjøretøy,VT0,I alt,K11,Karbondioksid (CO2),Utslipp,"Utslipp til luft (CO2 i 1 000 tonn, CH4 og N2O i tonn, HFK, PFK og SF6 i kg)",2011,2011,2867.0,
5.3,Tunge kjøretøy,VT0,I alt,K11,Karbondioksid (CO2),Utslipp,"Utslipp til luft (CO2 i 1 000 tonn, CH4 og N2O i tonn, HFK, PFK og SF6 i kg)",2012,2012,2875.0,
5.3,Tunge kjøretøy,VT0,I alt,K11,Karbondioksid (CO2),Utslipp,"Utslipp til luft (CO2 i 1 000 tonn, CH4 og N2O i tonn, HFK, PFK og SF6 i kg)",2013,2013,2904.0,
5.3,Tunge kjøretøy,VT0,I alt,K11,Karbondioksid (CO2),Utslipp,"Utslipp til luft (CO2 i 1 000 tonn, CH4 og N2O i tonn, HFK, PFK og SF6 i kg)",2014,2014,3018.0,
5.3,Tunge kjøretøy,VT0,I alt,K11,Karbondioksid (CO2),Utslipp,"Utslipp til luft (CO2 i 1 000 tonn, CH4 og N2O i tonn, HFK, PFK og SF6 i kg)",2015,2015,3024.0,
5.3,Tunge kjøretøy,VT0,I alt,K11,Karbondioksid (CO2),Utslipp,"Utslipp til luft (CO2 i 1 000 tonn, CH4 og N2O i tonn, HFK, PFK og SF6 i kg)",2016,2016,2939.0,
5.3,Tunge kjøretøy,VT0,I alt,K11,Karbondioksid (CO2),Utslipp,"Utslipp til luft (CO2 i 1 000 tonn, CH4 og N2O i tonn, HFK, PFK og SF6 i kg)",2017,2017,2656.0,
5.3,Tunge kjøretøy,VT0,I alt,K11,Karbondioksid (CO2),Utslipp,"Utslipp til luft (CO2 i 1 000 tonn, CH4 og N2O i tonn, HFK, PFK og SF6 i kg)",2018,2018,2813.0,
5.3,Tunge kjøretøy,VT0,I alt,K11,Karbondioksid (CO2),Utslipp,"Utslipp til luft (CO2 i 1 000 tonn, CH4 og N2O i tonn, HFK, PFK og SF6 i kg)",2019,2019,2713.0,
5.3,Tunge kjøretøy,VT0,I alt,K11,Karbondioksid (CO2),Utslipp,"Utslipp til luft (CO2 i 1 000 tonn, CH4 og N2O i tonn, HFK, PFK og SF6 i kg)",2020,2020,2661.0,
5.3,Tunge kjøretøy,VT0,I alt,K11,Karbondioksid (CO2),Utslipp,"Utslipp til luft (CO2 i 1 000 tonn, CH4 og N2O i tonn, HFK, PFK og SF6 i kg)",2021,2021,2864.0,
5.3,Tunge kjøretøy,VT0,I alt,K11,Karbondioksid (CO2),Utslipp,"Utslipp til luft (CO2 i 1 000 tonn, CH4 og N2O i tonn, HFK, PFK og SF6 i kg)",2022,2022,3011.0,
5.3,Tunge kjøretøy,VT0,I alt,K11,Karbondioksid (CO2),Utslipp,"Utslipp til luft (CO2 i 1 000 tonn, CH4 og N2O i tonn, HFK, PFK og SF6 i kg)",2023,2023,2893.0,
5.3,Tunge kjøretøy,VT0,I alt,K11,Karbondioksid (CO2),Utslipp,"Utslipp til luft (CO2 i 1 000 tonn, CH4 og N2O i tonn, HFK, PFK og SF6 i kg)",2024,2024,2691.0,
5.3,Tunge kjøretøy,VT0,I alt,K11,Karbondioksid (CO2),Utslipp,"Utslipp til luft (CO2 i 1 000 tonn, CH4 og N2O i tonn, HFK, PFK og SF6 i kg)",2025,2025,,:
5.3,Tunge kjøretøy,VT4,"Bensin, parafin",K11,Karbondioksid (CO2),Utslipp,"Utslipp til luft (CO2 i 1 000 tonn, CH4 og N2O i tonn, HFK, PFK og SF6 i kg)",1990,1990,45.0,
5.3,Tunge kjøretøy,VT4,"Bensin, parafin",K11,Karbondioksid (CO2),Utslipp,"Utslipp til luft (CO2 i 1 000 tonn, CH4 og N2O i tonn, HFK, PFK og SF6 i kg)",1991,1991,40.0,
5.3,Tunge kjøretøy,VT4,"Bensin, parafin",K11,Karbondioksid (CO2),Utslipp,"Utslipp til luft (CO2 i 1 000 tonn, CH4 og N2O i tonn, HFK, PFK og SF6 i kg)",1992,1992,39.0,
5.3,Tunge kjøretøy,VT4,"Bensin, parafin",K11,Karbondioksid (CO2),Utslipp,"Utslipp til luft (CO2 i 1 000 tonn, CH4 og N2O i tonn, HFK, PFK og SF6 i kg)",1993,1993,44.0,
5.3,Tunge kjøretøy,VT4,"Bensin, parafin",K11,Karbondioksid (CO2),Utslipp,"Utslipp til luft (CO2 i 1 000 tonn, CH4 og N2O i tonn, HFK, PFK og SF6 i kg)",1994,1994,39.0,
5.3,Tunge kjøretøy,VT4,"Bensin, parafin",K11,Karbondioksid (CO2),Utslipp,"Utslipp til luft (CO2 i 1 000 tonn, CH4 og N2O i tonn, HFK, PFK og SF6 i kg)",1995,1995,46.0,
5.3,Tunge kjøretøy,VT4,"Bensin, parafin",K11,Karbondioksid (CO2),Utslipp,"Utslipp til luft (CO2 i 1 000 tonn, CH4 og N2O i tonn, HFK, PFK og SF6 i kg)",1996,1996,48.0,
5.3,Tunge kjøretøy,VT4,"Bensin, parafin",K11,Karbondioksid (CO2),Utslipp,"Utslipp til luft (CO2 i 1 000 tonn, CH4 og N2O i tonn, HFK, PFK og SF6 i kg)",1997,1997,50.0,
5.3,Tunge kjøretøy,VT4,"Bensin, parafin",K11,Karbondioksid (CO2),Utslipp,"Utslipp til luft (CO2 i 1 000 tonn, CH4 og N2O i tonn, HFK, PFK og SF6 i kg)",1998,1998,45.0,
5.3,Tunge kjøretøy,VT4,"Bensin, parafin",K11,Karbondioksid (CO2),Utslipp,"Utslipp til luft (CO2 i 1 000 tonn, CH4 og N2O i tonn, HFK, PFK og SF6 i kg)",1999,1999,39.0,
5.3,Tunge kjøretøy,VT4,"Bensin, parafin",K11,Karbondioksid (CO2),Utslipp,"Utslipp til luft (CO2 i 1 000 tonn, CH4 og N2O i tonn, HFK, PFK og SF6 i kg)",2000,2000,42.0,
5.3,Tunge kjøretøy,VT4,"Bensin, parafin",K11,Karbondioksid (CO2),Utslipp,"Utslipp til luft (CO2 i 1 000 tonn, CH4 og N2O i tonn, HFK, PFK og SF6 i kg)",2001,2001,53.0,
5.3,Tunge kjøretøy,VT4,"Bensin, parafin",K11,Karbondioksid (CO2),Utslipp,"Utslipp til luft (CO2 i 1 000 tonn, CH4 og N2O i tonn, HFK, PFK og SF6 i kg)",2002,2002,61.0,
5.3,Tunge kjøretøy,VT4,"Bensin, parafin",K11,Karbondioksid (CO2),Utslipp,"Utslipp til luft (CO2 i 1 000 tonn, CH4 og N2O i tonn, HFK, PFK og SF6 i kg)",2003,2003,72.0,
5.3,Tunge kjøretøy,VT4,"Bensin, parafin",K11,Karbondioksid (CO2),Utslipp,"Utslipp til luft (CO2 i 1 000 tonn, CH4 og N2O i tonn, HFK, PFK og SF6 i kg)",2004,2004,83.0,
5.3,Tunge kjøretøy,VT4,"Bensin, parafin",K11,Karbondioksid (CO2),Utslipp,"Utslipp til luft (CO2 i 1 000 tonn, CH4 og N2O i tonn, HFK, PFK og SF6 i kg)",2005,2005,97.0,
5.3,Tunge kjøretøy,VT4,"Bensin, parafin",K11,Karbondioksid (CO2),Utslipp,"Utslipp til luft (CO2 i 1 000 tonn, CH4 og N2O i tonn, HFK, PFK og SF6 i kg)",2006,2006,94.0,
5.3,Tunge kjøretøy,VT4,"Bensin, parafin",K11,Karbondioksid (CO2),Utslipp,"Utslipp til luft (CO2 i 1 000 tonn, CH4 og N2O i tonn, HFK, PFK og SF6 i kg)",2007,2007,85.0,
5.3,Tunge kjøretøy,VT4,"Bensin, parafin",K11,Karbondioksid (CO2),Utslipp,"Utslipp til luft (CO2 i 1 000 tonn, CH4 og N2O i tonn, HFK, PFK og SF6 i kg)",2008,2008,76.0,
5.3,Tunge kjøretøy,VT4,"Bensin, parafin",K11,Karbondioksid (CO2),Utslipp,"Utslipp til luft (CO2 i 1 000 tonn, CH4 og N2O i tonn, HFK, PFK og SF6 i kg)",2009,2009,69.0,
5.3,Tunge kjøretøy,VT4,"Bensin, parafin",K11,Karbondioksid (CO2),Utslipp,"Utslipp til luft (CO2 i 1 000 tonn, CH4 og N2O i tonn, HFK, PFK og SF6 i kg)",2010,2010,65.0,
5.3,Tunge kjøretøy,VT4,"Bensin, parafin",K11,Karbondioksid (CO2),Utslipp,"Utslipp til luft (CO2 i 1 000 tonn, CH4 og N2O i tonn, HFK, PFK og SF6 i kg)",2011,2011,55.0,
5.3,Tunge kjøretøy,VT4,"Bensin, parafin",K11,Karbondioksid (CO2),Utslipp,"Utslipp til luft (CO2 i 1 000 tonn, CH4 og N2O i tonn, HFK, PFK og SF6 i kg)",2012,2012,45.0,
5.3,Tunge kjøretøy,VT4,"Bensin, parafin",K11,Karbondioksid (CO2),Utslipp,"Utslipp til luft (CO2 i 1 000 tonn, CH4 og N2O i tonn, HFK, PFK og SF6 i kg)",2013,2013,39.0,
5.3,Tunge kjøretøy,VT4,"Bensin, parafin",K11,Karbondioksid (CO2),Utslipp,"Utslipp til luft (CO2 i 1 000 tonn, CH4 og N2O i tonn, HFK, PFK og SF6 i kg)",2014,2014,31.0,
5.3,Tunge kjøretøy,VT4,"Bensin, parafin",K11,Karbondioksid (CO2),Utslipp,"Utslipp til luft (CO2 i 1 000 tonn, CH4 og N2O i tonn, HFK, PFK og SF6 i kg)",2015,2015,26.0,
5.3,Tunge kjøretøy,VT4,"Bensin, parafin",K11,Karbondioksid (CO2),Utslipp,"Utslipp til luft (CO2 i 1 000 tonn, CH4 og N2O i tonn, HFK, PFK og SF6 i kg)",2016,2016,16.0,
5.3,Tunge kjøretøy,VT4,"Bensin, parafin",K11,Karbondioksid (CO2),Utslipp,"Utslipp til luft (CO2 i 1 000 tonn, CH4 og N2O i tonn, HFK, PFK og SF6 i kg)",2017,2017,12.0,
5.3,Tunge kjøretøy,VT4,"Bensin, parafin",K11,Karbondioksid (CO2),Utslipp,"Utslipp til luft (CO2 i 1 000 tonn, CH4 og N2O i tonn, HFK, PFK og SF6 i kg)",2018,2018,9.0,
5.3,Tunge kjøretøy,VT4,"Bensin, parafin",K11,Karbondioksid (CO2),Utslipp,"Utslipp til luft (CO2 i 1 000 tonn, CH4 og N2O i tonn, HFK, PFK og SF6 i kg)",2019,2019,7.0,
5.3,Tunge kjøretøy,VT4,"Bensin, parafin",K11,Karbondioksid (CO2),Utslipp,"Utslipp til luft (CO2 i 1 000 tonn, CH4 og N2O i tonn, HFK, PFK og SF6 i kg)",2020,2020,6.0,
5.3,Tunge kjøretøy,VT4,"Bensin, parafin",K11,Karbondioksid (CO2),Utslipp,"Utslipp til luft (CO2 i 1 000 tonn, CH4 og N2O i tonn, HFK, PFK og SF6 i kg)",2021,2021,5.0,
5.3,Tunge kjøretøy,VT4,"Bensin, parafin",K11,Karbondioksid (CO2),Utslipp,"Utslipp til luft (CO2 i 1 000 tonn, CH4 og N2O i tonn, HFK, PFK og SF6 i kg)",2022,2022,4.0,
5.3,Tunge kjøretøy,VT4,"Bensin, parafin",K11,Karbondioksid (CO2),Utslipp,"Utslipp til luft (CO2 i 1 000 tonn, CH4 og N2O i tonn, HFK, PFK og SF6 i kg)",2023,2023,3.0,
5.3,Tunge kjøretøy,VT4,"Bensin, parafin",K11,Karbondioksid (CO2),Utslipp,"Utslipp til luft (CO2 i 1 000 tonn, CH4 og N2O i tonn, HFK, PFK og SF6 i kg)",2024,2024,3.0,
5.3,Tunge kjøretøy,VT4,"Bensin, parafin",K11,Karbondioksid (CO2),Utslipp,"Utslipp til luft (CO2 i 1 000 tonn, CH4 og N2O i tonn, HFK, PFK og SF6 i kg)",2025,2025,,:
5.3,Tunge kjøretøy,VT5,"Diesel-, gass- og lett fyringsolje, spesialdestillat",K11,Karbondioksid (CO2),Utslipp,"Utslipp til luft (CO2 i 1 000 tonn, CH4 og N2O i tonn, HFK, PFK og SF6 i kg)",1990,1990,1520.0,
5.3,Tunge kjøretøy,VT5,"Diesel-, gass- og lett fyringsolje, spesialdestillat",K11,Karbondioksid (CO2),Utslipp,"Utslipp til luft (CO2 i 1 000 tonn, CH4 og N2O i tonn, HFK, PFK og SF6 i kg)",1991,1991,1542.0,
5.3,Tunge kjøretøy,VT5,"Diesel-, gass- og lett fyringsolje, spesialdestillat",K11,Karbondioksid (CO2),Utslipp,"Utslipp til luft (CO2 i 1 000 tonn, CH4 og N2O i tonn, HFK, PFK og SF6 i kg)",1992,1992,1638.0,
5.3,Tunge kjøretøy,VT5,"Diesel-, gass- og lett fyringsolje, spesialdestillat",K11,Karbondioksid (CO2),Utslipp,"Utslipp til luft (CO2 i 1 000 tonn, CH4 og N2O i tonn, HFK, PFK og SF6 i kg)",1993,1993,1767.0,
5.3,Tunge kjøretøy,VT5,"Diesel-, gass- og lett fyringsolje, spesialdestillat",K11,Karbondioksid (CO2),Utslipp,"Utslipp til luft (CO2 i 1 000 tonn, CH4 og N2O i tonn, HFK, PFK og SF6 i kg)",1994,1994,1646.0,
5.3,Tunge kjøretøy,VT5,"Diesel-, gass- og lett fyringsolje, spesialdestillat",K11,Karbondioksid (CO2),Utslipp,"Utslipp til luft (CO2 i 1 000 tonn, CH4 og N2O i tonn, HFK, PFK og SF6 i kg)",1995,1995,1818.0,
5.3,Tunge kjøretøy,VT5,"Diesel-, gass- og lett fyringsolje, spesialdestillat",K11,Karbondioksid (CO2),Utslipp,"Utslipp til luft (CO2 i 1 000 tonn, CH4 og N2O i tonn, HFK, PFK og SF6 i kg)",1996,1996,1948.0,
5.3,Tunge kjøretøy,VT5,"Diesel-, gass- og lett fyringsolje, spesialdestillat",K11,Karbondioksid (CO2),Utslipp,"Utslipp til luft (CO2 i 1 000 tonn, CH4 og N2O i tonn, HFK, PFK og SF6 i kg)",1997,1997,1917.0,
5.3,Tunge kjøretøy,VT5,"Diesel-, gass- og lett fyringsolje, spesialdestillat",K11,Karbondioksid (CO2),Utslipp,"Utslipp til luft (CO2 i 1 000 tonn, CH4 og N2O i tonn, HFK, PFK og SF6 i kg)",1998,1998,1995.0,
5.3,Tunge kjøretøy,VT5,"Diesel-, gass- og lett fyringsolje, spesialdestillat",K11,Karbondioksid (CO2),Utslipp,"Utslipp til luft (CO2 i 1 000 tonn, CH4 og N2O i tonn, HFK, PFK og SF6 i kg)",1999,1999,2279.0,
5.3,Tunge kjøretøy,VT5,"Diesel-, gass- og lett fyringsolje, spesialdestillat",K11,Karbondioksid (CO2),Utslipp,"Utslipp til luft (CO2 i 1 000 tonn, CH4 og N2O i tonn, HFK, PFK og SF6 i kg)",2000,2000,2197.0,
5.3,Tunge kjøretøy,VT5,"Diesel-, gass- og lett fyringsolje, spesialdestillat",K11,Karbondioksid (CO2),Utslipp,"Utslipp til luft (CO2 i 1 000 tonn, CH4 og N2O i tonn, HFK, PFK og SF6 i kg)",2001,2001,2333.0,
5.3,Tunge kjøretøy,VT5,"Diesel-, gass- og lett fyringsolje, spesialdestillat",K11,Karbondioksid (CO2),Utslipp,"Utslipp til luft (CO2 i 1 000 tonn, CH4 og N2O i tonn, HFK, PFK og SF6 i kg)",2002,2002,2329.0,
5.3,Tunge kjøretøy,VT5,"Diesel-, gass- og lett fyringsolje, spesialdestillat",K11,Karbondioksid (CO2),Utslipp,"Utslipp til luft (CO2 i 1 000 tonn, CH4 og N2O i tonn, HFK, PFK og SF6 i kg)",2003,2003,2406.0,
5.3,Tunge kjøretøy,VT5,"Diesel-, gass- og lett fyringsolje, spesialdestillat",K11,Karbondioksid (CO2),Utslipp,"Utslipp til luft (CO2 i 1 000 tonn, CH4 og N2O i tonn, HFK, PFK og SF6 i kg)",2004,2004,2534.0,
5.3,Tunge kjøretøy,VT5,"Diesel-, gass- og lett fyringsolje, spesialdestillat",K11,Karbondioksid (CO2),Utslipp,"Utslipp til luft (CO2 i 1 000 tonn, CH4 og N2O i tonn, HFK, PFK og SF6 i kg)",2005,2005,2663.0,
5.3,Tunge kjøretøy,VT5,"Diesel-, gass- og lett fyringsolje, spesialdestillat",K11,Karbondioksid (CO2),Utslipp,"Utslipp til luft (CO2 i 1 000 tonn, CH4 og N2O i tonn, HFK, PFK og SF6 i kg)",2006,2006,2789.0,
5.3,Tunge kjøretøy,VT5,"Diesel-, gass- og lett fyringsolje, spesialdestillat",K11,Karbondioksid (CO2),Utslipp,"Utslipp til luft (CO2 i 1 000 tonn, CH4 og N2O i tonn, HFK, PFK og SF6 i kg)",2007,2007,2853.0,
5.3,Tunge kjøretøy,VT5,"Diesel-, gass- og lett fyringsolje, spesialdestillat",K11,Karbondioksid (CO2),Utslipp,"Utslipp til luft (CO2 i 1 000 tonn, CH4 og N2O i tonn, HFK, PFK og SF6 i kg)",2008,2008,2786.0,
5.3,Tunge kjøretøy,VT5,"Diesel-, gass- og lett fyringsolje, spesialdestillat",K11,Karbondioksid (CO2),Utslipp,"Utslipp til luft (CO2 i 1 000 tonn, CH4 og N2O i tonn, HFK, PFK og SF6 i kg)",2009,2009,2667.0,
5.3,Tunge kjøretøy,VT5,"Diesel-, gass- og lett fyringsolje, spesialdestillat",K11,Karbondioksid (CO2),Utslipp,"Utslipp til luft (CO2 i 1 000 tonn, CH4 og N2O i tonn, HFK, PFK og SF6 i kg)",2010,2010,2729.0,
5.3,Tunge kjøretøy,VT5,"Diesel-, gass- og lett fyringsolje, spesialdestillat",K11,Karbondioksid (CO2),Utslipp,"Utslipp til luft (CO2 i 1 000 tonn, CH4 og N2O i tonn, HFK, PFK og SF6 i kg)",2011,2011,2791.0,
5.3,Tunge kjøretøy,VT5,"Diesel-, gass- og lett fyringsolje, spesialdestillat",K11,Karbondioksid (CO2),Utslipp,"Utslipp til luft (CO2 i 1 000 tonn, CH4 og N2O i tonn, HFK, PFK og SF6 i kg)",2012,2012,2792.0,
5.3,Tunge kjøretøy,VT5,"Diesel-, gass- og lett fyringsolje, spesialdestillat",K11,Karbondioksid (CO2),Utslipp,"Utslipp til luft (CO2 i 1 000 tonn, CH4 og N2O i tonn, HFK, PFK og SF6 i kg)",2013,2013,2822.0,
5.3,Tunge kjøretøy,VT5,"Diesel-, gass- og lett fyringsolje, spesialdestillat",K11,Karbondioksid (CO2),Utslipp,"Utslipp til luft (CO2 i 1 000 tonn, CH4 og N2O i tonn, HFK, PFK og SF6 i kg)",2014,2014,2939.0,
5.3,Tunge kjøretøy,VT5,"Diesel-, gass- og lett fyringsolje, spesialdestillat",K11,Karbondioksid (CO2),Utslipp,"Utslipp til luft (CO2 i 1 000 tonn, CH4 og N2O i tonn, HFK, PFK og SF6 i kg)",2015,2015,2960.0,
5.3,Tunge kjøretøy,VT5,"Diesel-, gass- og lett fyringsolje, spesialdestillat",K11,Karbondioksid (CO2),Utslipp,"Utslipp til luft (CO2 i 1 000 tonn, CH4 og N2O i tonn, HFK, PFK og SF6 i kg)",2016,2016,2883.0,
5.3,Tunge kjøretøy,VT5,"Diesel-, gass- og lett fyringsolje, spesialdestillat",K11,Karbondioksid (CO2),Utslipp,"Utslipp til luft (CO2 i 1 000 tonn, CH4 og N2O i tonn, HFK, PFK og SF6 i kg)",2017,2017,2597.0,
5.3,Tunge kjøretøy,VT5,"Diesel-, gass- og lett fyringsolje, spesialdestillat",K11,Karbondioksid (CO2),Utslipp,"Utslipp til luft (CO2 i 1 000 tonn, CH4 og N2O i tonn, HFK, PFK og SF6 i kg)",2018,2018,2769.0,
5.3,Tunge kjøretøy,VT5,"Diesel-, gass- og lett fyringsolje, spesialdestillat",K11,Karbondioksid (CO2),Utslipp,"Utslipp til luft (CO2 i 1 000 tonn, CH4 og N2O i tonn, HFK, PFK og SF6 i kg)",2019,2019,2667.0,
5.3,Tunge kjøretøy,VT5,"Diesel-, gass- og lett fyringsolje, spesialdestillat",K11,Karbondioksid (CO2),Utslipp,"Utslipp til luft (CO2 i 1 000 tonn, CH4 og N2O i tonn, HFK, PFK og SF6 i kg)",2020,2020,2625.0,
5.3,Tunge kjøretøy,VT5,"Diesel-, gass- og lett fyringsolje, spesialdestillat",K11,Karbondioksid (CO2),Utslipp,"Utslipp til luft (CO2 i 1 000 tonn, CH4 og N2O i tonn, HFK, PFK og SF6 i kg)",2021,2021,2832.0,
5.3,Tunge kjøretøy,VT5,"Diesel-, gass- og lett fyringsolje, spesialdestillat",K11,Karbondioksid (CO2),Utslipp,"Utslipp til luft (CO2 i 1 000 tonn, CH4 og N2O i tonn, HFK, PFK og SF6 i kg)",2022,2022,2979.0,
5.3,Tunge kjøretøy,VT5,"Diesel-, gass- og lett fyringsolje, spesialdestillat",K11,Karbondioksid (CO2),Utslipp,"Utslipp til luft (CO2 i 1 000 tonn, CH4 og N2O i tonn, HFK, PFK og SF6 i kg)",2023,2023,2859.0,
5.3,Tunge kjøretøy,VT5,"Diesel-, gass- og lett fyringsolje, spesialdestillat",K11,Karbondioksid (CO2),Utslipp,"Utslipp til luft (CO2 i 1 000 tonn, CH4 og N2O i tonn, HFK, PFK og SF6 i kg)",2024,2024,2660.0,
5.3,Tunge kjøretøy,VT5,"Diesel-, gass- og lett fyringsolje, spesialdestillat",K11,Karbondioksid (CO2),Utslipp,"Utslipp til luft (CO2 i 1 000 tonn, CH4 og N2O i tonn, HFK, PFK og SF6 i kg)",2025,2025,,:
5.4,Motorsykler og mopeder,VT0,I alt,K11,Karbondioksid (CO2),Utslipp,"Utslipp til luft (CO2 i 1 000 tonn, CH4 og N2O i tonn, HFK, PFK og SF6 i kg)",1990,1990,61.0,
5.4,Motorsykler og mopeder,VT0,I alt,K11,Karbondioksid (CO2),Utslipp,"Utslipp til luft (CO2 i 1 000 tonn, CH4 og N2O i tonn, HFK, PFK og SF6 i kg)",1991,1991,61.0,
5.4,Motorsykler og mopeder,VT0,I alt,K11,Karbondioksid (CO2),Utslipp,"Utslipp til luft (CO2 i 1 000 tonn, CH4 og N2O i tonn, HFK, PFK og SF6 i kg)",1992,1992,61.0,
5.4,Motorsykler og mopeder,VT0,I alt,K11,Karbondioksid (CO2),Utslipp,"Utslipp til luft (CO2 i 1 000 tonn, CH4 og N2O i tonn, HFK, PFK og SF6 i kg)",1993,1993,61.0,
5.4,Motorsykler og mopeder,VT0,I alt,K11,Karbondioksid (CO2),Utslipp,"Utslipp til luft (CO2 i 1 000 tonn, CH4 og N2O i tonn, HFK, PFK og SF6 i kg)",1994,1994,61.0,
5.4,Motorsykler og mopeder,VT0,I alt,K11,Karbondioksid (CO2),Utslipp,"Utslipp til luft (CO2 i 1 000 tonn, CH4 og N2O i tonn, HFK, PFK og SF6 i kg)",1995,1995,63.0,
5.4,Motorsykler og mopeder,VT0,I alt,K11,Karbondioksid (CO2),Utslipp,"Utslipp til luft (CO2 i 1 000 tonn, CH4 og N2O i tonn, HFK, PFK og SF6 i kg)",1996,1996,71.0,
5.4,Motorsykler og mopeder,VT0,I alt,K11,Karbondioksid (CO2),Utslipp,"Utslipp til luft (CO2 i 1 000 tonn, CH4 og N2O i tonn, HFK, PFK og SF6 i kg)",1997,1997,77.0,
5.4,Motorsykler og mopeder,VT0,I alt,K11,Karbondioksid (CO2),Utslipp,"Utslipp til luft (CO2 i 1 000 tonn, CH4 og N2O i tonn, HFK, PFK og SF6 i kg)",1998,1998,86.0,
5.4,Motorsykler og mopeder,VT0,I alt,K11,Karbondioksid (CO2),Utslipp,"Utslipp til luft (CO2 i 1 000 tonn, CH4 og N2O i tonn, HFK, PFK og SF6 i kg)",1999,1999,92.0,
5.4,Motorsykler og mopeder,VT0,I alt,K11,Karbondioksid (CO2),Utslipp,"Utslipp til luft (CO2 i 1 000 tonn, CH4 og N2O i tonn, HFK, PFK og SF6 i kg)",2000,2000,93.0,
5.4,Motorsykler og mopeder,VT0,I alt,K11,Karbondioksid (CO2),Utslipp,"Utslipp til luft (CO2 i 1 000 tonn, CH4 og N2O i tonn, HFK, PFK og SF6 i kg)",2001,2001,100.0,
5.4,Motorsykler og mopeder,VT0,I alt,K11,Karbondioksid (CO2),Utslipp,"Utslipp til luft (CO2 i 1 000 tonn, CH4 og N2O i tonn, HFK, PFK og SF6 i kg)",2002,2002,103.0,
5.4,Motorsykler og mopeder,VT0,I alt,K11,Karbondioksid (CO2),Utslipp,"Utslipp til luft (CO2 i 1 000 tonn, CH4 og N2O i tonn, HFK, PFK og SF6 i kg)",2003,2003,107.0,
5.4,Motorsykler og mopeder,VT0,I alt,K11,Karbondioksid (CO2),Utslipp,"Utslipp til luft (CO2 i 1 000 tonn, CH4 og N2O i tonn, HFK, PFK og SF6 i kg)",2004,2004,110.0,
5.4,Motorsykler og mopeder,VT0,I alt,K11,Karbondioksid (CO2),Utslipp,"Utslipp til luft (CO2 i 1 000 tonn, CH4 og N2O i tonn, HFK, PFK og SF6 i kg)",2005,2005,106.0,
5.4,Motorsykler og mopeder,VT0,I alt,K11,Karbondioksid (CO2),Utslipp,"Utslipp til luft (CO2 i 1 000 tonn, CH4 og N2O i tonn, HFK, PFK og SF6 i kg)",2006,2006,107.0,
5.4,Motorsykler og mopeder,VT0,I alt,K11,Karbondioksid (CO2),Utslipp,"Utslipp til luft (CO2 i 1 000 tonn, CH4 og N2O i tonn, HFK, PFK og SF6 i kg)",2007,2007,108.0,
5.4,Motorsykler og mopeder,VT0,I alt,K11,Karbondioksid (CO2),Utslipp,"Utslipp til luft (CO2 i 1 000 tonn, CH4 og N2O i tonn, HFK, PFK og SF6 i kg)",2008,2008,111.0,
5.4,Motorsykler og mopeder,VT0,I alt,K11,Karbondioksid (CO2),Utslipp,"Utslipp til luft (CO2 i 1 000 tonn, CH4 og N2O i tonn, HFK, PFK og SF6 i kg)",2009,2009,116.0,
5.4,Motorsykler og mopeder,VT0,I alt,K11,Karbondioksid (CO2),Utslipp,"Utslipp til luft (CO2 i 1 000 tonn, CH4 og N2O i tonn, HFK, PFK og SF6 i kg)",2010,2010,122.0,
5.4,Motorsykler og mopeder,VT0,I alt,K11,Karbondioksid (CO2),Utslipp,"Utslipp til luft (CO2 i 1 000 tonn, CH4 og N2O i tonn, HFK, PFK og SF6 i kg)",2011,2011,123.0,
5.4,Motorsykler og mopeder,VT0,I alt,K11,Karbondioksid (CO2),Utslipp,"Utslipp til luft (CO2 i 1 000 tonn, CH4 og N2O i tonn, HFK, PFK og SF6 i kg)",2012,2012,127.0,
5.4,Motorsykler og mopeder,VT0,I alt,K11,Karbondioksid (CO2),Utslipp,"Utslipp til luft (CO2 i 1 000 tonn, CH4 og N2O i tonn, HFK, PFK og SF6 i kg)",2013,2013,131.0,
5.4,Motorsykler og mopeder,VT0,I alt,K11,Karbondioksid (CO2),Utslipp,"Utslipp til luft (CO2 i 1 000 tonn, CH4 og N2O i tonn, HFK, PFK og SF6 i kg)",2014,2014,138.0,
5.4,Motorsykler og mopeder,VT0,I alt,K11,Karbondioksid (CO2),Utslipp,"Utslipp til luft (CO2 i 1 000 tonn, CH4 og N2O i tonn, HFK, PFK og SF6 i kg)",2015,2015,143.0,
5.4,Motorsykler og mopeder,VT0,I alt,K11,Karbondioksid (CO2),Utslipp,"Utslipp til luft (CO2 i 1 000 tonn, CH4 og N2O i tonn, HFK, PFK og SF6 i kg)",2016,2016,145.0,
5.4,Motorsykler og mopeder,VT0,I alt,K11,Karbondioksid (CO2),Utslipp,"Utslipp til luft (CO2 i 1 000 tonn, CH4 og N2O i tonn, HFK, PFK og SF6 i kg)",2017,2017,146.0,
5.4,Motorsykler og mopeder,VT0,I alt,K11,Karbondioksid (CO2),Utslipp,"Utslipp til luft (CO2 i 1 000 tonn, CH4 og N2O i tonn, HFK, PFK og SF6 i kg)",2018,2018,143.0,
5.4,Motorsykler og mopeder,VT0,I alt,K11,Karbondioksid (CO2),Utslipp,"Utslipp til luft (CO2 i 1 000 tonn, CH4 og N2O i tonn, HFK, PFK og SF6 i kg)",2019,2019,137.0,
5.4,Motorsykler og mopeder,VT0,I alt,K11,Karbondioksid (CO2),Utslipp,"Utslipp til luft (CO2 i 1 000 tonn, CH4 og N2O i tonn, HFK, PFK og SF6 i kg)",2020,2020,144.0,
5.4,Motorsykler og mopeder,VT0,I alt,K11,Karbondioksid (CO2),Utslipp,"Utslipp til luft (CO2 i 1 000 tonn, CH4 og N2O i tonn, HFK, PFK og SF6 i kg)",2021,2021,136.0,
5.4,Motorsykler og mopeder,VT0,I alt,K11,Karbondioksid (CO2),Utslipp,"Utslipp til luft (CO2 i 1 000 tonn, CH4 og N2O i tonn, HFK, PFK og SF6 i kg)",2022,2022,129.0,
5.4,Motorsykler og mopeder,VT0,I alt,K11,Karbondioksid (CO2),Utslipp,"Utslipp til luft (CO2 i 1 000 tonn, CH4 og N2O i tonn, HFK, PFK og SF6 i kg)",2023,2023,109.0,
5.4,Motorsykler og mopeder,VT0,I alt,K11,Karbondioksid (CO2),Utslipp,"Utslipp til luft (CO2 i 1 000 tonn, CH4 og N2O i tonn, HFK, PFK og SF6 i kg)",2024,2024,116.0,
5.4,Motorsykler og mopeder,VT0,I alt,K11,Karbondioksid (CO2),Utslipp,"Utslipp til luft (CO2 i 1 000 tonn, CH4 og N2O i tonn, HFK, PFK og SF6 i kg)",2025,2025,,:
5.4,Motorsykler og mopeder,VT4,"Bensin, parafin",K11,Karbondioksid (CO2),Utslipp,"Utslipp til luft (CO2 i 1 000 tonn, CH4 og N2O i tonn, HFK, PFK og SF6 i kg)",1990,1990,61.0,
5.4,Motorsykler og mopeder,VT4,"Bensin, parafin",K11,Karbondioksid (CO2),Utslipp,"Utslipp til luft (CO2 i 1 000 tonn, CH4 og N2O i tonn, HFK, PFK og SF6 i kg)",1991,1991,61.0,
5.4,Motorsykler og mopeder,VT4,"Bensin, parafin",K11,Karbondioksid (CO2),Utslipp,"Utslipp til luft (CO2 i 1 000 tonn, CH4 og N2O i tonn, HFK, PFK og SF6 i kg)",1992,1992,61.0,
5.4,Motorsykler og mopeder,VT4,"Bensin, parafin",K11,Karbondioksid (CO2),Utslipp,"Utslipp til luft (CO2 i 1 000 tonn, CH4 og N2O i tonn, HFK, PFK og SF6 i kg)",1993,1993,61.0,
5.4,Motorsykler og mopeder,VT4,"Bensin, parafin",K11,Karbondioksid (CO2),Utslipp,"Utslipp til luft (CO2 i 1 000 tonn, CH4 og N2O i tonn, HFK, PFK og SF6 i kg)",1994,1994,61.0,
5.4,Motorsykler og mopeder,VT4,"Bensin, parafin",K11,Karbondioksid (CO2),Utslipp,"Utslipp til luft (CO2 i 1 000 tonn, CH4 og N2O i tonn, HFK, PFK og SF6 i kg)",1995,1995,63.0,
5.4,Motorsykler og mopeder,VT4,"Bensin, parafin",K11,Karbondioksid (CO2),Utslipp,"Utslipp til luft (CO2 i 1 000 tonn, CH4 og N2O i tonn, HFK, PFK og SF6 i kg)",1996,1996,71.0,
5.4,Motorsykler og mopeder,VT4,"Bensin, parafin",K11,Karbondioksid (CO2),Utslipp,"Utslipp til luft (CO2 i 1 000 tonn, CH4 og N2O i tonn, HFK, PFK og SF6 i kg)",1997,1997,77.0,
5.4,Motorsykler og mopeder,VT4,"Bensin, parafin",K11,Karbondioksid (CO2),Utslipp,"Utslipp til luft (CO2 i 1 000 tonn, CH4 og N2O i tonn, HFK, PFK og SF6 i kg)",1998,1998,86.0,
5.4,Motorsykler og mopeder,VT4,"Bensin, parafin",K11,Karbondioksid (CO2),Utslipp,"Utslipp til luft (CO2 i 1 000 tonn, CH4 og N2O i tonn, HFK, PFK og SF6 i kg)",1999,1999,92.0,
5.4,Motorsykler og mopeder,VT4,"Bensin, parafin",K11,Karbondioksid (CO2),Utslipp,"Utslipp til luft (CO2 i 1 000 tonn, CH4 og N2O i tonn, HFK, PFK og SF6 i kg)",2000,2000,93.0,
5.4,Motorsykler og mopeder,VT4,"Bensin, parafin",K11,Karbondioksid (CO2),Utslipp,"Utslipp til luft (CO2 i 1 000 tonn, CH4 og N2O i tonn, HFK, PFK og SF6 i kg)",2001,2001,100.0,
5.4,Motorsykler og mopeder,VT4,"Bensin, parafin",K11,Karbondioksid (CO2),Utslipp,"Utslipp til luft (CO2 i 1 000 tonn, CH4 og N2O i tonn, HFK, PFK og SF6 i kg)",2002,2002,103.0,
5.4,Motorsykler og mopeder,VT4,"Bensin, parafin",K11,Karbondioksid (CO2),Utslipp,"Utslipp til luft (CO2 i 1 000 tonn, CH4 og N2O i tonn, HFK, PFK og SF6 i kg)",2003,2003,107.0,
5.4,Motorsykler og mopeder,VT4,"Bensin, parafin",K11,Karbondioksid (CO2),Utslipp,"Utslipp til luft (CO2 i 1 000 tonn, CH4 og N2O i tonn, HFK, PFK og SF6 i kg)",2004,2004,110.0,
5.4,Motorsykler og mopeder,VT4,"Bensin, parafin",K11,Karbondioksid (CO2),Utslipp,"Utslipp til luft (CO2 i 1 000 tonn, CH4 og N2O i tonn, HFK, PFK og SF6 i kg)",2005,2005,106.0,
5.4,Motorsykler og mopeder,VT4,"Bensin, parafin",K11,Karbondioksid (CO2),Utslipp,"Utslipp til luft (CO2 i 1 000 tonn, CH4 og N2O i tonn, HFK, PFK og SF6 i kg)",2006,2006,107.0,
5.4,Motorsykler og mopeder,VT4,"Bensin, parafin",K11,Karbondioksid (CO2),Utslipp,"Utslipp til luft (CO2 i 1 000 tonn, CH4 og N2O i tonn, HFK, PFK og SF6 i kg)",2007,2007,108.0,
5.4,Motorsykler og mopeder,VT4,"Bensin, parafin",K11,Karbondioksid (CO2),Utslipp,"Utslipp til luft (CO2 i 1 000 tonn, CH4 og N2O i tonn, HFK, PFK og SF6 i kg)",2008,2008,111.0,
5.4,Motorsykler og mopeder,VT4,"Bensin, parafin",K11,Karbondioksid (CO2),Utslipp,"Utslipp til luft (CO2 i 1 000 tonn, CH4 og N2O i tonn, HFK, PFK og SF6 i kg)",2009,2009,116.0,
5.4,Motorsykler og mopeder,VT4,"Bensin, parafin",K11,Karbondioksid (CO2),Utslipp,"Utslipp til luft (CO2 i 1 000 tonn, CH4 og N2O i tonn, HFK, PFK og SF6 i kg)",2010,2010,122.0,
5.4,Motorsykler og mopeder,VT4,"Bensin, parafin",K11,Karbondioksid (CO2),Utslipp,"Utslipp til luft (CO2 i 1 000 tonn, CH4 og N2O i tonn, HFK, PFK og SF6 i kg)",2011,2011,123.0,
5.4,Motorsykler og mopeder,VT4,"Bensin, parafin",K11,Karbondioksid (CO2),Utslipp,"Utslipp til luft (CO2 i 1 000 tonn, CH4 og N2O i tonn, HFK, PFK og SF6 i kg)",2012,2012,127.0,
5.4,Motorsykler og mopeder,VT4,"Bensin, parafin",K11,Karbondioksid (CO2),Utslipp,"Utslipp til luft (CO2 i 1 000 tonn, CH4 og N2O i tonn, HFK, PFK og SF6 i kg)",2013,2013,131.0,
5.4,Motorsykler og mopeder,VT4,"Bensin, parafin",K11,Karbondioksid (CO2),Utslipp,"Utslipp til luft (CO2 i 1 000 tonn, CH4 og N2O i tonn, HFK, PFK og SF6 i kg)",2014,2014,138.0,
5.4,Motorsykler og mopeder,VT4,"Bensin, parafin",K11,Karbondioksid (CO2),Utslipp,"Utslipp til luft (CO2 i 1 000 tonn, CH4 og N2O i tonn, HFK, PFK og SF6 i kg)",2015,2015,143.0,
5.4,Motorsykler og mopeder,VT4,"Bensin, parafin",K11,Karbondioksid (CO2),Utslipp,"Utslipp til luft (CO2 i 1 000 tonn, CH4 og N2O i tonn, HFK, PFK og SF6 i kg)",2016,2016,145.0,
5.4,Motorsykler og mopeder,VT4,"Bensin, parafin",K11,Karbondioksid (CO2),Utslipp,"Utslipp til luft (CO2 i 1 000 tonn, CH4 og N2O i tonn, HFK, PFK og SF6 i kg)",2017,2017,146.0,
5.4,Motorsykler og mopeder,VT4,"Bensin, parafin",K11,Karbondioksid (CO2),Utslipp,"Utslipp til luft (CO2 i 1 000 tonn, CH4 og N2O i tonn, HFK, PFK og SF6 i kg)",2018,2018,143.0,
5.4,Motorsykler og mopeder,VT4,"Bensin, parafin",K11,Karbondioksid (CO2),Utslipp,"Utslipp til luft (CO2 i 1 000 tonn, CH4 og N2O i tonn, HFK, PFK og SF6 i kg)",2019,2019,137.0,
5.4,Motorsykler og mopeder,VT4,"Bensin, parafin",K11,Karbondioksid (CO2),Utslipp,"Utslipp til luft (CO2 i 1 000 tonn, CH4 og N2O i tonn, HFK, PFK og SF6 i kg)",2020,2020,144.0,
5.4,Motorsykler og mopeder,VT4,"Bensin, parafin",K11,Karbondioksid (CO2),Utslipp,"Utslipp til luft (CO2 i 1 000 tonn, CH4 og N2O i tonn, HFK, PFK og SF6 i kg)",2021,2021,136.0,
5.4,Motorsykler og mopeder,VT4,"Bensin, parafin",K11,Karbondioksid (CO2),Utslipp,"Utslipp til luft (CO2 i 1 000 tonn, CH4 og N2O i tonn, HFK, PFK og SF6 i kg)",2022,2022,129.0,
5.4,Motorsykler og mopeder,VT4,"Bensin, parafin",K11,Karbondioksid (CO2),Utslipp,"Utslipp til luft (CO2 i 1 000 tonn, CH4 og N2O i tonn, HFK, PFK og SF6 i kg)",2023,2023,109.0,
5.4,Motorsykler og mopeder,VT4,"Bensin, parafin",K11,Karbondioksid (CO2),Utslipp,"Utslipp til luft (CO2 i 1 000 tonn, CH4 og N2O i tonn, HFK, PFK og SF6 i kg)",2024,2024,116.0,
5.4,Motorsykler og mopeder,VT4,"Bensin, parafin",K11,Karbondioksid (CO2),Utslipp,"Utslipp til luft (CO2 i 1 000 tonn, CH4 og N2O i tonn, HFK, PFK og SF6 i kg)",2025,2025,,:
5.4,Motorsykler og mopeder,VT5,"Diesel-, gass- og lett fyringsolje, spesialdestillat",K11,Karbondioksid (CO2),Utslipp,"Utslipp til luft (CO2 i 1 000 tonn, CH4 og N2O i tonn, HFK, PFK og SF6 i kg)",1990,1990,,.
5.4,Motorsykler og mopeder,VT5,"Diesel-, gass- og lett fyringsolje, spesialdestillat",K11,Karbondioksid (CO2),Utslipp,"Utslipp til luft (CO2 i 1 000 tonn, CH4 og N2O i tonn, HFK, PFK og SF6 i kg)",1991,1991,,.
5.4,Motorsykler og mopeder,VT5,"Diesel-, gass- og lett fyringsolje, spesialdestillat",K11,Karbondioksid (CO2),Utslipp,"Utslipp til luft (CO2 i 1 000 tonn, CH4 og N2O i tonn, HFK, PFK og SF6 i kg)",1992,1992,,.
5.4,Motorsykler og mopeder,VT5,"Diesel-, gass- og lett fyringsolje, spesialdestillat",K11,Karbondioksid (CO2),Utslipp,"Utslipp til luft (CO2 i 1 000 tonn, CH4 og N2O i tonn, HFK, PFK og SF6 i kg)",1993,1993,,.
5.4,Motorsykler og mopeder,VT5,"Diesel-, gass- og lett fyringsolje, spesialdestillat",K11,Karbondioksid (CO2),Utslipp,"Utslipp til luft (CO2 i 1 000 tonn, CH4 og N2O i tonn, HFK, PFK og SF6 i kg)",1994,1994,,.
5.4,Motorsykler og mopeder,VT5,"Diesel-, gass- og lett fyringsolje, spesialdestillat",K11,Karbondioksid (CO2),Utslipp,"Utslipp til luft (CO2 i 1 000 tonn, CH4 og N2O i tonn, HFK, PFK og SF6 i kg)",1995,1995,,.
5.4,Motorsykler og mopeder,VT5,"Diesel-, gass- og lett fyringsolje, spesialdestillat",K11,Karbondioksid (CO2),Utslipp,"Utslipp til luft (CO2 i 1 000 tonn, CH4 og N2O i tonn, HFK, PFK og SF6 i kg)",1996,1996,,.
5.4,Motorsykler og mopeder,VT5,"Diesel-, gass- og lett fyringsolje, spesialdestillat",K11,Karbondioksid (CO2),Utslipp,"Utslipp til luft (CO2 i 1 000 tonn, CH4 og N2O i tonn, HFK, PFK og SF6 i kg)",1997,1997,,.
5.4,Motorsykler og mopeder,VT5,"Diesel-, gass- og lett fyringsolje, spesialdestillat",K11,Karbondioksid (CO2),Utslipp,"Utslipp til luft (CO2 i 1 000 tonn, CH4 og N2O i tonn, HFK, PFK og SF6 i kg)",1998,1998,,.
5.4,Motorsykler og mopeder,VT5,"Diesel-, gass- og lett fyringsolje, spesialdestillat",K11,Karbondioksid (CO2),Utslipp,"Utslipp til luft (CO2 i 1 000 tonn, CH4 og N2O i tonn, HFK, PFK og SF6 i kg)",1999,1999,,.
5.4,Motorsykler og mopeder,VT5,"Diesel-, gass- og lett fyringsolje, spesialdestillat",K11,Karbondioksid (CO2),Utslipp,"Utslipp til luft (CO2 i 1 000 tonn, CH4 og N2O i tonn, HFK, PFK og SF6 i kg)",2000,2000,,.
5.4,Motorsykler og mopeder,VT5,"Diesel-, gass- og lett fyringsolje, spesialdestillat",K11,Karbondioksid (CO2),Utslipp,"Utslipp til luft (CO2 i 1 000 tonn, CH4 og N2O i tonn, HFK, PFK og SF6 i kg)",2001,2001,,.
5.4,Motorsykler og mopeder,VT5,"Diesel-, gass- og lett fyringsolje, spesialdestillat",K11,Karbondioksid (CO2),Utslipp,"Utslipp til luft (CO2 i 1 000 tonn, CH4 og N2O i tonn, HFK, PFK og SF6 i kg)",2002,2002,,.
5.4,Motorsykler og mopeder,VT5,"Diesel-, gass- og lett fyringsolje, spesialdestillat",K11,Karbondioksid (CO2),Utslipp,"Utslipp til luft (CO2 i 1 000 tonn, CH4 og N2O i tonn, HFK, PFK og SF6 i kg)",2003,2003,,.
5.4,Motorsykler og mopeder,VT5,"Diesel-, gass- og lett fyringsolje, spesialdestillat",K11,Karbondioksid (CO2),Utslipp,"Utslipp til luft (CO2 i 1 000 tonn, CH4 og N2O i tonn, HFK, PFK og SF6 i kg)",2004,2004,,.
5.4,Motorsykler og mopeder,VT5,"Diesel-, gass- og lett fyringsolje, spesialdestillat",K11,Karbondioksid (CO2),Utslipp,"Utslipp til luft (CO2 i 1 000 tonn, CH4 og N2O i tonn, HFK, PFK og SF6 i kg)",2005,2005,,.
5.4,Motorsykler og mopeder,VT5,"Diesel-, gass- og lett fyringsolje, spesialdestillat",K11,Karbondioksid (CO2),Utslipp,"Utslipp til luft (CO2 i 1 000 tonn, CH4 og N2O i tonn, HFK, PFK og SF6 i kg)",2006,2006,,.
5.4,Motorsykler og mopeder,VT5,"Diesel-, gass- og lett fyringsolje, spesialdestillat",K11,Karbondioksid (CO2),Utslipp,"Utslipp til luft (CO2 i 1 000 tonn, CH4 og N2O i tonn, HFK, PFK og SF6 i kg)",2007,2007,,.
5.4,Motorsykler og mopeder,VT5,"Diesel-, gass- og lett fyringsolje, spesialdestillat",K11,Karbondioksid (CO2),Utslipp,"Utslipp til luft (CO2 i 1 000 tonn, CH4 og N2O i tonn, HFK, PFK og SF6 i kg)",2008,2008,,.
5.4,Motorsykler og mopeder,VT5,"Diesel-, gass- og lett fyringsolje, spesialdestillat",K11,Karbondioksid (CO2),Utslipp,"Utslipp til luft (CO2 i 1 000 tonn, CH4 og N2O i tonn, HFK, PFK og SF6 i kg)",2009,2009,,.
5.4,Motorsykler og mopeder,VT5,"Diesel-, gass- og lett fyringsolje, spesialdestillat",K11,Karbondioksid (CO2),Utslipp,"Utslipp til luft (CO2 i 1 000 tonn, CH4 og N2O i tonn, HFK, PFK og SF6 i kg)",2010,2010,,.
5.4,Motorsykler og mopeder,VT5,"Diesel-, gass- og lett fyringsolje, spesialdestillat",K11,Karbondioksid (CO2),Utslipp,"Utslipp til luft (CO2 i 1 000 tonn, CH4 og N2O i tonn, HFK, PFK og SF6 i kg)",2011,2011,,.
5.4,Motorsykler og mopeder,VT5,"Diesel-, gass- og lett fyringsolje, spesialdestillat",K11,Karbondioksid (CO2),Utslipp,"Utslipp til luft (CO2 i 1 000 tonn, CH4 og N2O i tonn, HFK, PFK og SF6 i kg)",2012,2012,,.
5.4,Motorsykler og mopeder,VT5,"Diesel-, gass- og lett fyringsolje, spesialdestillat",K11,Karbondioksid (CO2),Utslipp,"Utslipp til luft (CO2 i 1 000 tonn, CH4 og N2O i tonn, HFK, PFK og SF6 i kg)",2013,2013,,.
5.4,Motorsykler og mopeder,VT5,"Diesel-, gass- og lett fyringsolje, spesialdestillat",K11,Karbondioksid (CO2),Utslipp,"Utslipp til luft (CO2 i 1 000 tonn, CH4 og N2O i tonn, HFK, PFK og SF6 i kg)",2014,2014,,.
5.4,Motorsykler og mopeder,VT5,"Diesel-, gass- og lett fyringsolje, spesialdestillat",K11,Karbondioksid (CO2),Utslipp,"Utslipp til luft (CO2 i 1 000 tonn, CH4 og N2O i tonn, HFK, PFK og SF6 i kg)",2015,2015,,.
5.4,Motorsykler og mopeder,VT5,"Diesel-, gass- og lett fyringsolje, spesialdestillat",K11,Karbondioksid (CO2),Utslipp,"Utslipp til luft (CO2 i 1 000 tonn, CH4 og N2O i tonn, HFK, PFK og SF6 i kg)",2016,2016,,.
5.4,Motorsykler og mopeder,VT5,"Diesel-, gass- og lett fyringsolje, spesialdestillat",K11,Karbondioksid (CO2),Utslipp,"Utslipp til luft (CO2 i 1 000 tonn, CH4 og N2O i tonn, HFK, PFK og SF6 i kg)",2017,2017,,.
5.4,Motorsykler og mopeder,VT5,"Diesel-, gass- og lett fyringsolje, spesialdestillat",K11,Karbondioksid (CO2),Utslipp,"Utslipp til luft (CO2 i 1 000 tonn, CH4 og N2O i tonn, HFK, PFK og SF6 i kg)",2018,2018,,.
5.4,Motorsykler og mopeder,VT5,"Diesel-, gass- og lett fyringsolje, spesialdestillat",K11,Karbondioksid (CO2),Utslipp,"Utslipp til luft (CO2 i 1 000 tonn, CH4 og N2O i tonn, HFK, PFK og SF6 i kg)",2019,2019,,.
5.4,Motorsykler og mopeder,VT5,"Diesel-, gass- og lett fyringsolje, spesialdestillat",K11,Karbondioksid (CO2),Utslipp,"Utslipp til luft (CO2 i 1 000 tonn, CH4 og N2O i tonn, HFK, PFK og SF6 i kg)",2020,2020,,.
5.4,Motorsykler og mopeder,VT5,"Diesel-, gass- og lett fyringsolje, spesialdestillat",K11,Karbondioksid (CO2),Utslipp,"Utslipp til luft (CO2 i 1 000 tonn, CH4 og N2O i tonn, HFK, PFK og SF6 i kg)",2021,2021,,.
5.4,Motorsykler og mopeder,VT5,"Diesel-, gass- og lett fyringsolje, spesialdestillat",K11,Karbondioksid (CO2),Utslipp,"Utslipp til luft (CO2 i 1 000 tonn, CH4 og N2O i tonn, HFK, PFK og SF6 i kg)",2022,2022,,.
5.4,Motorsykler og mopeder,VT5,"Diesel-, gass- og lett fyringsolje, spesialdestillat",K11,Karbondioksid (CO2),Utslipp,"Utslipp til luft (CO2 i 1 000 tonn, CH4 og N2O i tonn, HFK, PFK og SF6 i kg)",2023,2023,,.
5.4,Motorsykler og mopeder,VT5,"Diesel-, gass- og lett fyringsolje, spesialdestillat",K11,Karbondioksid (CO2),Utslipp,"Utslipp til luft (CO2 i 1 000 tonn, CH4 og N2O i tonn, HFK, PFK og SF6 i kg)",2024,2024,,.
5.4,Motorsykler og mopeder,VT5,"Diesel-, gass- og lett fyringsolje, spesialdestillat",K11,Karbondioksid (CO2),Utslipp,"Utslipp til luft (CO2 i 1 000 tonn, CH4 og N2O i tonn, HFK, PFK og SF6 i kg)",2025,2025,,.
