Region,Region_label,TypeRegistrering,TypeRegistrering_label,DrivstoffType,DrivstoffType_label,ContentsCode,ContentsCode_label,Tid,Tid_label,value,status
0,Hele landet,N,Nye kjøretøy,1,Bensin,Personbil1,Personbiler,2019,2019,21203,
0,Hele landet,N,Nye kjøretøy,1,Bensin,Personbil1,Personbiler,2020,2020,8377,
0,Hele landet,N,Nye kjøretøy,1,Bensin,Personbil1,Personbiler,2021,2021,3724,
0,Hele landet,N,Nye kjøretøy,1,Bensin,Personbil1,Personbiler,2022,2022,2257,
0,Hele landet,N,Nye kjøretøy,1,Bensin,Personbil1,Personbiler,2023,2023,806,
0,Hele landet,N,Nye kjøretøy,1,Bensin,Personbil1,Personbiler,2024,2024,325,
0,Hele landet,N,Nye kjøretøy,1,Bensin,Personbil1,Personbiler,2025,2025,187,
0,Hele landet,N,Nye kjøretøy,1,Bensin,Varebil4,Varebiler,2019,2019,507,
0,Hele landet,N,Nye kjøretøy,1,Bensin,Varebil4,Varebiler,2020,2020,245,
0,Hele landet,N,Nye kjøretøy,1,Bensin,Varebil4,Varebiler,2021,2021,160,
0,Hele landet,N,Nye kjøretøy,1,Bensin,Varebil4,Varebiler,2022,2022,232,
0,Hele landet,N,Nye kjøretøy,1,Bensin,Varebil4,Varebiler,2023,2023,450,
0,Hele landet,N,Nye kjøretøy,1,Bensin,Varebil4,Varebiler,2024,2024,247,
0,Hele landet,N,Nye kjøretøy,1,Bensin,Varebil4,Varebiler,2025,2025,212,
0,Hele landet,N,Nye kjøretøy,1,Bensin,Bobiler,Bobiler,2019,2019,2,
0,Hele landet,N,Nye kjøretøy,1,Bensin,Bobiler,Bobiler,2020,2020,4,
0,Hele landet,N,Nye kjøretøy,1,Bensin,Bobiler,Bobiler,2021,2021,3,
0,Hele landet,N,Nye kjøretøy,1,Bensin,Bobiler,Bobiler,2022,2022,6,
0,Hele landet,N,Nye kjøretøy,1,Bensin,Bobiler,Bobiler,2023,2023,1,
0,Hele landet,N,Nye kjøretøy,1,Bensin,Bobiler,Bobiler,2024,2024,3,
0,Hele landet,N,Nye kjøretøy,1,Bensin,Bobiler,Bobiler,2025,2025,0,
0,Hele landet,N,Nye kjøretøy,1,Bensin,Kombibil5,Kombinerte biler,2019,2019,0,
0,Hele landet,N,Nye kjøretøy,1,Bensin,Kombibil5,Kombinerte biler,2020,2020,0,
0,Hele landet,N,Nye kjøretøy,1,Bensin,Kombibil5,Kombinerte biler,2021,2021,0,
0,Hele landet,N,Nye kjøretøy,1,Bensin,Kombibil5,Kombinerte biler,2022,2022,0,
0,Hele landet,N,Nye kjøretøy,1,Bensin,Kombibil5,Kombinerte biler,2023,2023,0,
0,Hele landet,N,Nye kjøretøy,1,Bensin,Kombibil5,Kombinerte biler,2024,2024,0,
0,Hele landet,N,Nye kjøretøy,1,Bensin,Kombibil5,Kombinerte biler,2025,2025,0,
0,Hele landet,N,Nye kjøretøy,1,Bensin,Ambulanse2,Ambulanser,2019,2019,7,
0,Hele landet,N,Nye kjøretøy,1,Bensin,Ambulanse2,Ambulanser,2020,2020,3,
0,Hele landet,N,Nye kjøretøy,1,Bensin,Ambulanse2,Ambulanser,2021,2021,0,
0,Hele landet,N,Nye kjøretøy,1,Bensin,Ambulanse2,Ambulanser,2022,2022,0,
0,Hele landet,N,Nye kjøretøy,1,Bensin,Ambulanse2,Ambulanser,2023,2023,0,
0,Hele landet,N,Nye kjøretøy,1,Bensin,Ambulanse2,Ambulanser,2024,2024,0,
0,Hele landet,N,Nye kjøretøy,1,Bensin,Ambulanse2,Ambulanser,2025,2025,0,
0,Hele landet,N,Nye kjøretøy,2,Diesel,Personbil1,Personbiler,2019,2019,22245,
0,Hele landet,N,Nye kjøretøy,2,Diesel,Personbil1,Personbiler,2020,2020,11353,
0,Hele landet,N,Nye kjøretøy,2,Diesel,Personbil1,Personbiler,2021,2021,6210,
0,Hele landet,N,Nye kjøretøy,2,Diesel,Personbil1,Personbiler,2022,2022,4716,
0,Hele landet,N,Nye kjøretøy,2,Diesel,Personbil1,Personbiler,2023,2023,2830,
0,Hele landet,N,Nye kjøretøy,2,Diesel,Personbil1,Personbiler,2024,2024,2697,
0,Hele landet,N,Nye kjøretøy,2,Diesel,Personbil1,Personbiler,2025,2025,1514,
0,Hele landet,N,Nye kjøretøy,2,Diesel,Varebil4,Varebiler,2019,2019,33056,
0,Hele landet,N,Nye kjøretøy,2,Diesel,Varebil4,Varebiler,2020,2020,27376,
0,Hele landet,N,Nye kjøretøy,2,Diesel,Varebil4,Varebiler,2021,2021,26131,
0,Hele landet,N,Nye kjøretøy,2,Diesel,Varebil4,Varebiler,2022,2022,20744,
0,Hele landet,N,Nye kjøretøy,2,Diesel,Varebil4,Varebiler,2023,2023,17953,
0,Hele landet,N,Nye kjøretøy,2,Diesel,Varebil4,Varebiler,2024,2024,18416,
0,Hele landet,N,Nye kjøretøy,2,Diesel,Varebil4,Varebiler,2025,2025,14924,
0,Hele landet,N,Nye kjøretøy,2,Diesel,Bobiler,Bobiler,2019,2019,3587,
0,Hele landet,N,Nye kjøretøy,2,Diesel,Bobiler,Bobiler,2020,2020,3376,
0,Hele landet,N,Nye kjøretøy,2,Diesel,Bobiler,Bobiler,2021,2021,3078,
0,Hele landet,N,Nye kjøretøy,2,Diesel,Bobiler,Bobiler,2022,2022,2047,
0,Hele landet,N,Nye kjøretøy,2,Diesel,Bobiler,Bobiler,2023,2023,1617,
0,Hele landet,N,Nye kjøretøy,2,Diesel,Bobiler,Bobiler,2024,2024,1553,
0,Hele landet,N,Nye kjøretøy,2,Diesel,Bobiler,Bobiler,2025,2025,1393,
0,Hele landet,N,Nye kjøretøy,2,Diesel,Kombibil5,Kombinerte biler,2019,2019,0,
0,Hele landet,N,Nye kjøretøy,2,Diesel,Kombibil5,Kombinerte biler,2020,2020,0,
0,Hele landet,N,Nye kjøretøy,2,Diesel,Kombibil5,Kombinerte biler,2021,2021,0,
0,Hele landet,N,Nye kjøretøy,2,Diesel,Kombibil5,Kombinerte biler,2022,2022,0,
0,Hele landet,N,Nye kjøretøy,2,Diesel,Kombibil5,Kombinerte biler,2023,2023,0,
0,Hele landet,N,Nye kjøretøy,2,Diesel,Kombibil5,Kombinerte biler,2024,2024,0,
0,Hele landet,N,Nye kjøretøy,2,Diesel,Kombibil5,Kombinerte biler,2025,2025,0,
0,Hele landet,N,Nye kjøretøy,2,Diesel,Ambulanse2,Ambulanser,2019,2019,108,
0,Hele landet,N,Nye kjøretøy,2,Diesel,Ambulanse2,Ambulanser,2020,2020,74,
0,Hele landet,N,Nye kjøretøy,2,Diesel,Ambulanse2,Ambulanser,2021,2021,117,
0,Hele landet,N,Nye kjøretøy,2,Diesel,Ambulanse2,Ambulanser,2022,2022,124,
0,Hele landet,N,Nye kjøretøy,2,Diesel,Ambulanse2,Ambulanser,2023,2023,61,
0,Hele landet,N,Nye kjøretøy,2,Diesel,Ambulanse2,Ambulanser,2024,2024,79,
0,Hele landet,N,Nye kjøretøy,2,Diesel,Ambulanse2,Ambulanser,2025,2025,164,
0,Hele landet,N,Nye kjøretøy,5,El.,Personbil1,Personbiler,2019,2019,60246,
0,Hele landet,N,Nye kjøretøy,5,El.,Personbil1,Personbiler,2020,2020,76791,
0,Hele landet,N,Nye kjøretøy,5,El.,Personbil1,Personbiler,2021,2021,113715,
0,Hele landet,N,Nye kjøretøy,5,El.,Personbil1,Personbiler,2022,2022,138283,
0,Hele landet,N,Nye kjøretøy,5,El.,Personbil1,Personbiler,2023,2023,104576,
0,Hele landet,N,Nye kjøretøy,5,El.,Personbil1,Personbiler,2024,2024,114377,
0,Hele landet,N,Nye kjøretøy,5,El.,Personbil1,Personbiler,2025,2025,172217,
0,Hele landet,N,Nye kjøretøy,5,El.,Varebil4,Varebiler,2019,2019,2011,
0,Hele landet,N,Nye kjøretøy,5,El.,Varebil4,Varebiler,2020,2020,2560,
0,Hele landet,N,Nye kjøretøy,5,El.,Varebil4,Varebiler,2021,2021,5514,
0,Hele landet,N,Nye kjøretøy,5,El.,Varebil4,Varebiler,2022,2022,6864,
0,Hele landet,N,Nye kjøretøy,5,El.,Varebil4,Varebiler,2023,2023,8885,
0,Hele landet,N,Nye kjøretøy,5,El.,Varebil4,Varebiler,2024,2024,8144,
0,Hele landet,N,Nye kjøretøy,5,El.,Varebil4,Varebiler,2025,2025,13372,
0,Hele landet,N,Nye kjøretøy,5,El.,Bobiler,Bobiler,2019,2019,0,
0,Hele landet,N,Nye kjøretøy,5,El.,Bobiler,Bobiler,2020,2020,0,
0,Hele landet,N,Nye kjøretøy,5,El.,Bobiler,Bobiler,2021,2021,0,
0,Hele landet,N,Nye kjøretøy,5,El.,Bobiler,Bobiler,2022,2022,0,
0,Hele landet,N,Nye kjøretøy,5,El.,Bobiler,Bobiler,2023,2023,0,
0,Hele landet,N,Nye kjøretøy,5,El.,Bobiler,Bobiler,2024,2024,0,
0,Hele landet,N,Nye kjøretøy,5,El.,Bobiler,Bobiler,2025,2025,0,
0,Hele landet,N,Nye kjøretøy,5,El.,Kombibil5,Kombinerte biler,2019,2019,0,
0,Hele landet,N,Nye kjøretøy,5,El.,Kombibil5,Kombinerte biler,2020,2020,0,
0,Hele landet,N,Nye kjøretøy,5,El.,Kombibil5,Kombinerte biler,2021,2021,0,
0,Hele landet,N,Nye kjøretøy,5,El.,Kombibil5,Kombinerte biler,2022,2022,0,
0,Hele landet,N,Nye kjøretøy,5,El.,Kombibil5,Kombinerte biler,2023,2023,0,
0,Hele landet,N,Nye kjøretøy,5,El.,Kombibil5,Kombinerte biler,2024,2024,0,
0,Hele landet,N,Nye kjøretøy,5,El.,Kombibil5,Kombinerte biler,2025,2025,0,
0,Hele landet,N,Nye kjøretøy,5,El.,Ambulanse2,Ambulanser,2019,2019,0,
0,Hele landet,N,Nye kjøretøy,5,El.,Ambulanse2,Ambulanser,2020,2020,0,
0,Hele landet,N,Nye kjøretøy,5,El.,Ambulanse2,Ambulanser,2021,2021,0,
0,Hele landet,N,Nye kjøretøy,5,El.,Ambulanse2,Ambulanser,2022,2022,0,
0,Hele landet,N,Nye kjøretøy,5,El.,Ambulanse2,Ambulanser,2023,2023,0,
0,Hele landet,N,Nye kjøretøy,5,El.,Ambulanse2,Ambulanser,2024,2024,3,
0,Hele landet,N,Nye kjøretøy,5,El.,Ambulanse2,Ambulanser,2025,2025,0,
0,Hele landet,N,Nye kjøretøy,13,Hydrogen,Personbil1,Personbiler,2019,2019,28,
0,Hele landet,N,Nye kjøretøy,13,Hydrogen,Personbil1,Personbiler,2020,2020,15,
0,Hele landet,N,Nye kjøretøy,13,Hydrogen,Personbil1,Personbiler,2021,2021,36,
0,Hele landet,N,Nye kjøretøy,13,Hydrogen,Personbil1,Personbiler,2022,2022,27,
0,Hele landet,N,Nye kjøretøy,13,Hydrogen,Personbil1,Personbiler,2023,2023,2,
0,Hele landet,N,Nye kjøretøy,13,Hydrogen,Personbil1,Personbiler,2024,2024,9,
0,Hele landet,N,Nye kjøretøy,13,Hydrogen,Personbil1,Personbiler,2025,2025,0,
0,Hele landet,N,Nye kjøretøy,13,Hydrogen,Varebil4,Varebiler,2019,2019,0,
0,Hele landet,N,Nye kjøretøy,13,Hydrogen,Varebil4,Varebiler,2020,2020,0,
0,Hele landet,N,Nye kjøretøy,13,Hydrogen,Varebil4,Varebiler,2021,2021,0,
0,Hele landet,N,Nye kjøretøy,13,Hydrogen,Varebil4,Varebiler,2022,2022,0,
0,Hele landet,N,Nye kjøretøy,13,Hydrogen,Varebil4,Varebiler,2023,2023,0,
0,Hele landet,N,Nye kjøretøy,13,Hydrogen,Varebil4,Varebiler,2024,2024,0,
0,Hele landet,N,Nye kjøretøy,13,Hydrogen,Varebil4,Varebiler,2025,2025,0,
0,Hele landet,N,Nye kjøretøy,13,Hydrogen,Bobiler,Bobiler,2019,2019,0,
0,Hele landet,N,Nye kjøretøy,13,Hydrogen,Bobiler,Bobiler,2020,2020,0,
0,Hele landet,N,Nye kjøretøy,13,Hydrogen,Bobiler,Bobiler,2021,2021,0,
0,Hele landet,N,Nye kjøretøy,13,Hydrogen,Bobiler,Bobiler,2022,2022,0,
0,Hele landet,N,Nye kjøretøy,13,Hydrogen,Bobiler,Bobiler,2023,2023,0,
0,Hele landet,N,Nye kjøretøy,13,Hydrogen,Bobiler,Bobiler,2024,2024,0,
0,Hele landet,N,Nye kjøretøy,13,Hydrogen,Bobiler,Bobiler,2025,2025,0,
0,Hele landet,N,Nye kjøretøy,13,Hydrogen,Kombibil5,Kombinerte biler,2019,2019,0,
0,Hele landet,N,Nye kjøretøy,13,Hydrogen,Kombibil5,Kombinerte biler,2020,2020,0,
0,Hele landet,N,Nye kjøretøy,13,Hydrogen,Kombibil5,Kombinerte biler,2021,2021,0,
0,Hele landet,N,Nye kjøretøy,13,Hydrogen,Kombibil5,Kombinerte biler,2022,2022,0,
0,Hele landet,N,Nye kjøretøy,13,Hydrogen,Kombibil5,Kombinerte biler,2023,2023,0,
0,Hele landet,N,Nye kjøretøy,13,Hydrogen,Kombibil5,Kombinerte biler,2024,2024,0,
0,Hele landet,N,Nye kjøretøy,13,Hydrogen,Kombibil5,Kombinerte biler,2025,2025,0,
0,Hele landet,N,Nye kjøretøy,13,Hydrogen,Ambulanse2,Ambulanser,2019,2019,0,
0,Hele landet,N,Nye kjøretøy,13,Hydrogen,Ambulanse2,Ambulanser,2020,2020,0,
0,Hele landet,N,Nye kjøretøy,13,Hydrogen,Ambulanse2,Ambulanser,2021,2021,0,
0,Hele landet,N,Nye kjøretøy,13,Hydrogen,Ambulanse2,Ambulanser,2022,2022,0,
0,Hele landet,N,Nye kjøretøy,13,Hydrogen,Ambulanse2,Ambulanser,2023,2023,0,
0,Hele landet,N,Nye kjøretøy,13,Hydrogen,Ambulanse2,Ambulanser,2024,2024,0,
0,Hele landet,N,Nye kjøretøy,13,Hydrogen,Ambulanse2,Ambulanser,2025,2025,0,
0,Hele landet,N,Nye kjøretøy,14,"Bensin hybrid, ladbar",Personbil1,Personbiler,2019,2019,18768,
0,Hele landet,N,Nye kjøretøy,14,"Bensin hybrid, ladbar",Personbil1,Personbiler,2020,2020,27497,
0,Hele landet,N,Nye kjøretøy,14,"Bensin hybrid, ladbar",Personbil1,Personbiler,2021,2021,36602,
0,Hele landet,N,Nye kjøretøy,14,"Bensin hybrid, ladbar",Personbil1,Personbiler,2022,2022,15603,
0,Hele landet,N,Nye kjøretøy,14,"Bensin hybrid, ladbar",Personbil1,Personbiler,2023,2023,9970,
0,Hele landet,N,Nye kjøretøy,14,"Bensin hybrid, ladbar",Personbil1,Personbiler,2024,2024,3470,
0,Hele landet,N,Nye kjøretøy,14,"Bensin hybrid, ladbar",Personbil1,Personbiler,2025,2025,2610,
0,Hele landet,N,Nye kjøretøy,14,"Bensin hybrid, ladbar",Varebil4,Varebiler,2019,2019,5,
0,Hele landet,N,Nye kjøretøy,14,"Bensin hybrid, ladbar",Varebil4,Varebiler,2020,2020,32,
0,Hele landet,N,Nye kjøretøy,14,"Bensin hybrid, ladbar",Varebil4,Varebiler,2021,2021,282,
0,Hele landet,N,Nye kjøretøy,14,"Bensin hybrid, ladbar",Varebil4,Varebiler,2022,2022,221,
0,Hele landet,N,Nye kjøretøy,14,"Bensin hybrid, ladbar",Varebil4,Varebiler,2023,2023,131,
0,Hele landet,N,Nye kjøretøy,14,"Bensin hybrid, ladbar",Varebil4,Varebiler,2024,2024,108,
0,Hele landet,N,Nye kjøretøy,14,"Bensin hybrid, ladbar",Varebil4,Varebiler,2025,2025,316,
0,Hele landet,N,Nye kjøretøy,14,"Bensin hybrid, ladbar",Bobiler,Bobiler,2019,2019,0,
0,Hele landet,N,Nye kjøretøy,14,"Bensin hybrid, ladbar",Bobiler,Bobiler,2020,2020,0,
0,Hele landet,N,Nye kjøretøy,14,"Bensin hybrid, ladbar",Bobiler,Bobiler,2021,2021,0,
0,Hele landet,N,Nye kjøretøy,14,"Bensin hybrid, ladbar",Bobiler,Bobiler,2022,2022,0,
0,Hele landet,N,Nye kjøretøy,14,"Bensin hybrid, ladbar",Bobiler,Bobiler,2023,2023,0,
0,Hele landet,N,Nye kjøretøy,14,"Bensin hybrid, ladbar",Bobiler,Bobiler,2024,2024,0,
0,Hele landet,N,Nye kjøretøy,14,"Bensin hybrid, ladbar",Bobiler,Bobiler,2025,2025,0,
0,Hele landet,N,Nye kjøretøy,14,"Bensin hybrid, ladbar",Kombibil5,Kombinerte biler,2019,2019,0,
0,Hele landet,N,Nye kjøretøy,14,"Bensin hybrid, ladbar",Kombibil5,Kombinerte biler,2020,2020,0,
0,Hele landet,N,Nye kjøretøy,14,"Bensin hybrid, ladbar",Kombibil5,Kombinerte biler,2021,2021,0,
0,Hele landet,N,Nye kjøretøy,14,"Bensin hybrid, ladbar",Kombibil5,Kombinerte biler,2022,2022,0,
0,Hele landet,N,Nye kjøretøy,14,"Bensin hybrid, ladbar",Kombibil5,Kombinerte biler,2023,2023,0,
0,Hele landet,N,Nye kjøretøy,14,"Bensin hybrid, ladbar",Kombibil5,Kombinerte biler,2024,2024,0,
0,Hele landet,N,Nye kjøretøy,14,"Bensin hybrid, ladbar",Kombibil5,Kombinerte biler,2025,2025,0,
0,Hele landet,N,Nye kjøretøy,14,"Bensin hybrid, ladbar",Ambulanse2,Ambulanser,2019,2019,0,
0,Hele landet,N,Nye kjøretøy,14,"Bensin hybrid, ladbar",Ambulanse2,Ambulanser,2020,2020,0,
0,Hele landet,N,Nye kjøretøy,14,"Bensin hybrid, ladbar",Ambulanse2,Ambulanser,2021,2021,0,
0,Hele landet,N,Nye kjøretøy,14,"Bensin hybrid, ladbar",Ambulanse2,Ambulanser,2022,2022,0,
0,Hele landet,N,Nye kjøretøy,14,"Bensin hybrid, ladbar",Ambulanse2,Ambulanser,2023,2023,0,
0,Hele landet,N,Nye kjøretøy,14,"Bensin hybrid, ladbar",Ambulanse2,Ambulanser,2024,2024,0,
0,Hele landet,N,Nye kjøretøy,14,"Bensin hybrid, ladbar",Ambulanse2,Ambulanser,2025,2025,0,
0,Hele landet,N,Nye kjøretøy,15,"Bensin hybrid, ikke ladbar",Personbil1,Personbiler,2019,2019,18697,
0,Hele landet,N,Nye kjøretøy,15,"Bensin hybrid, ikke ladbar",Personbil1,Personbiler,2020,2020,15156,
0,Hele landet,N,Nye kjøretøy,15,"Bensin hybrid, ikke ladbar",Personbil1,Personbiler,2021,2021,13545,
0,Hele landet,N,Nye kjøretøy,15,"Bensin hybrid, ikke ladbar",Personbil1,Personbiler,2022,2022,12244,
0,Hele landet,N,Nye kjøretøy,15,"Bensin hybrid, ikke ladbar",Personbil1,Personbiler,2023,2023,8270,
0,Hele landet,N,Nye kjøretøy,15,"Bensin hybrid, ikke ladbar",Personbil1,Personbiler,2024,2024,7525,
0,Hele landet,N,Nye kjøretøy,15,"Bensin hybrid, ikke ladbar",Personbil1,Personbiler,2025,2025,2607,
0,Hele landet,N,Nye kjøretøy,15,"Bensin hybrid, ikke ladbar",Varebil4,Varebiler,2019,2019,0,
0,Hele landet,N,Nye kjøretøy,15,"Bensin hybrid, ikke ladbar",Varebil4,Varebiler,2020,2020,9,
0,Hele landet,N,Nye kjøretøy,15,"Bensin hybrid, ikke ladbar",Varebil4,Varebiler,2021,2021,16,
0,Hele landet,N,Nye kjøretøy,15,"Bensin hybrid, ikke ladbar",Varebil4,Varebiler,2022,2022,16,
0,Hele landet,N,Nye kjøretøy,15,"Bensin hybrid, ikke ladbar",Varebil4,Varebiler,2023,2023,16,
0,Hele landet,N,Nye kjøretøy,15,"Bensin hybrid, ikke ladbar",Varebil4,Varebiler,2024,2024,46,
0,Hele landet,N,Nye kjøretøy,15,"Bensin hybrid, ikke ladbar",Varebil4,Varebiler,2025,2025,42,
0,Hele landet,N,Nye kjøretøy,15,"Bensin hybrid, ikke ladbar",Bobiler,Bobiler,2019,2019,0,
0,Hele landet,N,Nye kjøretøy,15,"Bensin hybrid, ikke ladbar",Bobiler,Bobiler,2020,2020,0,
0,Hele landet,N,Nye kjøretøy,15,"Bensin hybrid, ikke ladbar",Bobiler,Bobiler,2021,2021,0,
0,Hele landet,N,Nye kjøretøy,15,"Bensin hybrid, ikke ladbar",Bobiler,Bobiler,2022,2022,0,
0,Hele landet,N,Nye kjøretøy,15,"Bensin hybrid, ikke ladbar",Bobiler,Bobiler,2023,2023,0,
0,Hele landet,N,Nye kjøretøy,15,"Bensin hybrid, ikke ladbar",Bobiler,Bobiler,2024,2024,0,
0,Hele landet,N,Nye kjøretøy,15,"Bensin hybrid, ikke ladbar",Bobiler,Bobiler,2025,2025,0,
0,Hele landet,N,Nye kjøretøy,15,"Bensin hybrid, ikke ladbar",Kombibil5,Kombinerte biler,2019,2019,0,
0,Hele landet,N,Nye kjøretøy,15,"Bensin hybrid, ikke ladbar",Kombibil5,Kombinerte biler,2020,2020,0,
0,Hele landet,N,Nye kjøretøy,15,"Bensin hybrid, ikke ladbar",Kombibil5,Kombinerte biler,2021,2021,0,
0,Hele landet,N,Nye kjøretøy,15,"Bensin hybrid, ikke ladbar",Kombibil5,Kombinerte biler,2022,2022,0,
0,Hele landet,N,Nye kjøretøy,15,"Bensin hybrid, ikke ladbar",Kombibil5,Kombinerte biler,2023,2023,0,
0,Hele landet,N,Nye kjøretøy,15,"Bensin hybrid, ikke ladbar",Kombibil5,Kombinerte biler,2024,2024,0,
0,Hele landet,N,Nye kjøretøy,15,"Bensin hybrid, ikke ladbar",Kombibil5,Kombinerte biler,2025,2025,0,
0,Hele landet,N,Nye kjøretøy,15,"Bensin hybrid, ikke ladbar",Ambulanse2,Ambulanser,2019,2019,0,
0,Hele landet,N,Nye kjøretøy,15,"Bensin hybrid, ikke ladbar",Ambulanse2,Ambulanser,2020,2020,0,
0,Hele landet,N,Nye kjøretøy,15,"Bensin hybrid, ikke ladbar",Ambulanse2,Ambulanser,2021,2021,0,
0,Hele landet,N,Nye kjøretøy,15,"Bensin hybrid, ikke ladbar",Ambulanse2,Ambulanser,2022,2022,0,
0,Hele landet,N,Nye kjøretøy,15,"Bensin hybrid, ikke ladbar",Ambulanse2,Ambulanser,2023,2023,0,
0,Hele landet,N,Nye kjøretøy,15,"Bensin hybrid, ikke ladbar",Ambulanse2,Ambulanser,2024,2024,5,
0,Hele landet,N,Nye kjøretøy,15,"Bensin hybrid, ikke ladbar",Ambulanse2,Ambulanser,2025,2025,0,
0,Hele landet,N,Nye kjøretøy,16,"Diesel hybrid, ladbar",Personbil1,Personbiler,2019,2019,531,
0,Hele landet,N,Nye kjøretøy,16,"Diesel hybrid, ladbar",Personbil1,Personbiler,2020,2020,1412,
0,Hele landet,N,Nye kjøretøy,16,"Diesel hybrid, ladbar",Personbil1,Personbiler,2021,2021,1572,
0,Hele landet,N,Nye kjøretøy,16,"Diesel hybrid, ladbar",Personbil1,Personbiler,2022,2022,528,
0,Hele landet,N,Nye kjøretøy,16,"Diesel hybrid, ladbar",Personbil1,Personbiler,2023,2023,200,
0,Hele landet,N,Nye kjøretøy,16,"Diesel hybrid, ladbar",Personbil1,Personbiler,2024,2024,17,
0,Hele landet,N,Nye kjøretøy,16,"Diesel hybrid, ladbar",Personbil1,Personbiler,2025,2025,142,
0,Hele landet,N,Nye kjøretøy,16,"Diesel hybrid, ladbar",Varebil4,Varebiler,2019,2019,0,
0,Hele landet,N,Nye kjøretøy,16,"Diesel hybrid, ladbar",Varebil4,Varebiler,2020,2020,0,
0,Hele landet,N,Nye kjøretøy,16,"Diesel hybrid, ladbar",Varebil4,Varebiler,2021,2021,4,
0,Hele landet,N,Nye kjøretøy,16,"Diesel hybrid, ladbar",Varebil4,Varebiler,2022,2022,4,
0,Hele landet,N,Nye kjøretøy,16,"Diesel hybrid, ladbar",Varebil4,Varebiler,2023,2023,1,
0,Hele landet,N,Nye kjøretøy,16,"Diesel hybrid, ladbar",Varebil4,Varebiler,2024,2024,1,
0,Hele landet,N,Nye kjøretøy,16,"Diesel hybrid, ladbar",Varebil4,Varebiler,2025,2025,0,
0,Hele landet,N,Nye kjøretøy,16,"Diesel hybrid, ladbar",Bobiler,Bobiler,2019,2019,0,
0,Hele landet,N,Nye kjøretøy,16,"Diesel hybrid, ladbar",Bobiler,Bobiler,2020,2020,0,
0,Hele landet,N,Nye kjøretøy,16,"Diesel hybrid, ladbar",Bobiler,Bobiler,2021,2021,0,
0,Hele landet,N,Nye kjøretøy,16,"Diesel hybrid, ladbar",Bobiler,Bobiler,2022,2022,0,
0,Hele landet,N,Nye kjøretøy,16,"Diesel hybrid, ladbar",Bobiler,Bobiler,2023,2023,0,
0,Hele landet,N,Nye kjøretøy,16,"Diesel hybrid, ladbar",Bobiler,Bobiler,2024,2024,0,
0,Hele landet,N,Nye kjøretøy,16,"Diesel hybrid, ladbar",Bobiler,Bobiler,2025,2025,0,
0,Hele landet,N,Nye kjøretøy,16,"Diesel hybrid, ladbar",Kombibil5,Kombinerte biler,2019,2019,0,
0,Hele landet,N,Nye kjøretøy,16,"Diesel hybrid, ladbar",Kombibil5,Kombinerte biler,2020,2020,0,
0,Hele landet,N,Nye kjøretøy,16,"Diesel hybrid, ladbar",Kombibil5,Kombinerte biler,2021,2021,0,
0,Hele landet,N,Nye kjøretøy,16,"Diesel hybrid, ladbar",Kombibil5,Kombinerte biler,2022,2022,0,
0,Hele landet,N,Nye kjøretøy,16,"Diesel hybrid, ladbar",Kombibil5,Kombinerte biler,2023,2023,0,
0,Hele landet,N,Nye kjøretøy,16,"Diesel hybrid, ladbar",Kombibil5,Kombinerte biler,2024,2024,0,
0,Hele landet,N,Nye kjøretøy,16,"Diesel hybrid, ladbar",Kombibil5,Kombinerte biler,2025,2025,0,
0,Hele landet,N,Nye kjøretøy,16,"Diesel hybrid, ladbar",Ambulanse2,Ambulanser,2019,2019,0,
0,Hele landet,N,Nye kjøretøy,16,"Diesel hybrid, ladbar",Ambulanse2,Ambulanser,2020,2020,0,
0,Hele landet,N,Nye kjøretøy,16,"Diesel hybrid, ladbar",Ambulanse2,Ambulanser,2021,2021,0,
0,Hele landet,N,Nye kjøretøy,16,"Diesel hybrid, ladbar",Ambulanse2,Ambulanser,2022,2022,0,
0,Hele landet,N,Nye kjøretøy,16,"Diesel hybrid, ladbar",Ambulanse2,Ambulanser,2023,2023,0,
0,Hele landet,N,Nye kjøretøy,16,"Diesel hybrid, ladbar",Ambulanse2,Ambulanser,2024,2024,0,
0,Hele landet,N,Nye kjøretøy,16,"Diesel hybrid, ladbar",Ambulanse2,Ambulanser,2025,2025,0,
0,Hele landet,N,Nye kjøretøy,17,"Diesel hybrid, ikke ladbar",Personbil1,Personbiler,2019,2019,544,
0,Hele landet,N,Nye kjøretøy,17,"Diesel hybrid, ikke ladbar",Personbil1,Personbiler,2020,2020,763,
0,Hele landet,N,Nye kjøretøy,17,"Diesel hybrid, ikke ladbar",Personbil1,Personbiler,2021,2021,797,
0,Hele landet,N,Nye kjøretøy,17,"Diesel hybrid, ikke ladbar",Personbil1,Personbiler,2022,2022,633,
0,Hele landet,N,Nye kjøretøy,17,"Diesel hybrid, ikke ladbar",Personbil1,Personbiler,2023,2023,256,
0,Hele landet,N,Nye kjøretøy,17,"Diesel hybrid, ikke ladbar",Personbil1,Personbiler,2024,2024,170,
0,Hele landet,N,Nye kjøretøy,17,"Diesel hybrid, ikke ladbar",Personbil1,Personbiler,2025,2025,120,
0,Hele landet,N,Nye kjøretøy,17,"Diesel hybrid, ikke ladbar",Varebil4,Varebiler,2019,2019,23,
0,Hele landet,N,Nye kjøretøy,17,"Diesel hybrid, ikke ladbar",Varebil4,Varebiler,2020,2020,82,
0,Hele landet,N,Nye kjøretøy,17,"Diesel hybrid, ikke ladbar",Varebil4,Varebiler,2021,2021,205,
0,Hele landet,N,Nye kjøretøy,17,"Diesel hybrid, ikke ladbar",Varebil4,Varebiler,2022,2022,229,
0,Hele landet,N,Nye kjøretøy,17,"Diesel hybrid, ikke ladbar",Varebil4,Varebiler,2023,2023,152,
0,Hele landet,N,Nye kjøretøy,17,"Diesel hybrid, ikke ladbar",Varebil4,Varebiler,2024,2024,280,
0,Hele landet,N,Nye kjøretøy,17,"Diesel hybrid, ikke ladbar",Varebil4,Varebiler,2025,2025,757,
0,Hele landet,N,Nye kjøretøy,17,"Diesel hybrid, ikke ladbar",Bobiler,Bobiler,2019,2019,0,
0,Hele landet,N,Nye kjøretøy,17,"Diesel hybrid, ikke ladbar",Bobiler,Bobiler,2020,2020,0,
0,Hele landet,N,Nye kjøretøy,17,"Diesel hybrid, ikke ladbar",Bobiler,Bobiler,2021,2021,0,
0,Hele landet,N,Nye kjøretøy,17,"Diesel hybrid, ikke ladbar",Bobiler,Bobiler,2022,2022,0,
0,Hele landet,N,Nye kjøretøy,17,"Diesel hybrid, ikke ladbar",Bobiler,Bobiler,2023,2023,0,
0,Hele landet,N,Nye kjøretøy,17,"Diesel hybrid, ikke ladbar",Bobiler,Bobiler,2024,2024,0,
0,Hele landet,N,Nye kjøretøy,17,"Diesel hybrid, ikke ladbar",Bobiler,Bobiler,2025,2025,0,
0,Hele landet,N,Nye kjøretøy,17,"Diesel hybrid, ikke ladbar",Kombibil5,Kombinerte biler,2019,2019,0,
0,Hele landet,N,Nye kjøretøy,17,"Diesel hybrid, ikke ladbar",Kombibil5,Kombinerte biler,2020,2020,0,
0,Hele landet,N,Nye kjøretøy,17,"Diesel hybrid, ikke ladbar",Kombibil5,Kombinerte biler,2021,2021,0,
0,Hele landet,N,Nye kjøretøy,17,"Diesel hybrid, ikke ladbar",Kombibil5,Kombinerte biler,2022,2022,0,
0,Hele landet,N,Nye kjøretøy,17,"Diesel hybrid, ikke ladbar",Kombibil5,Kombinerte biler,2023,2023,0,
0,Hele landet,N,Nye kjøretøy,17,"Diesel hybrid, ikke ladbar",Kombibil5,Kombinerte biler,2024,2024,0,
0,Hele landet,N,Nye kjøretøy,17,"Diesel hybrid, ikke ladbar",Kombibil5,Kombinerte biler,2025,2025,0,
0,Hele landet,N,Nye kjøretøy,17,"Diesel hybrid, ikke ladbar",Ambulanse2,Ambulanser,2019,2019,0,
0,Hele landet,N,Nye kjøretøy,17,"Diesel hybrid, ikke ladbar",Ambulanse2,Ambulanser,2020,2020,8,
0,Hele landet,N,Nye kjøretøy,17,"Diesel hybrid, ikke ladbar",Ambulanse2,Ambulanser,2021,2021,4,
0,Hele landet,N,Nye kjøretøy,17,"Diesel hybrid, ikke ladbar",Ambulanse2,Ambulanser,2022,2022,5,
0,Hele landet,N,Nye kjøretøy,17,"Diesel hybrid, ikke ladbar",Ambulanse2,Ambulanser,2023,2023,0,
0,Hele landet,N,Nye kjøretøy,17,"Diesel hybrid, ikke ladbar",Ambulanse2,Ambulanser,2024,2024,6,
0,Hele landet,N,Nye kjøretøy,17,"Diesel hybrid, ikke ladbar",Ambulanse2,Ambulanser,2025,2025,0,
0,Hele landet,N,Nye kjøretøy,3,Parafin,Personbil1,Personbiler,2019,2019,0,
0,Hele landet,N,Nye kjøretøy,3,Parafin,Personbil1,Personbiler,2020,2020,0,
0,Hele landet,N,Nye kjøretøy,3,Parafin,Personbil1,Personbiler,2021,2021,0,
0,Hele landet,N,Nye kjøretøy,3,Parafin,Personbil1,Personbiler,2022,2022,0,
0,Hele landet,N,Nye kjøretøy,3,Parafin,Personbil1,Personbiler,2023,2023,0,
0,Hele landet,N,Nye kjøretøy,3,Parafin,Personbil1,Personbiler,2024,2024,0,
0,Hele landet,N,Nye kjøretøy,3,Parafin,Personbil1,Personbiler,2025,2025,0,
0,Hele landet,N,Nye kjøretøy,3,Parafin,Varebil4,Varebiler,2019,2019,0,
0,Hele landet,N,Nye kjøretøy,3,Parafin,Varebil4,Varebiler,2020,2020,0,
0,Hele landet,N,Nye kjøretøy,3,Parafin,Varebil4,Varebiler,2021,2021,0,
0,Hele landet,N,Nye kjøretøy,3,Parafin,Varebil4,Varebiler,2022,2022,0,
0,Hele landet,N,Nye kjøretøy,3,Parafin,Varebil4,Varebiler,2023,2023,0,
0,Hele landet,N,Nye kjøretøy,3,Parafin,Varebil4,Varebiler,2024,2024,0,
0,Hele landet,N,Nye kjøretøy,3,Parafin,Varebil4,Varebiler,2025,2025,0,
0,Hele landet,N,Nye kjøretøy,3,Parafin,Bobiler,Bobiler,2019,2019,3,
0,Hele landet,N,Nye kjøretøy,3,Parafin,Bobiler,Bobiler,2020,2020,3,
0,Hele landet,N,Nye kjøretøy,3,Parafin,Bobiler,Bobiler,2021,2021,1,
0,Hele landet,N,Nye kjøretøy,3,Parafin,Bobiler,Bobiler,2022,2022,0,
0,Hele landet,N,Nye kjøretøy,3,Parafin,Bobiler,Bobiler,2023,2023,0,
0,Hele landet,N,Nye kjøretøy,3,Parafin,Bobiler,Bobiler,2024,2024,0,
0,Hele landet,N,Nye kjøretøy,3,Parafin,Bobiler,Bobiler,2025,2025,0,
0,Hele landet,N,Nye kjøretøy,3,Parafin,Kombibil5,Kombinerte biler,2019,2019,0,
0,Hele landet,N,Nye kjøretøy,3,Parafin,Kombibil5,Kombinerte biler,2020,2020,0,
0,Hele landet,N,Nye kjøretøy,3,Parafin,Kombibil5,Kombinerte biler,2021,2021,0,
0,Hele landet,N,Nye kjøretøy,3,Parafin,Kombibil5,Kombinerte biler,2022,2022,0,
0,Hele landet,N,Nye kjøretøy,3,Parafin,Kombibil5,Kombinerte biler,2023,2023,0,
0,Hele landet,N,Nye kjøretøy,3,Parafin,Kombibil5,Kombinerte biler,2024,2024,0,
0,Hele landet,N,Nye kjøretøy,3,Parafin,Kombibil5,Kombinerte biler,2025,2025,0,
0,Hele landet,N,Nye kjøretøy,3,Parafin,Ambulanse2,Ambulanser,2019,2019,0,
0,Hele landet,N,Nye kjøretøy,3,Parafin,Ambulanse2,Ambulanser,2020,2020,0,
0,Hele landet,N,Nye kjøretøy,3,Parafin,Ambulanse2,Ambulanser,2021,2021,0,
0,Hele landet,N,Nye kjøretøy,3,Parafin,Ambulanse2,Ambulanser,2022,2022,0,
0,Hele landet,N,Nye kjøretøy,3,Parafin,Ambulanse2,Ambulanser,2023,2023,0,
0,Hele landet,N,Nye kjøretøy,3,Parafin,Ambulanse2,Ambulanser,2024,2024,0,
0,Hele landet,N,Nye kjøretøy,3,Parafin,Ambulanse2,Ambulanser,2025,2025,0,
0,Hele landet,N,Nye kjøretøy,4,Gass,Personbil1,Personbiler,2019,2019,16,
0,Hele landet,N,Nye kjøretøy,4,Gass,Personbil1,Personbiler,2020,2020,5,
0,Hele landet,N,Nye kjøretøy,4,Gass,Personbil1,Personbiler,2021,2021,0,
0,Hele landet,N,Nye kjøretøy,4,Gass,Personbil1,Personbiler,2022,2022,0,
0,Hele landet,N,Nye kjøretøy,4,Gass,Personbil1,Personbiler,2023,2023,0,
0,Hele landet,N,Nye kjøretøy,4,Gass,Personbil1,Personbiler,2024,2024,0,
0,Hele landet,N,Nye kjøretøy,4,Gass,Personbil1,Personbiler,2025,2025,0,
0,Hele landet,N,Nye kjøretøy,4,Gass,Varebil4,Varebiler,2019,2019,26,
0,Hele landet,N,Nye kjøretøy,4,Gass,Varebil4,Varebiler,2020,2020,19,
0,Hele landet,N,Nye kjøretøy,4,Gass,Varebil4,Varebiler,2021,2021,5,
0,Hele landet,N,Nye kjøretøy,4,Gass,Varebil4,Varebiler,2022,2022,17,
0,Hele landet,N,Nye kjøretøy,4,Gass,Varebil4,Varebiler,2023,2023,3,
0,Hele landet,N,Nye kjøretøy,4,Gass,Varebil4,Varebiler,2024,2024,5,
0,Hele landet,N,Nye kjøretøy,4,Gass,Varebil4,Varebiler,2025,2025,2,
0,Hele landet,N,Nye kjøretøy,4,Gass,Bobiler,Bobiler,2019,2019,0,
0,Hele landet,N,Nye kjøretøy,4,Gass,Bobiler,Bobiler,2020,2020,0,
0,Hele landet,N,Nye kjøretøy,4,Gass,Bobiler,Bobiler,2021,2021,0,
0,Hele landet,N,Nye kjøretøy,4,Gass,Bobiler,Bobiler,2022,2022,0,
0,Hele landet,N,Nye kjøretøy,4,Gass,Bobiler,Bobiler,2023,2023,0,
0,Hele landet,N,Nye kjøretøy,4,Gass,Bobiler,Bobiler,2024,2024,0,
0,Hele landet,N,Nye kjøretøy,4,Gass,Bobiler,Bobiler,2025,2025,0,
0,Hele landet,N,Nye kjøretøy,4,Gass,Kombibil5,Kombinerte biler,2019,2019,0,
0,Hele landet,N,Nye kjøretøy,4,Gass,Kombibil5,Kombinerte biler,2020,2020,0,
0,Hele landet,N,Nye kjøretøy,4,Gass,Kombibil5,Kombinerte biler,2021,2021,0,
0,Hele landet,N,Nye kjøretøy,4,Gass,Kombibil5,Kombinerte biler,2022,2022,0,
0,Hele landet,N,Nye kjøretøy,4,Gass,Kombibil5,Kombinerte biler,2023,2023,0,
0,Hele landet,N,Nye kjøretøy,4,Gass,Kombibil5,Kombinerte biler,2024,2024,0,
0,Hele landet,N,Nye kjøretøy,4,Gass,Kombibil5,Kombinerte biler,2025,2025,0,
0,Hele landet,N,Nye kjøretøy,4,Gass,Ambulanse2,Ambulanser,2019,2019,0,
0,Hele landet,N,Nye kjøretøy,4,Gass,Ambulanse2,Ambulanser,2020,2020,0,
0,Hele landet,N,Nye kjøretøy,4,Gass,Ambulanse2,Ambulanser,2021,2021,0,
0,Hele landet,N,Nye kjøretøy,4,Gass,Ambulanse2,Ambulanser,2022,2022,0,
0,Hele landet,N,Nye kjøretøy,4,Gass,Ambulanse2,Ambulanser,2023,2023,0,
0,Hele landet,N,Nye kjøretøy,4,Gass,Ambulanse2,Ambulanser,2024,2024,0,
0,Hele landet,N,Nye kjøretøy,4,Gass,Ambulanse2,Ambulanser,2025,2025,0,
0,Hele landet,N,Nye kjøretøy,6,Annet drivstoff,Personbil1,Personbiler,2019,2019,0,
0,Hele landet,N,Nye kjøretøy,6,Annet drivstoff,Personbil1,Personbiler,2020,2020,0,
0,Hele landet,N,Nye kjøretøy,6,Annet drivstoff,Personbil1,Personbiler,2021,2021,0,
0,Hele landet,N,Nye kjøretøy,6,Annet drivstoff,Personbil1,Personbiler,2022,2022,0,
0,Hele landet,N,Nye kjøretøy,6,Annet drivstoff,Personbil1,Personbiler,2023,2023,0,
0,Hele landet,N,Nye kjøretøy,6,Annet drivstoff,Personbil1,Personbiler,2024,2024,0,
0,Hele landet,N,Nye kjøretøy,6,Annet drivstoff,Personbil1,Personbiler,2025,2025,0,
0,Hele landet,N,Nye kjøretøy,6,Annet drivstoff,Varebil4,Varebiler,2019,2019,0,
0,Hele landet,N,Nye kjøretøy,6,Annet drivstoff,Varebil4,Varebiler,2020,2020,0,
0,Hele landet,N,Nye kjøretøy,6,Annet drivstoff,Varebil4,Varebiler,2021,2021,0,
0,Hele landet,N,Nye kjøretøy,6,Annet drivstoff,Varebil4,Varebiler,2022,2022,0,
0,Hele landet,N,Nye kjøretøy,6,Annet drivstoff,Varebil4,Varebiler,2023,2023,1091,
0,Hele landet,N,Nye kjøretøy,6,Annet drivstoff,Varebil4,Varebiler,2024,2024,253,
0,Hele landet,N,Nye kjøretøy,6,Annet drivstoff,Varebil4,Varebiler,2025,2025,1,
0,Hele landet,N,Nye kjøretøy,6,Annet drivstoff,Bobiler,Bobiler,2019,2019,0,
0,Hele landet,N,Nye kjøretøy,6,Annet drivstoff,Bobiler,Bobiler,2020,2020,0,
0,Hele landet,N,Nye kjøretøy,6,Annet drivstoff,Bobiler,Bobiler,2021,2021,0,
0,Hele landet,N,Nye kjøretøy,6,Annet drivstoff,Bobiler,Bobiler,2022,2022,0,
0,Hele landet,N,Nye kjøretøy,6,Annet drivstoff,Bobiler,Bobiler,2023,2023,0,
0,Hele landet,N,Nye kjøretøy,6,Annet drivstoff,Bobiler,Bobiler,2024,2024,0,
0,Hele landet,N,Nye kjøretøy,6,Annet drivstoff,Bobiler,Bobiler,2025,2025,0,
0,Hele landet,N,Nye kjøretøy,6,Annet drivstoff,Kombibil5,Kombinerte biler,2019,2019,0,
0,Hele landet,N,Nye kjøretøy,6,Annet drivstoff,Kombibil5,Kombinerte biler,2020,2020,0,
0,Hele landet,N,Nye kjøretøy,6,Annet drivstoff,Kombibil5,Kombinerte biler,2021,2021,0,
0,Hele landet,N,Nye kjøretøy,6,Annet drivstoff,Kombibil5,Kombinerte biler,2022,2022,0,
0,Hele landet,N,Nye kjøretøy,6,Annet drivstoff,Kombibil5,Kombinerte biler,2023,2023,0,
0,Hele landet,N,Nye kjøretøy,6,Annet drivstoff,Kombibil5,Kombinerte biler,2024,2024,0,
0,Hele landet,N,Nye kjøretøy,6,Annet drivstoff,Kombibil5,Kombinerte biler,2025,2025,0,
0,Hele landet,N,Nye kjøretøy,6,Annet drivstoff,Ambulanse2,Ambulanser,2019,2019,0,
0,Hele landet,N,Nye kjøretøy,6,Annet drivstoff,Ambulanse2,Ambulanser,2020,2020,0,
0,Hele landet,N,Nye kjøretøy,6,Annet drivstoff,Ambulanse2,Ambulanser,2021,2021,0,
0,Hele landet,N,Nye kjøretøy,6,Annet drivstoff,Ambulanse2,Ambulanser,2022,2022,0,
0,Hele landet,N,Nye kjøretøy,6,Annet drivstoff,Ambulanse2,Ambulanser,2023,2023,0,
0,Hele landet,N,Nye kjøretøy,6,Annet drivstoff,Ambulanse2,Ambulanser,2024,2024,0,
0,Hele landet,N,Nye kjøretøy,6,Annet drivstoff,Ambulanse2,Ambulanser,2025,2025,0,
0,Hele landet,B,Bruktimporterte kjøretøy,1,Bensin,Personbil1,Personbiler,2019,2019,3265,
0,Hele landet,B,Bruktimporterte kjøretøy,1,Bensin,Personbil1,Personbiler,2020,2020,3360,
0,Hele landet,B,Bruktimporterte kjøretøy,1,Bensin,Personbil1,Personbiler,2021,2021,4104,
0,Hele landet,B,Bruktimporterte kjøretøy,1,Bensin,Personbil1,Personbiler,2022,2022,3104,
0,Hele landet,B,Bruktimporterte kjøretøy,1,Bensin,Personbil1,Personbiler,2023,2023,1908,
0,Hele landet,B,Bruktimporterte kjøretøy,1,Bensin,Personbil1,Personbiler,2024,2024,1767,
0,Hele landet,B,Bruktimporterte kjøretøy,1,Bensin,Personbil1,Personbiler,2025,2025,2005,
0,Hele landet,B,Bruktimporterte kjøretøy,1,Bensin,Varebil4,Varebiler,2019,2019,374,
0,Hele landet,B,Bruktimporterte kjøretøy,1,Bensin,Varebil4,Varebiler,2020,2020,273,
0,Hele landet,B,Bruktimporterte kjøretøy,1,Bensin,Varebil4,Varebiler,2021,2021,294,
0,Hele landet,B,Bruktimporterte kjøretøy,1,Bensin,Varebil4,Varebiler,2022,2022,250,
0,Hele landet,B,Bruktimporterte kjøretøy,1,Bensin,Varebil4,Varebiler,2023,2023,122,
0,Hele landet,B,Bruktimporterte kjøretøy,1,Bensin,Varebil4,Varebiler,2024,2024,129,
0,Hele landet,B,Bruktimporterte kjøretøy,1,Bensin,Varebil4,Varebiler,2025,2025,175,
0,Hele landet,B,Bruktimporterte kjøretøy,1,Bensin,Bobiler,Bobiler,2019,2019,5,
0,Hele landet,B,Bruktimporterte kjøretøy,1,Bensin,Bobiler,Bobiler,2020,2020,4,
0,Hele landet,B,Bruktimporterte kjøretøy,1,Bensin,Bobiler,Bobiler,2021,2021,3,
0,Hele landet,B,Bruktimporterte kjøretøy,1,Bensin,Bobiler,Bobiler,2022,2022,3,
0,Hele landet,B,Bruktimporterte kjøretøy,1,Bensin,Bobiler,Bobiler,2023,2023,3,
0,Hele landet,B,Bruktimporterte kjøretøy,1,Bensin,Bobiler,Bobiler,2024,2024,2,
0,Hele landet,B,Bruktimporterte kjøretøy,1,Bensin,Bobiler,Bobiler,2025,2025,1,
0,Hele landet,B,Bruktimporterte kjøretøy,1,Bensin,Kombibil5,Kombinerte biler,2019,2019,0,
0,Hele landet,B,Bruktimporterte kjøretøy,1,Bensin,Kombibil5,Kombinerte biler,2020,2020,0,
0,Hele landet,B,Bruktimporterte kjøretøy,1,Bensin,Kombibil5,Kombinerte biler,2021,2021,0,
0,Hele landet,B,Bruktimporterte kjøretøy,1,Bensin,Kombibil5,Kombinerte biler,2022,2022,0,
0,Hele landet,B,Bruktimporterte kjøretøy,1,Bensin,Kombibil5,Kombinerte biler,2023,2023,0,
0,Hele landet,B,Bruktimporterte kjøretøy,1,Bensin,Kombibil5,Kombinerte biler,2024,2024,0,
0,Hele landet,B,Bruktimporterte kjøretøy,1,Bensin,Kombibil5,Kombinerte biler,2025,2025,0,
0,Hele landet,B,Bruktimporterte kjøretøy,1,Bensin,Ambulanse2,Ambulanser,2019,2019,0,
0,Hele landet,B,Bruktimporterte kjøretøy,1,Bensin,Ambulanse2,Ambulanser,2020,2020,0,
0,Hele landet,B,Bruktimporterte kjøretøy,1,Bensin,Ambulanse2,Ambulanser,2021,2021,0,
0,Hele landet,B,Bruktimporterte kjøretøy,1,Bensin,Ambulanse2,Ambulanser,2022,2022,0,
0,Hele landet,B,Bruktimporterte kjøretøy,1,Bensin,Ambulanse2,Ambulanser,2023,2023,0,
0,Hele landet,B,Bruktimporterte kjøretøy,1,Bensin,Ambulanse2,Ambulanser,2024,2024,0,
0,Hele landet,B,Bruktimporterte kjøretøy,1,Bensin,Ambulanse2,Ambulanser,2025,2025,0,
0,Hele landet,B,Bruktimporterte kjøretøy,2,Diesel,Personbil1,Personbiler,2019,2019,2688,
0,Hele landet,B,Bruktimporterte kjøretøy,2,Diesel,Personbil1,Personbiler,2020,2020,1792,
0,Hele landet,B,Bruktimporterte kjøretøy,2,Diesel,Personbil1,Personbiler,2021,2021,1318,
0,Hele landet,B,Bruktimporterte kjøretøy,2,Diesel,Personbil1,Personbiler,2022,2022,634,
0,Hele landet,B,Bruktimporterte kjøretøy,2,Diesel,Personbil1,Personbiler,2023,2023,339,
0,Hele landet,B,Bruktimporterte kjøretøy,2,Diesel,Personbil1,Personbiler,2024,2024,341,
0,Hele landet,B,Bruktimporterte kjøretøy,2,Diesel,Personbil1,Personbiler,2025,2025,394,
0,Hele landet,B,Bruktimporterte kjøretøy,2,Diesel,Varebil4,Varebiler,2019,2019,620,
0,Hele landet,B,Bruktimporterte kjøretøy,2,Diesel,Varebil4,Varebiler,2020,2020,578,
0,Hele landet,B,Bruktimporterte kjøretøy,2,Diesel,Varebil4,Varebiler,2021,2021,788,
0,Hele landet,B,Bruktimporterte kjøretøy,2,Diesel,Varebil4,Varebiler,2022,2022,620,
0,Hele landet,B,Bruktimporterte kjøretøy,2,Diesel,Varebil4,Varebiler,2023,2023,462,
0,Hele landet,B,Bruktimporterte kjøretøy,2,Diesel,Varebil4,Varebiler,2024,2024,434,
0,Hele landet,B,Bruktimporterte kjøretøy,2,Diesel,Varebil4,Varebiler,2025,2025,437,
0,Hele landet,B,Bruktimporterte kjøretøy,2,Diesel,Bobiler,Bobiler,2019,2019,312,
0,Hele landet,B,Bruktimporterte kjøretøy,2,Diesel,Bobiler,Bobiler,2020,2020,220,
0,Hele landet,B,Bruktimporterte kjøretøy,2,Diesel,Bobiler,Bobiler,2021,2021,161,
0,Hele landet,B,Bruktimporterte kjøretøy,2,Diesel,Bobiler,Bobiler,2022,2022,146,
0,Hele landet,B,Bruktimporterte kjøretøy,2,Diesel,Bobiler,Bobiler,2023,2023,105,
0,Hele landet,B,Bruktimporterte kjøretøy,2,Diesel,Bobiler,Bobiler,2024,2024,72,
0,Hele landet,B,Bruktimporterte kjøretøy,2,Diesel,Bobiler,Bobiler,2025,2025,208,
0,Hele landet,B,Bruktimporterte kjøretøy,2,Diesel,Kombibil5,Kombinerte biler,2019,2019,0,
0,Hele landet,B,Bruktimporterte kjøretøy,2,Diesel,Kombibil5,Kombinerte biler,2020,2020,0,
0,Hele landet,B,Bruktimporterte kjøretøy,2,Diesel,Kombibil5,Kombinerte biler,2021,2021,0,
0,Hele landet,B,Bruktimporterte kjøretøy,2,Diesel,Kombibil5,Kombinerte biler,2022,2022,0,
0,Hele landet,B,Bruktimporterte kjøretøy,2,Diesel,Kombibil5,Kombinerte biler,2023,2023,0,
0,Hele landet,B,Bruktimporterte kjøretøy,2,Diesel,Kombibil5,Kombinerte biler,2024,2024,0,
0,Hele landet,B,Bruktimporterte kjøretøy,2,Diesel,Kombibil5,Kombinerte biler,2025,2025,0,
0,Hele landet,B,Bruktimporterte kjøretøy,2,Diesel,Ambulanse2,Ambulanser,2019,2019,1,
0,Hele landet,B,Bruktimporterte kjøretøy,2,Diesel,Ambulanse2,Ambulanser,2020,2020,1,
0,Hele landet,B,Bruktimporterte kjøretøy,2,Diesel,Ambulanse2,Ambulanser,2021,2021,0,
0,Hele landet,B,Bruktimporterte kjøretøy,2,Diesel,Ambulanse2,Ambulanser,2022,2022,0,
0,Hele landet,B,Bruktimporterte kjøretøy,2,Diesel,Ambulanse2,Ambulanser,2023,2023,2,
0,Hele landet,B,Bruktimporterte kjøretøy,2,Diesel,Ambulanse2,Ambulanser,2024,2024,0,
0,Hele landet,B,Bruktimporterte kjøretøy,2,Diesel,Ambulanse2,Ambulanser,2025,2025,1,
0,Hele landet,B,Bruktimporterte kjøretøy,5,El.,Personbil1,Personbiler,2019,2019,6803,
0,Hele landet,B,Bruktimporterte kjøretøy,5,El.,Personbil1,Personbiler,2020,2020,5434,
0,Hele landet,B,Bruktimporterte kjøretøy,5,El.,Personbil1,Personbiler,2021,2021,10477,
0,Hele landet,B,Bruktimporterte kjøretøy,5,El.,Personbil1,Personbiler,2022,2022,14473,
0,Hele landet,B,Bruktimporterte kjøretøy,5,El.,Personbil1,Personbiler,2023,2023,1733,
0,Hele landet,B,Bruktimporterte kjøretøy,5,El.,Personbil1,Personbiler,2024,2024,3774,
0,Hele landet,B,Bruktimporterte kjøretøy,5,El.,Personbil1,Personbiler,2025,2025,5409,
0,Hele landet,B,Bruktimporterte kjøretøy,5,El.,Varebil4,Varebiler,2019,2019,107,
0,Hele landet,B,Bruktimporterte kjøretøy,5,El.,Varebil4,Varebiler,2020,2020,27,
0,Hele landet,B,Bruktimporterte kjøretøy,5,El.,Varebil4,Varebiler,2021,2021,65,
0,Hele landet,B,Bruktimporterte kjøretøy,5,El.,Varebil4,Varebiler,2022,2022,132,
0,Hele landet,B,Bruktimporterte kjøretøy,5,El.,Varebil4,Varebiler,2023,2023,29,
0,Hele landet,B,Bruktimporterte kjøretøy,5,El.,Varebil4,Varebiler,2024,2024,90,
0,Hele landet,B,Bruktimporterte kjøretøy,5,El.,Varebil4,Varebiler,2025,2025,145,
0,Hele landet,B,Bruktimporterte kjøretøy,5,El.,Bobiler,Bobiler,2019,2019,0,
0,Hele landet,B,Bruktimporterte kjøretøy,5,El.,Bobiler,Bobiler,2020,2020,0,
0,Hele landet,B,Bruktimporterte kjøretøy,5,El.,Bobiler,Bobiler,2021,2021,0,
0,Hele landet,B,Bruktimporterte kjøretøy,5,El.,Bobiler,Bobiler,2022,2022,0,
0,Hele landet,B,Bruktimporterte kjøretøy,5,El.,Bobiler,Bobiler,2023,2023,0,
0,Hele landet,B,Bruktimporterte kjøretøy,5,El.,Bobiler,Bobiler,2024,2024,0,
0,Hele landet,B,Bruktimporterte kjøretøy,5,El.,Bobiler,Bobiler,2025,2025,0,
0,Hele landet,B,Bruktimporterte kjøretøy,5,El.,Kombibil5,Kombinerte biler,2019,2019,0,
0,Hele landet,B,Bruktimporterte kjøretøy,5,El.,Kombibil5,Kombinerte biler,2020,2020,0,
0,Hele landet,B,Bruktimporterte kjøretøy,5,El.,Kombibil5,Kombinerte biler,2021,2021,0,
0,Hele landet,B,Bruktimporterte kjøretøy,5,El.,Kombibil5,Kombinerte biler,2022,2022,0,
0,Hele landet,B,Bruktimporterte kjøretøy,5,El.,Kombibil5,Kombinerte biler,2023,2023,0,
0,Hele landet,B,Bruktimporterte kjøretøy,5,El.,Kombibil5,Kombinerte biler,2024,2024,0,
0,Hele landet,B,Bruktimporterte kjøretøy,5,El.,Kombibil5,Kombinerte biler,2025,2025,0,
0,Hele landet,B,Bruktimporterte kjøretøy,5,El.,Ambulanse2,Ambulanser,2019,2019,0,
0,Hele landet,B,Bruktimporterte kjøretøy,5,El.,Ambulanse2,Ambulanser,2020,2020,0,
0,Hele landet,B,Bruktimporterte kjøretøy,5,El.,Ambulanse2,Ambulanser,2021,2021,0,
0,Hele landet,B,Bruktimporterte kjøretøy,5,El.,Ambulanse2,Ambulanser,2022,2022,0,
0,Hele landet,B,Bruktimporterte kjøretøy,5,El.,Ambulanse2,Ambulanser,2023,2023,0,
0,Hele landet,B,Bruktimporterte kjøretøy,5,El.,Ambulanse2,Ambulanser,2024,2024,0,
0,Hele landet,B,Bruktimporterte kjøretøy,5,El.,Ambulanse2,Ambulanser,2025,2025,0,
0,Hele landet,B,Bruktimporterte kjøretøy,13,Hydrogen,Personbil1,Personbiler,2019,2019,3,
0,Hele landet,B,Bruktimporterte kjøretøy,13,Hydrogen,Personbil1,Personbiler,2020,2020,1,
0,Hele landet,B,Bruktimporterte kjøretøy,13,Hydrogen,Personbil1,Personbiler,2021,2021,6,
0,Hele landet,B,Bruktimporterte kjøretøy,13,Hydrogen,Personbil1,Personbiler,2022,2022,30,
0,Hele landet,B,Bruktimporterte kjøretøy,13,Hydrogen,Personbil1,Personbiler,2023,2023,16,
0,Hele landet,B,Bruktimporterte kjøretøy,13,Hydrogen,Personbil1,Personbiler,2024,2024,9,
0,Hele landet,B,Bruktimporterte kjøretøy,13,Hydrogen,Personbil1,Personbiler,2025,2025,4,
0,Hele landet,B,Bruktimporterte kjøretøy,13,Hydrogen,Varebil4,Varebiler,2019,2019,0,
0,Hele landet,B,Bruktimporterte kjøretøy,13,Hydrogen,Varebil4,Varebiler,2020,2020,0,
0,Hele landet,B,Bruktimporterte kjøretøy,13,Hydrogen,Varebil4,Varebiler,2021,2021,0,
0,Hele landet,B,Bruktimporterte kjøretøy,13,Hydrogen,Varebil4,Varebiler,2022,2022,0,
0,Hele landet,B,Bruktimporterte kjøretøy,13,Hydrogen,Varebil4,Varebiler,2023,2023,0,
0,Hele landet,B,Bruktimporterte kjøretøy,13,Hydrogen,Varebil4,Varebiler,2024,2024,0,
0,Hele landet,B,Bruktimporterte kjøretøy,13,Hydrogen,Varebil4,Varebiler,2025,2025,0,
0,Hele landet,B,Bruktimporterte kjøretøy,13,Hydrogen,Bobiler,Bobiler,2019,2019,0,
0,Hele landet,B,Bruktimporterte kjøretøy,13,Hydrogen,Bobiler,Bobiler,2020,2020,0,
0,Hele landet,B,Bruktimporterte kjøretøy,13,Hydrogen,Bobiler,Bobiler,2021,2021,0,
0,Hele landet,B,Bruktimporterte kjøretøy,13,Hydrogen,Bobiler,Bobiler,2022,2022,0,
0,Hele landet,B,Bruktimporterte kjøretøy,13,Hydrogen,Bobiler,Bobiler,2023,2023,0,
0,Hele landet,B,Bruktimporterte kjøretøy,13,Hydrogen,Bobiler,Bobiler,2024,2024,0,
0,Hele landet,B,Bruktimporterte kjøretøy,13,Hydrogen,Bobiler,Bobiler,2025,2025,0,
0,Hele landet,B,Bruktimporterte kjøretøy,13,Hydrogen,Kombibil5,Kombinerte biler,2019,2019,0,
0,Hele landet,B,Bruktimporterte kjøretøy,13,Hydrogen,Kombibil5,Kombinerte biler,2020,2020,0,
0,Hele landet,B,Bruktimporterte kjøretøy,13,Hydrogen,Kombibil5,Kombinerte biler,2021,2021,0,
0,Hele landet,B,Bruktimporterte kjøretøy,13,Hydrogen,Kombibil5,Kombinerte biler,2022,2022,0,
0,Hele landet,B,Bruktimporterte kjøretøy,13,Hydrogen,Kombibil5,Kombinerte biler,2023,2023,0,
0,Hele landet,B,Bruktimporterte kjøretøy,13,Hydrogen,Kombibil5,Kombinerte biler,2024,2024,0,
0,Hele landet,B,Bruktimporterte kjøretøy,13,Hydrogen,Kombibil5,Kombinerte biler,2025,2025,0,
0,Hele landet,B,Bruktimporterte kjøretøy,13,Hydrogen,Ambulanse2,Ambulanser,2019,2019,0,
0,Hele landet,B,Bruktimporterte kjøretøy,13,Hydrogen,Ambulanse2,Ambulanser,2020,2020,0,
0,Hele landet,B,Bruktimporterte kjøretøy,13,Hydrogen,Ambulanse2,Ambulanser,2021,2021,0,
0,Hele landet,B,Bruktimporterte kjøretøy,13,Hydrogen,Ambulanse2,Ambulanser,2022,2022,0,
0,Hele landet,B,Bruktimporterte kjøretøy,13,Hydrogen,Ambulanse2,Ambulanser,2023,2023,0,
0,Hele landet,B,Bruktimporterte kjøretøy,13,Hydrogen,Ambulanse2,Ambulanser,2024,2024,0,
0,Hele landet,B,Bruktimporterte kjøretøy,13,Hydrogen,Ambulanse2,Ambulanser,2025,2025,0,
0,Hele landet,B,Bruktimporterte kjøretøy,14,"Bensin hybrid, ladbar",Personbil1,Personbiler,2019,2019,2070,
0,Hele landet,B,Bruktimporterte kjøretøy,14,"Bensin hybrid, ladbar",Personbil1,Personbiler,2020,2020,1505,
0,Hele landet,B,Bruktimporterte kjøretøy,14,"Bensin hybrid, ladbar",Personbil1,Personbiler,2021,2021,2117,
0,Hele landet,B,Bruktimporterte kjøretøy,14,"Bensin hybrid, ladbar",Personbil1,Personbiler,2022,2022,191,
0,Hele landet,B,Bruktimporterte kjøretøy,14,"Bensin hybrid, ladbar",Personbil1,Personbiler,2023,2023,24,
0,Hele landet,B,Bruktimporterte kjøretøy,14,"Bensin hybrid, ladbar",Personbil1,Personbiler,2024,2024,53,
0,Hele landet,B,Bruktimporterte kjøretøy,14,"Bensin hybrid, ladbar",Personbil1,Personbiler,2025,2025,42,
0,Hele landet,B,Bruktimporterte kjøretøy,14,"Bensin hybrid, ladbar",Varebil4,Varebiler,2019,2019,11,
0,Hele landet,B,Bruktimporterte kjøretøy,14,"Bensin hybrid, ladbar",Varebil4,Varebiler,2020,2020,0,
0,Hele landet,B,Bruktimporterte kjøretøy,14,"Bensin hybrid, ladbar",Varebil4,Varebiler,2021,2021,1,
0,Hele landet,B,Bruktimporterte kjøretøy,14,"Bensin hybrid, ladbar",Varebil4,Varebiler,2022,2022,2,
0,Hele landet,B,Bruktimporterte kjøretøy,14,"Bensin hybrid, ladbar",Varebil4,Varebiler,2023,2023,0,
0,Hele landet,B,Bruktimporterte kjøretøy,14,"Bensin hybrid, ladbar",Varebil4,Varebiler,2024,2024,1,
0,Hele landet,B,Bruktimporterte kjøretøy,14,"Bensin hybrid, ladbar",Varebil4,Varebiler,2025,2025,3,
0,Hele landet,B,Bruktimporterte kjøretøy,14,"Bensin hybrid, ladbar",Bobiler,Bobiler,2019,2019,0,
0,Hele landet,B,Bruktimporterte kjøretøy,14,"Bensin hybrid, ladbar",Bobiler,Bobiler,2020,2020,0,
0,Hele landet,B,Bruktimporterte kjøretøy,14,"Bensin hybrid, ladbar",Bobiler,Bobiler,2021,2021,0,
0,Hele landet,B,Bruktimporterte kjøretøy,14,"Bensin hybrid, ladbar",Bobiler,Bobiler,2022,2022,0,
0,Hele landet,B,Bruktimporterte kjøretøy,14,"Bensin hybrid, ladbar",Bobiler,Bobiler,2023,2023,0,
0,Hele landet,B,Bruktimporterte kjøretøy,14,"Bensin hybrid, ladbar",Bobiler,Bobiler,2024,2024,0,
0,Hele landet,B,Bruktimporterte kjøretøy,14,"Bensin hybrid, ladbar",Bobiler,Bobiler,2025,2025,0,
0,Hele landet,B,Bruktimporterte kjøretøy,14,"Bensin hybrid, ladbar",Kombibil5,Kombinerte biler,2019,2019,0,
0,Hele landet,B,Bruktimporterte kjøretøy,14,"Bensin hybrid, ladbar",Kombibil5,Kombinerte biler,2020,2020,0,
0,Hele landet,B,Bruktimporterte kjøretøy,14,"Bensin hybrid, ladbar",Kombibil5,Kombinerte biler,2021,2021,0,
0,Hele landet,B,Bruktimporterte kjøretøy,14,"Bensin hybrid, ladbar",Kombibil5,Kombinerte biler,2022,2022,0,
0,Hele landet,B,Bruktimporterte kjøretøy,14,"Bensin hybrid, ladbar",Kombibil5,Kombinerte biler,2023,2023,0,
0,Hele landet,B,Bruktimporterte kjøretøy,14,"Bensin hybrid, ladbar",Kombibil5,Kombinerte biler,2024,2024,0,
0,Hele landet,B,Bruktimporterte kjøretøy,14,"Bensin hybrid, ladbar",Kombibil5,Kombinerte biler,2025,2025,0,
0,Hele landet,B,Bruktimporterte kjøretøy,14,"Bensin hybrid, ladbar",Ambulanse2,Ambulanser,2019,2019,0,
0,Hele landet,B,Bruktimporterte kjøretøy,14,"Bensin hybrid, ladbar",Ambulanse2,Ambulanser,2020,2020,0,
0,Hele landet,B,Bruktimporterte kjøretøy,14,"Bensin hybrid, ladbar",Ambulanse2,Ambulanser,2021,2021,0,
0,Hele landet,B,Bruktimporterte kjøretøy,14,"Bensin hybrid, ladbar",Ambulanse2,Ambulanser,2022,2022,0,
0,Hele landet,B,Bruktimporterte kjøretøy,14,"Bensin hybrid, ladbar",Ambulanse2,Ambulanser,2023,2023,0,
0,Hele landet,B,Bruktimporterte kjøretøy,14,"Bensin hybrid, ladbar",Ambulanse2,Ambulanser,2024,2024,0,
0,Hele landet,B,Bruktimporterte kjøretøy,14,"Bensin hybrid, ladbar",Ambulanse2,Ambulanser,2025,2025,0,
0,Hele landet,B,Bruktimporterte kjøretøy,15,"Bensin hybrid, ikke ladbar",Personbil1,Personbiler,2019,2019,160,
0,Hele landet,B,Bruktimporterte kjøretøy,15,"Bensin hybrid, ikke ladbar",Personbil1,Personbiler,2020,2020,80,
0,Hele landet,B,Bruktimporterte kjøretøy,15,"Bensin hybrid, ikke ladbar",Personbil1,Personbiler,2021,2021,80,
0,Hele landet,B,Bruktimporterte kjøretøy,15,"Bensin hybrid, ikke ladbar",Personbil1,Personbiler,2022,2022,65,
0,Hele landet,B,Bruktimporterte kjøretøy,15,"Bensin hybrid, ikke ladbar",Personbil1,Personbiler,2023,2023,21,
0,Hele landet,B,Bruktimporterte kjøretøy,15,"Bensin hybrid, ikke ladbar",Personbil1,Personbiler,2024,2024,35,
0,Hele landet,B,Bruktimporterte kjøretøy,15,"Bensin hybrid, ikke ladbar",Personbil1,Personbiler,2025,2025,42,
0,Hele landet,B,Bruktimporterte kjøretøy,15,"Bensin hybrid, ikke ladbar",Varebil4,Varebiler,2019,2019,0,
0,Hele landet,B,Bruktimporterte kjøretøy,15,"Bensin hybrid, ikke ladbar",Varebil4,Varebiler,2020,2020,1,
0,Hele landet,B,Bruktimporterte kjøretøy,15,"Bensin hybrid, ikke ladbar",Varebil4,Varebiler,2021,2021,9,
0,Hele landet,B,Bruktimporterte kjøretøy,15,"Bensin hybrid, ikke ladbar",Varebil4,Varebiler,2022,2022,8,
0,Hele landet,B,Bruktimporterte kjøretøy,15,"Bensin hybrid, ikke ladbar",Varebil4,Varebiler,2023,2023,9,
0,Hele landet,B,Bruktimporterte kjøretøy,15,"Bensin hybrid, ikke ladbar",Varebil4,Varebiler,2024,2024,6,
0,Hele landet,B,Bruktimporterte kjøretøy,15,"Bensin hybrid, ikke ladbar",Varebil4,Varebiler,2025,2025,14,
0,Hele landet,B,Bruktimporterte kjøretøy,15,"Bensin hybrid, ikke ladbar",Bobiler,Bobiler,2019,2019,0,
0,Hele landet,B,Bruktimporterte kjøretøy,15,"Bensin hybrid, ikke ladbar",Bobiler,Bobiler,2020,2020,0,
0,Hele landet,B,Bruktimporterte kjøretøy,15,"Bensin hybrid, ikke ladbar",Bobiler,Bobiler,2021,2021,0,
0,Hele landet,B,Bruktimporterte kjøretøy,15,"Bensin hybrid, ikke ladbar",Bobiler,Bobiler,2022,2022,0,
0,Hele landet,B,Bruktimporterte kjøretøy,15,"Bensin hybrid, ikke ladbar",Bobiler,Bobiler,2023,2023,0,
0,Hele landet,B,Bruktimporterte kjøretøy,15,"Bensin hybrid, ikke ladbar",Bobiler,Bobiler,2024,2024,0,
0,Hele landet,B,Bruktimporterte kjøretøy,15,"Bensin hybrid, ikke ladbar",Bobiler,Bobiler,2025,2025,0,
0,Hele landet,B,Bruktimporterte kjøretøy,15,"Bensin hybrid, ikke ladbar",Kombibil5,Kombinerte biler,2019,2019,0,
0,Hele landet,B,Bruktimporterte kjøretøy,15,"Bensin hybrid, ikke ladbar",Kombibil5,Kombinerte biler,2020,2020,0,
0,Hele landet,B,Bruktimporterte kjøretøy,15,"Bensin hybrid, ikke ladbar",Kombibil5,Kombinerte biler,2021,2021,0,
0,Hele landet,B,Bruktimporterte kjøretøy,15,"Bensin hybrid, ikke ladbar",Kombibil5,Kombinerte biler,2022,2022,0,
0,Hele landet,B,Bruktimporterte kjøretøy,15,"Bensin hybrid, ikke ladbar",Kombibil5,Kombinerte biler,2023,2023,0,
0,Hele landet,B,Bruktimporterte kjøretøy,15,"Bensin hybrid, ikke ladbar",Kombibil5,Kombinerte biler,2024,2024,0,
0,Hele landet,B,Bruktimporterte kjøretøy,15,"Bensin hybrid, ikke ladbar",Kombibil5,Kombinerte biler,2025,2025,0,
0,Hele landet,B,Bruktimporterte kjøretøy,15,"Bensin hybrid, ikke ladbar",Ambulanse2,Ambulanser,2019,2019,0,
0,Hele landet,B,Bruktimporterte kjøretøy,15,"Bensin hybrid, ikke ladbar",Ambulanse2,Ambulanser,2020,2020,0,
0,Hele landet,B,Bruktimporterte kjøretøy,15,"Bensin hybrid, ikke ladbar",Ambulanse2,Ambulanser,2021,2021,0,
0,Hele landet,B,Bruktimporterte kjøretøy,15,"Bensin hybrid, ikke ladbar",Ambulanse2,Ambulanser,2022,2022,0,
0,Hele landet,B,Bruktimporterte kjøretøy,15,"Bensin hybrid, ikke ladbar",Ambulanse2,Ambulanser,2023,2023,0,
0,Hele landet,B,Bruktimporterte kjøretøy,15,"Bensin hybrid, ikke ladbar",Ambulanse2,Ambulanser,2024,2024,0,
0,Hele landet,B,Bruktimporterte kjøretøy,15,"Bensin hybrid, ikke ladbar",Ambulanse2,Ambulanser,2025,2025,0,
0,Hele landet,B,Bruktimporterte kjøretøy,16,"Diesel hybrid, ladbar",Personbil1,Personbiler,2019,2019,455,
0,Hele landet,B,Bruktimporterte kjøretøy,16,"Diesel hybrid, ladbar",Personbil1,Personbiler,2020,2020,150,
0,Hele landet,B,Bruktimporterte kjøretøy,16,"Diesel hybrid, ladbar",Personbil1,Personbiler,2021,2021,135,
0,Hele landet,B,Bruktimporterte kjøretøy,16,"Diesel hybrid, ladbar",Personbil1,Personbiler,2022,2022,16,
0,Hele landet,B,Bruktimporterte kjøretøy,16,"Diesel hybrid, ladbar",Personbil1,Personbiler,2023,2023,4,
0,Hele landet,B,Bruktimporterte kjøretøy,16,"Diesel hybrid, ladbar",Personbil1,Personbiler,2024,2024,7,
0,Hele landet,B,Bruktimporterte kjøretøy,16,"Diesel hybrid, ladbar",Personbil1,Personbiler,2025,2025,5,
0,Hele landet,B,Bruktimporterte kjøretøy,16,"Diesel hybrid, ladbar",Varebil4,Varebiler,2019,2019,0,
0,Hele landet,B,Bruktimporterte kjøretøy,16,"Diesel hybrid, ladbar",Varebil4,Varebiler,2020,2020,0,
0,Hele landet,B,Bruktimporterte kjøretøy,16,"Diesel hybrid, ladbar",Varebil4,Varebiler,2021,2021,0,
0,Hele landet,B,Bruktimporterte kjøretøy,16,"Diesel hybrid, ladbar",Varebil4,Varebiler,2022,2022,1,
0,Hele landet,B,Bruktimporterte kjøretøy,16,"Diesel hybrid, ladbar",Varebil4,Varebiler,2023,2023,1,
0,Hele landet,B,Bruktimporterte kjøretøy,16,"Diesel hybrid, ladbar",Varebil4,Varebiler,2024,2024,1,
0,Hele landet,B,Bruktimporterte kjøretøy,16,"Diesel hybrid, ladbar",Varebil4,Varebiler,2025,2025,0,
0,Hele landet,B,Bruktimporterte kjøretøy,16,"Diesel hybrid, ladbar",Bobiler,Bobiler,2019,2019,0,
0,Hele landet,B,Bruktimporterte kjøretøy,16,"Diesel hybrid, ladbar",Bobiler,Bobiler,2020,2020,0,
0,Hele landet,B,Bruktimporterte kjøretøy,16,"Diesel hybrid, ladbar",Bobiler,Bobiler,2021,2021,0,
0,Hele landet,B,Bruktimporterte kjøretøy,16,"Diesel hybrid, ladbar",Bobiler,Bobiler,2022,2022,0,
0,Hele landet,B,Bruktimporterte kjøretøy,16,"Diesel hybrid, ladbar",Bobiler,Bobiler,2023,2023,0,
0,Hele landet,B,Bruktimporterte kjøretøy,16,"Diesel hybrid, ladbar",Bobiler,Bobiler,2024,2024,0,
0,Hele landet,B,Bruktimporterte kjøretøy,16,"Diesel hybrid, ladbar",Bobiler,Bobiler,2025,2025,0,
0,Hele landet,B,Bruktimporterte kjøretøy,16,"Diesel hybrid, ladbar",Kombibil5,Kombinerte biler,2019,2019,0,
0,Hele landet,B,Bruktimporterte kjøretøy,16,"Diesel hybrid, ladbar",Kombibil5,Kombinerte biler,2020,2020,0,
0,Hele landet,B,Bruktimporterte kjøretøy,16,"Diesel hybrid, ladbar",Kombibil5,Kombinerte biler,2021,2021,0,
0,Hele landet,B,Bruktimporterte kjøretøy,16,"Diesel hybrid, ladbar",Kombibil5,Kombinerte biler,2022,2022,0,
0,Hele landet,B,Bruktimporterte kjøretøy,16,"Diesel hybrid, ladbar",Kombibil5,Kombinerte biler,2023,2023,0,
0,Hele landet,B,Bruktimporterte kjøretøy,16,"Diesel hybrid, ladbar",Kombibil5,Kombinerte biler,2024,2024,0,
0,Hele landet,B,Bruktimporterte kjøretøy,16,"Diesel hybrid, ladbar",Kombibil5,Kombinerte biler,2025,2025,0,
0,Hele landet,B,Bruktimporterte kjøretøy,16,"Diesel hybrid, ladbar",Ambulanse2,Ambulanser,2019,2019,0,
0,Hele landet,B,Bruktimporterte kjøretøy,16,"Diesel hybrid, ladbar",Ambulanse2,Ambulanser,2020,2020,0,
0,Hele landet,B,Bruktimporterte kjøretøy,16,"Diesel hybrid, ladbar",Ambulanse2,Ambulanser,2021,2021,0,
0,Hele landet,B,Bruktimporterte kjøretøy,16,"Diesel hybrid, ladbar",Ambulanse2,Ambulanser,2022,2022,0,
0,Hele landet,B,Bruktimporterte kjøretøy,16,"Diesel hybrid, ladbar",Ambulanse2,Ambulanser,2023,2023,0,
0,Hele landet,B,Bruktimporterte kjøretøy,16,"Diesel hybrid, ladbar",Ambulanse2,Ambulanser,2024,2024,0,
0,Hele landet,B,Bruktimporterte kjøretøy,16,"Diesel hybrid, ladbar",Ambulanse2,Ambulanser,2025,2025,0,
0,Hele landet,B,Bruktimporterte kjøretøy,17,"Diesel hybrid, ikke ladbar",Personbil1,Personbiler,2019,2019,24,
0,Hele landet,B,Bruktimporterte kjøretøy,17,"Diesel hybrid, ikke ladbar",Personbil1,Personbiler,2020,2020,46,
0,Hele landet,B,Bruktimporterte kjøretøy,17,"Diesel hybrid, ikke ladbar",Personbil1,Personbiler,2021,2021,71,
0,Hele landet,B,Bruktimporterte kjøretøy,17,"Diesel hybrid, ikke ladbar",Personbil1,Personbiler,2022,2022,23,
0,Hele landet,B,Bruktimporterte kjøretøy,17,"Diesel hybrid, ikke ladbar",Personbil1,Personbiler,2023,2023,13,
0,Hele landet,B,Bruktimporterte kjøretøy,17,"Diesel hybrid, ikke ladbar",Personbil1,Personbiler,2024,2024,24,
0,Hele landet,B,Bruktimporterte kjøretøy,17,"Diesel hybrid, ikke ladbar",Personbil1,Personbiler,2025,2025,40,
0,Hele landet,B,Bruktimporterte kjøretøy,17,"Diesel hybrid, ikke ladbar",Varebil4,Varebiler,2019,2019,0,
0,Hele landet,B,Bruktimporterte kjøretøy,17,"Diesel hybrid, ikke ladbar",Varebil4,Varebiler,2020,2020,0,
0,Hele landet,B,Bruktimporterte kjøretøy,17,"Diesel hybrid, ikke ladbar",Varebil4,Varebiler,2021,2021,6,
0,Hele landet,B,Bruktimporterte kjøretøy,17,"Diesel hybrid, ikke ladbar",Varebil4,Varebiler,2022,2022,4,
0,Hele landet,B,Bruktimporterte kjøretøy,17,"Diesel hybrid, ikke ladbar",Varebil4,Varebiler,2023,2023,1,
0,Hele landet,B,Bruktimporterte kjøretøy,17,"Diesel hybrid, ikke ladbar",Varebil4,Varebiler,2024,2024,2,
0,Hele landet,B,Bruktimporterte kjøretøy,17,"Diesel hybrid, ikke ladbar",Varebil4,Varebiler,2025,2025,15,
0,Hele landet,B,Bruktimporterte kjøretøy,17,"Diesel hybrid, ikke ladbar",Bobiler,Bobiler,2019,2019,0,
0,Hele landet,B,Bruktimporterte kjøretøy,17,"Diesel hybrid, ikke ladbar",Bobiler,Bobiler,2020,2020,0,
0,Hele landet,B,Bruktimporterte kjøretøy,17,"Diesel hybrid, ikke ladbar",Bobiler,Bobiler,2021,2021,0,
0,Hele landet,B,Bruktimporterte kjøretøy,17,"Diesel hybrid, ikke ladbar",Bobiler,Bobiler,2022,2022,0,
0,Hele landet,B,Bruktimporterte kjøretøy,17,"Diesel hybrid, ikke ladbar",Bobiler,Bobiler,2023,2023,0,
0,Hele landet,B,Bruktimporterte kjøretøy,17,"Diesel hybrid, ikke ladbar",Bobiler,Bobiler,2024,2024,0,
0,Hele landet,B,Bruktimporterte kjøretøy,17,"Diesel hybrid, ikke ladbar",Bobiler,Bobiler,2025,2025,0,
0,Hele landet,B,Bruktimporterte kjøretøy,17,"Diesel hybrid, ikke ladbar",Kombibil5,Kombinerte biler,2019,2019,0,
0,Hele landet,B,Bruktimporterte kjøretøy,17,"Diesel hybrid, ikke ladbar",Kombibil5,Kombinerte biler,2020,2020,0,
0,Hele landet,B,Bruktimporterte kjøretøy,17,"Diesel hybrid, ikke ladbar",Kombibil5,Kombinerte biler,2021,2021,0,
0,Hele landet,B,Bruktimporterte kjøretøy,17,"Diesel hybrid, ikke ladbar",Kombibil5,Kombinerte biler,2022,2022,0,
0,Hele landet,B,Bruktimporterte kjøretøy,17,"Diesel hybrid, ikke ladbar",Kombibil5,Kombinerte biler,2023,2023,0,
0,Hele landet,B,Bruktimporterte kjøretøy,17,"Diesel hybrid, ikke ladbar",Kombibil5,Kombinerte biler,2024,2024,0,
0,Hele landet,B,Bruktimporterte kjøretøy,17,"Diesel hybrid, ikke ladbar",Kombibil5,Kombinerte biler,2025,2025,0,
0,Hele landet,B,Bruktimporterte kjøretøy,17,"Diesel hybrid, ikke ladbar",Ambulanse2,Ambulanser,2019,2019,0,
0,Hele landet,B,Bruktimporterte kjøretøy,17,"Diesel hybrid, ikke ladbar",Ambulanse2,Ambulanser,2020,2020,0,
0,Hele landet,B,Bruktimporterte kjøretøy,17,"Diesel hybrid, ikke ladbar",Ambulanse2,Ambulanser,2021,2021,0,
0,Hele landet,B,Bruktimporterte kjøretøy,17,"Diesel hybrid, ikke ladbar",Ambulanse2,Ambulanser,2022,2022,0,
0,Hele landet,B,Bruktimporterte kjøretøy,17,"Diesel hybrid, ikke ladbar",Ambulanse2,Ambulanser,2023,2023,0,
0,Hele landet,B,Bruktimporterte kjøretøy,17,"Diesel hybrid, ikke ladbar",Ambulanse2,Ambulanser,2024,2024,0,
0,Hele landet,B,Bruktimporterte kjøretøy,17,"Diesel hybrid, ikke ladbar",Ambulanse2,Ambulanser,2025,2025,0,
0,Hele landet,B,Bruktimporterte kjøretøy,3,Parafin,Personbil1,Personbiler,2019,2019,0,
0,Hele landet,B,Bruktimporterte kjøretøy,3,Parafin,Personbil1,Personbiler,2020,2020,0,
0,Hele landet,B,Bruktimporterte kjøretøy,3,Parafin,Personbil1,Personbiler,2021,2021,0,
0,Hele landet,B,Bruktimporterte kjøretøy,3,Parafin,Personbil1,Personbiler,2022,2022,0,
0,Hele landet,B,Bruktimporterte kjøretøy,3,Parafin,Personbil1,Personbiler,2023,2023,0,
0,Hele landet,B,Bruktimporterte kjøretøy,3,Parafin,Personbil1,Personbiler,2024,2024,0,
0,Hele landet,B,Bruktimporterte kjøretøy,3,Parafin,Personbil1,Personbiler,2025,2025,0,
0,Hele landet,B,Bruktimporterte kjøretøy,3,Parafin,Varebil4,Varebiler,2019,2019,0,
0,Hele landet,B,Bruktimporterte kjøretøy,3,Parafin,Varebil4,Varebiler,2020,2020,0,
0,Hele landet,B,Bruktimporterte kjøretøy,3,Parafin,Varebil4,Varebiler,2021,2021,0,
0,Hele landet,B,Bruktimporterte kjøretøy,3,Parafin,Varebil4,Varebiler,2022,2022,0,
0,Hele landet,B,Bruktimporterte kjøretøy,3,Parafin,Varebil4,Varebiler,2023,2023,0,
0,Hele landet,B,Bruktimporterte kjøretøy,3,Parafin,Varebil4,Varebiler,2024,2024,0,
0,Hele landet,B,Bruktimporterte kjøretøy,3,Parafin,Varebil4,Varebiler,2025,2025,0,
0,Hele landet,B,Bruktimporterte kjøretøy,3,Parafin,Bobiler,Bobiler,2019,2019,0,
0,Hele landet,B,Bruktimporterte kjøretøy,3,Parafin,Bobiler,Bobiler,2020,2020,0,
0,Hele landet,B,Bruktimporterte kjøretøy,3,Parafin,Bobiler,Bobiler,2021,2021,0,
0,Hele landet,B,Bruktimporterte kjøretøy,3,Parafin,Bobiler,Bobiler,2022,2022,0,
0,Hele landet,B,Bruktimporterte kjøretøy,3,Parafin,Bobiler,Bobiler,2023,2023,0,
0,Hele landet,B,Bruktimporterte kjøretøy,3,Parafin,Bobiler,Bobiler,2024,2024,0,
0,Hele landet,B,Bruktimporterte kjøretøy,3,Parafin,Bobiler,Bobiler,2025,2025,0,
0,Hele landet,B,Bruktimporterte kjøretøy,3,Parafin,Kombibil5,Kombinerte biler,2019,2019,0,
0,Hele landet,B,Bruktimporterte kjøretøy,3,Parafin,Kombibil5,Kombinerte biler,2020,2020,0,
0,Hele landet,B,Bruktimporterte kjøretøy,3,Parafin,Kombibil5,Kombinerte biler,2021,2021,0,
0,Hele landet,B,Bruktimporterte kjøretøy,3,Parafin,Kombibil5,Kombinerte biler,2022,2022,0,
0,Hele landet,B,Bruktimporterte kjøretøy,3,Parafin,Kombibil5,Kombinerte biler,2023,2023,0,
0,Hele landet,B,Bruktimporterte kjøretøy,3,Parafin,Kombibil5,Kombinerte biler,2024,2024,0,
0,Hele landet,B,Bruktimporterte kjøretøy,3,Parafin,Kombibil5,Kombinerte biler,2025,2025,0,
0,Hele landet,B,Bruktimporterte kjøretøy,3,Parafin,Ambulanse2,Ambulanser,2019,2019,0,
0,Hele landet,B,Bruktimporterte kjøretøy,3,Parafin,Ambulanse2,Ambulanser,2020,2020,0,
0,Hele landet,B,Bruktimporterte kjøretøy,3,Parafin,Ambulanse2,Ambulanser,2021,2021,0,
0,Hele landet,B,Bruktimporterte kjøretøy,3,Parafin,Ambulanse2,Ambulanser,2022,2022,0,
0,Hele landet,B,Bruktimporterte kjøretøy,3,Parafin,Ambulanse2,Ambulanser,2023,2023,0,
0,Hele landet,B,Bruktimporterte kjøretøy,3,Parafin,Ambulanse2,Ambulanser,2024,2024,0,
0,Hele landet,B,Bruktimporterte kjøretøy,3,Parafin,Ambulanse2,Ambulanser,2025,2025,0,
0,Hele landet,B,Bruktimporterte kjøretøy,4,Gass,Personbil1,Personbiler,2019,2019,1,
0,Hele landet,B,Bruktimporterte kjøretøy,4,Gass,Personbil1,Personbiler,2020,2020,1,
0,Hele landet,B,Bruktimporterte kjøretøy,4,Gass,Personbil1,Personbiler,2021,2021,0,
0,Hele landet,B,Bruktimporterte kjøretøy,4,Gass,Personbil1,Personbiler,2022,2022,0,
0,Hele landet,B,Bruktimporterte kjøretøy,4,Gass,Personbil1,Personbiler,2023,2023,0,
0,Hele landet,B,Bruktimporterte kjøretøy,4,Gass,Personbil1,Personbiler,2024,2024,0,
0,Hele landet,B,Bruktimporterte kjøretøy,4,Gass,Personbil1,Personbiler,2025,2025,1,
0,Hele landet,B,Bruktimporterte kjøretøy,4,Gass,Varebil4,Varebiler,2019,2019,0,
0,Hele landet,B,Bruktimporterte kjøretøy,4,Gass,Varebil4,Varebiler,2020,2020,0,
0,Hele landet,B,Bruktimporterte kjøretøy,4,Gass,Varebil4,Varebiler,2021,2021,0,
0,Hele landet,B,Bruktimporterte kjøretøy,4,Gass,Varebil4,Varebiler,2022,2022,0,
0,Hele landet,B,Bruktimporterte kjøretøy,4,Gass,Varebil4,Varebiler,2023,2023,0,
0,Hele landet,B,Bruktimporterte kjøretøy,4,Gass,Varebil4,Varebiler,2024,2024,2,
0,Hele landet,B,Bruktimporterte kjøretøy,4,Gass,Varebil4,Varebiler,2025,2025,1,
0,Hele landet,B,Bruktimporterte kjøretøy,4,Gass,Bobiler,Bobiler,2019,2019,0,
0,Hele landet,B,Bruktimporterte kjøretøy,4,Gass,Bobiler,Bobiler,2020,2020,0,
0,Hele landet,B,Bruktimporterte kjøretøy,4,Gass,Bobiler,Bobiler,2021,2021,0,
0,Hele landet,B,Bruktimporterte kjøretøy,4,Gass,Bobiler,Bobiler,2022,2022,0,
0,Hele landet,B,Bruktimporterte kjøretøy,4,Gass,Bobiler,Bobiler,2023,2023,0,
0,Hele landet,B,Bruktimporterte kjøretøy,4,Gass,Bobiler,Bobiler,2024,2024,0,
0,Hele landet,B,Bruktimporterte kjøretøy,4,Gass,Bobiler,Bobiler,2025,2025,0,
0,Hele landet,B,Bruktimporterte kjøretøy,4,Gass,Kombibil5,Kombinerte biler,2019,2019,0,
0,Hele landet,B,Bruktimporterte kjøretøy,4,Gass,Kombibil5,Kombinerte biler,2020,2020,0,
0,Hele landet,B,Bruktimporterte kjøretøy,4,Gass,Kombibil5,Kombinerte biler,2021,2021,0,
0,Hele landet,B,Bruktimporterte kjøretøy,4,Gass,Kombibil5,Kombinerte biler,2022,2022,0,
0,Hele landet,B,Bruktimporterte kjøretøy,4,Gass,Kombibil5,Kombinerte biler,2023,2023,0,
0,Hele landet,B,Bruktimporterte kjøretøy,4,Gass,Kombibil5,Kombinerte biler,2024,2024,0,
0,Hele landet,B,Bruktimporterte kjøretøy,4,Gass,Kombibil5,Kombinerte biler,2025,2025,0,
0,Hele landet,B,Bruktimporterte kjøretøy,4,Gass,Ambulanse2,Ambulanser,2019,2019,0,
0,Hele landet,B,Bruktimporterte kjøretøy,4,Gass,Ambulanse2,Ambulanser,2020,2020,0,
0,Hele landet,B,Bruktimporterte kjøretøy,4,Gass,Ambulanse2,Ambulanser,2021,2021,0,
0,Hele landet,B,Bruktimporterte kjøretøy,4,Gass,Ambulanse2,Ambulanser,2022,2022,0,
0,Hele landet,B,Bruktimporterte kjøretøy,4,Gass,Ambulanse2,Ambulanser,2023,2023,0,
0,Hele landet,B,Bruktimporterte kjøretøy,4,Gass,Ambulanse2,Ambulanser,2024,2024,0,
0,Hele landet,B,Bruktimporterte kjøretøy,4,Gass,Ambulanse2,Ambulanser,2025,2025,0,
0,Hele landet,B,Bruktimporterte kjøretøy,6,Annet drivstoff,Personbil1,Personbiler,2019,2019,0,
0,Hele landet,B,Bruktimporterte kjøretøy,6,Annet drivstoff,Personbil1,Personbiler,2020,2020,2,
0,Hele landet,B,Bruktimporterte kjøretøy,6,Annet drivstoff,Personbil1,Personbiler,2021,2021,3,
0,Hele landet,B,Bruktimporterte kjøretøy,6,Annet drivstoff,Personbil1,Personbiler,2022,2022,2,
0,Hele landet,B,Bruktimporterte kjøretøy,6,Annet drivstoff,Personbil1,Personbiler,2023,2023,5,
0,Hele landet,B,Bruktimporterte kjøretøy,6,Annet drivstoff,Personbil1,Personbiler,2024,2024,3,
0,Hele landet,B,Bruktimporterte kjøretøy,6,Annet drivstoff,Personbil1,Personbiler,2025,2025,3,
0,Hele landet,B,Bruktimporterte kjøretøy,6,Annet drivstoff,Varebil4,Varebiler,2019,2019,0,
0,Hele landet,B,Bruktimporterte kjøretøy,6,Annet drivstoff,Varebil4,Varebiler,2020,2020,0,
0,Hele landet,B,Bruktimporterte kjøretøy,6,Annet drivstoff,Varebil4,Varebiler,2021,2021,0,
0,Hele landet,B,Bruktimporterte kjøretøy,6,Annet drivstoff,Varebil4,Varebiler,2022,2022,0,
0,Hele landet,B,Bruktimporterte kjøretøy,6,Annet drivstoff,Varebil4,Varebiler,2023,2023,0,
0,Hele landet,B,Bruktimporterte kjøretøy,6,Annet drivstoff,Varebil4,Varebiler,2024,2024,0,
0,Hele landet,B,Bruktimporterte kjøretøy,6,Annet drivstoff,Varebil4,Varebiler,2025,2025,1,
0,Hele landet,B,Bruktimporterte kjøretøy,6,Annet drivstoff,Bobiler,Bobiler,2019,2019,0,
0,Hele landet,B,Bruktimporterte kjøretøy,6,Annet drivstoff,Bobiler,Bobiler,2020,2020,0,
0,Hele landet,B,Bruktimporterte kjøretøy,6,Annet drivstoff,Bobiler,Bobiler,2021,2021,0,
0,Hele landet,B,Bruktimporterte kjøretøy,6,Annet drivstoff,Bobiler,Bobiler,2022,2022,0,
0,Hele landet,B,Bruktimporterte kjøretøy,6,Annet drivstoff,Bobiler,Bobiler,2023,2023,0,
0,Hele landet,B,Bruktimporterte kjøretøy,6,Annet drivstoff,Bobiler,Bobiler,2024,2024,0,
0,Hele landet,B,Bruktimporterte kjøretøy,6,Annet drivstoff,Bobiler,Bobiler,2025,2025,0,
0,Hele landet,B,Bruktimporterte kjøretøy,6,Annet drivstoff,Kombibil5,Kombinerte biler,2019,2019,0,
0,Hele landet,B,Bruktimporterte kjøretøy,6,Annet drivstoff,Kombibil5,Kombinerte biler,2020,2020,0,
0,Hele landet,B,Bruktimporterte kjøretøy,6,Annet drivstoff,Kombibil5,Kombinerte biler,2021,2021,0,
0,Hele landet,B,Bruktimporterte kjøretøy,6,Annet drivstoff,Kombibil5,Kombinerte biler,2022,2022,0,
0,Hele landet,B,Bruktimporterte kjøretøy,6,Annet drivstoff,Kombibil5,Kombinerte biler,2023,2023,0,
0,Hele landet,B,Bruktimporterte kjøretøy,6,Annet drivstoff,Kombibil5,Kombinerte biler,2024,2024,0,
0,Hele landet,B,Bruktimporterte kjøretøy,6,Annet drivstoff,Kombibil5,Kombinerte biler,2025,2025,0,
0,Hele landet,B,Bruktimporterte kjøretøy,6,Annet drivstoff,Ambulanse2,Ambulanser,2019,2019,0,
0,Hele landet,B,Bruktimporterte kjøretøy,6,Annet drivstoff,Ambulanse2,Ambulanser,2020,2020,0,
0,Hele landet,B,Bruktimporterte kjøretøy,6,Annet drivstoff,Ambulanse2,Ambulanser,2021,2021,0,
0,Hele landet,B,Bruktimporterte kjøretøy,6,Annet drivstoff,Ambulanse2,Ambulanser,2022,2022,0,
0,Hele landet,B,Bruktimporterte kjøretøy,6,Annet drivstoff,Ambulanse2,Ambulanser,2023,2023,0,
0,Hele landet,B,Bruktimporterte kjøretøy,6,Annet drivstoff,Ambulanse2,Ambulanser,2024,2024,0,
0,Hele landet,B,Bruktimporterte kjøretøy,6,Annet drivstoff,Ambulanse2,Ambulanser,2025,2025,0,
