PetroleumProd,PetroleumProd_label,ContentsCode,ContentsCode_label,Tid,Tid_label,value,status
031,"Bensin, blyfri 95 oktan",Priser,Priser (kr per liter),1986M08,1986M08,4.44,
031,"Bensin, blyfri 95 oktan",Priser,Priser (kr per liter),1986M09,1986M09,4.44,
031,"Bensin, blyfri 95 oktan",Priser,Priser (kr per liter),1986M10,1986M10,4.43,
031,"Bensin, blyfri 95 oktan",Priser,Priser (kr per liter),1986M11,1986M11,4.42,
031,"Bensin, blyfri 95 oktan",Priser,Priser (kr per liter),1986M12,1986M12,4.42,
031,"Bensin, blyfri 95 oktan",Priser,Priser (kr per liter),1987M01,1987M01,4.65,
031,"Bensin, blyfri 95 oktan",Priser,Priser (kr per liter),1987M02,1987M02,4.72,
031,"Bensin, blyfri 95 oktan",Priser,Priser (kr per liter),1987M03,1987M03,4.64,
031,"Bensin, blyfri 95 oktan",Priser,Priser (kr per liter),1987M04,1987M04,4.65,
031,"Bensin, blyfri 95 oktan",Priser,Priser (kr per liter),1987M05,1987M05,4.63,
031,"Bensin, blyfri 95 oktan",Priser,Priser (kr per liter),1987M06,1987M06,4.65,
031,"Bensin, blyfri 95 oktan",Priser,Priser (kr per liter),1987M07,1987M07,4.64,
031,"Bensin, blyfri 95 oktan",Priser,Priser (kr per liter),1987M08,1987M08,4.72,
031,"Bensin, blyfri 95 oktan",Priser,Priser (kr per liter),1987M09,1987M09,4.71,
031,"Bensin, blyfri 95 oktan",Priser,Priser (kr per liter),1987M10,1987M10,4.63,
031,"Bensin, blyfri 95 oktan",Priser,Priser (kr per liter),1987M11,1987M11,4.61,
031,"Bensin, blyfri 95 oktan",Priser,Priser (kr per liter),1987M12,1987M12,4.6,
031,"Bensin, blyfri 95 oktan",Priser,Priser (kr per liter),1988M01,1988M01,4.8,
031,"Bensin, blyfri 95 oktan",Priser,Priser (kr per liter),1988M02,1988M02,4.79,
031,"Bensin, blyfri 95 oktan",Priser,Priser (kr per liter),1988M03,1988M03,4.78,
031,"Bensin, blyfri 95 oktan",Priser,Priser (kr per liter),1988M04,1988M04,4.73,
031,"Bensin, blyfri 95 oktan",Priser,Priser (kr per liter),1988M05,1988M05,4.72,
031,"Bensin, blyfri 95 oktan",Priser,Priser (kr per liter),1988M06,1988M06,4.77,
031,"Bensin, blyfri 95 oktan",Priser,Priser (kr per liter),1988M07,1988M07,4.77,
031,"Bensin, blyfri 95 oktan",Priser,Priser (kr per liter),1988M08,1988M08,4.77,
031,"Bensin, blyfri 95 oktan",Priser,Priser (kr per liter),1988M09,1988M09,4.86,
031,"Bensin, blyfri 95 oktan",Priser,Priser (kr per liter),1988M10,1988M10,4.83,
031,"Bensin, blyfri 95 oktan",Priser,Priser (kr per liter),1988M11,1988M11,4.83,
031,"Bensin, blyfri 95 oktan",Priser,Priser (kr per liter),1988M12,1988M12,4.8,
031,"Bensin, blyfri 95 oktan",Priser,Priser (kr per liter),1989M01,1989M01,4.9,
031,"Bensin, blyfri 95 oktan",Priser,Priser (kr per liter),1989M02,1989M02,4.92,
031,"Bensin, blyfri 95 oktan",Priser,Priser (kr per liter),1989M03,1989M03,4.92,
031,"Bensin, blyfri 95 oktan",Priser,Priser (kr per liter),1989M04,1989M04,5.0,
031,"Bensin, blyfri 95 oktan",Priser,Priser (kr per liter),1989M05,1989M05,5.24,
031,"Bensin, blyfri 95 oktan",Priser,Priser (kr per liter),1989M06,1989M06,5.29,
031,"Bensin, blyfri 95 oktan",Priser,Priser (kr per liter),1989M07,1989M07,5.3,
031,"Bensin, blyfri 95 oktan",Priser,Priser (kr per liter),1989M08,1989M08,5.2,
031,"Bensin, blyfri 95 oktan",Priser,Priser (kr per liter),1989M09,1989M09,5.2,
031,"Bensin, blyfri 95 oktan",Priser,Priser (kr per liter),1989M10,1989M10,5.2,
031,"Bensin, blyfri 95 oktan",Priser,Priser (kr per liter),1989M11,1989M11,5.23,
031,"Bensin, blyfri 95 oktan",Priser,Priser (kr per liter),1989M12,1989M12,5.2,
031,"Bensin, blyfri 95 oktan",Priser,Priser (kr per liter),1990M01,1990M01,5.4,
031,"Bensin, blyfri 95 oktan",Priser,Priser (kr per liter),1990M02,1990M02,5.5,
031,"Bensin, blyfri 95 oktan",Priser,Priser (kr per liter),1990M03,1990M03,5.48,
031,"Bensin, blyfri 95 oktan",Priser,Priser (kr per liter),1990M04,1990M04,5.11,
031,"Bensin, blyfri 95 oktan",Priser,Priser (kr per liter),1990M05,1990M05,5.04,
031,"Bensin, blyfri 95 oktan",Priser,Priser (kr per liter),1990M06,1990M06,5.04,
031,"Bensin, blyfri 95 oktan",Priser,Priser (kr per liter),1990M07,1990M07,5.37,
031,"Bensin, blyfri 95 oktan",Priser,Priser (kr per liter),1990M08,1990M08,5.54,
031,"Bensin, blyfri 95 oktan",Priser,Priser (kr per liter),1990M09,1990M09,5.85,
031,"Bensin, blyfri 95 oktan",Priser,Priser (kr per liter),1990M10,1990M10,6.3,
031,"Bensin, blyfri 95 oktan",Priser,Priser (kr per liter),1990M11,1990M11,6.2,
031,"Bensin, blyfri 95 oktan",Priser,Priser (kr per liter),1990M12,1990M12,5.89,
031,"Bensin, blyfri 95 oktan",Priser,Priser (kr per liter),1991M01,1991M01,6.44,
031,"Bensin, blyfri 95 oktan",Priser,Priser (kr per liter),1991M02,1991M02,6.04,
031,"Bensin, blyfri 95 oktan",Priser,Priser (kr per liter),1991M03,1991M03,6.23,
031,"Bensin, blyfri 95 oktan",Priser,Priser (kr per liter),1991M04,1991M04,6.29,
031,"Bensin, blyfri 95 oktan",Priser,Priser (kr per liter),1991M05,1991M05,6.43,
031,"Bensin, blyfri 95 oktan",Priser,Priser (kr per liter),1991M06,1991M06,6.48,
031,"Bensin, blyfri 95 oktan",Priser,Priser (kr per liter),1991M07,1991M07,6.59,
031,"Bensin, blyfri 95 oktan",Priser,Priser (kr per liter),1991M08,1991M08,6.51,
031,"Bensin, blyfri 95 oktan",Priser,Priser (kr per liter),1991M09,1991M09,6.49,
031,"Bensin, blyfri 95 oktan",Priser,Priser (kr per liter),1991M10,1991M10,6.47,
031,"Bensin, blyfri 95 oktan",Priser,Priser (kr per liter),1991M11,1991M11,6.47,
031,"Bensin, blyfri 95 oktan",Priser,Priser (kr per liter),1991M12,1991M12,6.34,
031,"Bensin, blyfri 95 oktan",Priser,Priser (kr per liter),1992M01,1992M01,6.54,
031,"Bensin, blyfri 95 oktan",Priser,Priser (kr per liter),1992M02,1992M02,6.5,
031,"Bensin, blyfri 95 oktan",Priser,Priser (kr per liter),1992M03,1992M03,6.6,
031,"Bensin, blyfri 95 oktan",Priser,Priser (kr per liter),1992M04,1992M04,6.64,
031,"Bensin, blyfri 95 oktan",Priser,Priser (kr per liter),1992M05,1992M05,6.68,
031,"Bensin, blyfri 95 oktan",Priser,Priser (kr per liter),1992M06,1992M06,6.71,
031,"Bensin, blyfri 95 oktan",Priser,Priser (kr per liter),1992M07,1992M07,6.84,
031,"Bensin, blyfri 95 oktan",Priser,Priser (kr per liter),1992M08,1992M08,6.92,
031,"Bensin, blyfri 95 oktan",Priser,Priser (kr per liter),1992M09,1992M09,6.84,
031,"Bensin, blyfri 95 oktan",Priser,Priser (kr per liter),1992M10,1992M10,6.94,
031,"Bensin, blyfri 95 oktan",Priser,Priser (kr per liter),1992M11,1992M11,6.99,
031,"Bensin, blyfri 95 oktan",Priser,Priser (kr per liter),1992M12,1992M12,6.96,
031,"Bensin, blyfri 95 oktan",Priser,Priser (kr per liter),1993M01,1993M01,7.08,
031,"Bensin, blyfri 95 oktan",Priser,Priser (kr per liter),1993M02,1993M02,7.11,
031,"Bensin, blyfri 95 oktan",Priser,Priser (kr per liter),1993M03,1993M03,7.14,
031,"Bensin, blyfri 95 oktan",Priser,Priser (kr per liter),1993M04,1993M04,7.16,
031,"Bensin, blyfri 95 oktan",Priser,Priser (kr per liter),1993M05,1993M05,7.15,
031,"Bensin, blyfri 95 oktan",Priser,Priser (kr per liter),1993M06,1993M06,7.1,
031,"Bensin, blyfri 95 oktan",Priser,Priser (kr per liter),1993M07,1993M07,7.17,
031,"Bensin, blyfri 95 oktan",Priser,Priser (kr per liter),1993M08,1993M08,7.19,
031,"Bensin, blyfri 95 oktan",Priser,Priser (kr per liter),1993M09,1993M09,7.17,
031,"Bensin, blyfri 95 oktan",Priser,Priser (kr per liter),1993M10,1993M10,7.11,
031,"Bensin, blyfri 95 oktan",Priser,Priser (kr per liter),1993M11,1993M11,7.1,
031,"Bensin, blyfri 95 oktan",Priser,Priser (kr per liter),1993M12,1993M12,6.99,
031,"Bensin, blyfri 95 oktan",Priser,Priser (kr per liter),1994M01,1994M01,6.98,
031,"Bensin, blyfri 95 oktan",Priser,Priser (kr per liter),1994M02,1994M02,7.06,
031,"Bensin, blyfri 95 oktan",Priser,Priser (kr per liter),1994M03,1994M03,7.09,
031,"Bensin, blyfri 95 oktan",Priser,Priser (kr per liter),1994M04,1994M04,6.95,
031,"Bensin, blyfri 95 oktan",Priser,Priser (kr per liter),1994M05,1994M05,6.97,
031,"Bensin, blyfri 95 oktan",Priser,Priser (kr per liter),1994M06,1994M06,7.04,
031,"Bensin, blyfri 95 oktan",Priser,Priser (kr per liter),1994M07,1994M07,7.33,
031,"Bensin, blyfri 95 oktan",Priser,Priser (kr per liter),1994M08,1994M08,7.48,
031,"Bensin, blyfri 95 oktan",Priser,Priser (kr per liter),1994M09,1994M09,7.41,
031,"Bensin, blyfri 95 oktan",Priser,Priser (kr per liter),1994M10,1994M10,7.29,
031,"Bensin, blyfri 95 oktan",Priser,Priser (kr per liter),1994M11,1994M11,7.37,
031,"Bensin, blyfri 95 oktan",Priser,Priser (kr per liter),1994M12,1994M12,7.27,
031,"Bensin, blyfri 95 oktan",Priser,Priser (kr per liter),1995M01,1995M01,7.58,
031,"Bensin, blyfri 95 oktan",Priser,Priser (kr per liter),1995M02,1995M02,7.58,
031,"Bensin, blyfri 95 oktan",Priser,Priser (kr per liter),1995M03,1995M03,7.58,
031,"Bensin, blyfri 95 oktan",Priser,Priser (kr per liter),1995M04,1995M04,7.62,
031,"Bensin, blyfri 95 oktan",Priser,Priser (kr per liter),1995M05,1995M05,7.7,
031,"Bensin, blyfri 95 oktan",Priser,Priser (kr per liter),1995M06,1995M06,7.7,
031,"Bensin, blyfri 95 oktan",Priser,Priser (kr per liter),1995M07,1995M07,7.61,
031,"Bensin, blyfri 95 oktan",Priser,Priser (kr per liter),1995M08,1995M08,7.61,
031,"Bensin, blyfri 95 oktan",Priser,Priser (kr per liter),1995M09,1995M09,7.66,
031,"Bensin, blyfri 95 oktan",Priser,Priser (kr per liter),1995M10,1995M10,7.59,
031,"Bensin, blyfri 95 oktan",Priser,Priser (kr per liter),1995M11,1995M11,7.67,
031,"Bensin, blyfri 95 oktan",Priser,Priser (kr per liter),1995M12,1995M12,7.64,
031,"Bensin, blyfri 95 oktan",Priser,Priser (kr per liter),1996M01,1996M01,7.74,
031,"Bensin, blyfri 95 oktan",Priser,Priser (kr per liter),1996M02,1996M02,7.74,
031,"Bensin, blyfri 95 oktan",Priser,Priser (kr per liter),1996M03,1996M03,7.83,
031,"Bensin, blyfri 95 oktan",Priser,Priser (kr per liter),1996M04,1996M04,8.05,
031,"Bensin, blyfri 95 oktan",Priser,Priser (kr per liter),1996M05,1996M05,8.11,
031,"Bensin, blyfri 95 oktan",Priser,Priser (kr per liter),1996M06,1996M06,7.87,
031,"Bensin, blyfri 95 oktan",Priser,Priser (kr per liter),1996M07,1996M07,7.75,
031,"Bensin, blyfri 95 oktan",Priser,Priser (kr per liter),1996M08,1996M08,7.73,
031,"Bensin, blyfri 95 oktan",Priser,Priser (kr per liter),1996M09,1996M09,7.48,
031,"Bensin, blyfri 95 oktan",Priser,Priser (kr per liter),1996M10,1996M10,7.72,
031,"Bensin, blyfri 95 oktan",Priser,Priser (kr per liter),1996M11,1996M11,7.68,
031,"Bensin, blyfri 95 oktan",Priser,Priser (kr per liter),1996M12,1996M12,7.49,
031,"Bensin, blyfri 95 oktan",Priser,Priser (kr per liter),1997M01,1997M01,8.09,
031,"Bensin, blyfri 95 oktan",Priser,Priser (kr per liter),1997M02,1997M02,8.09,
031,"Bensin, blyfri 95 oktan",Priser,Priser (kr per liter),1997M03,1997M03,8.18,
031,"Bensin, blyfri 95 oktan",Priser,Priser (kr per liter),1997M04,1997M04,8.17,
031,"Bensin, blyfri 95 oktan",Priser,Priser (kr per liter),1997M05,1997M05,8.57,
031,"Bensin, blyfri 95 oktan",Priser,Priser (kr per liter),1997M06,1997M06,8.36,
031,"Bensin, blyfri 95 oktan",Priser,Priser (kr per liter),1997M07,1997M07,8.39,
031,"Bensin, blyfri 95 oktan",Priser,Priser (kr per liter),1997M08,1997M08,8.46,
031,"Bensin, blyfri 95 oktan",Priser,Priser (kr per liter),1997M09,1997M09,8.43,
031,"Bensin, blyfri 95 oktan",Priser,Priser (kr per liter),1997M10,1997M10,8.51,
031,"Bensin, blyfri 95 oktan",Priser,Priser (kr per liter),1997M11,1997M11,8.7,
031,"Bensin, blyfri 95 oktan",Priser,Priser (kr per liter),1997M12,1997M12,8.65,
031,"Bensin, blyfri 95 oktan",Priser,Priser (kr per liter),1998M01,1998M01,8.68,
031,"Bensin, blyfri 95 oktan",Priser,Priser (kr per liter),1998M02,1998M02,8.47,
031,"Bensin, blyfri 95 oktan",Priser,Priser (kr per liter),1998M03,1998M03,8.54,
031,"Bensin, blyfri 95 oktan",Priser,Priser (kr per liter),1998M04,1998M04,8.39,
031,"Bensin, blyfri 95 oktan",Priser,Priser (kr per liter),1998M05,1998M05,8.39,
031,"Bensin, blyfri 95 oktan",Priser,Priser (kr per liter),1998M06,1998M06,8.36,
031,"Bensin, blyfri 95 oktan",Priser,Priser (kr per liter),1998M07,1998M07,8.5,
031,"Bensin, blyfri 95 oktan",Priser,Priser (kr per liter),1998M08,1998M08,8.22,
031,"Bensin, blyfri 95 oktan",Priser,Priser (kr per liter),1998M09,1998M09,8.45,
031,"Bensin, blyfri 95 oktan",Priser,Priser (kr per liter),1998M10,1998M10,8.03,
031,"Bensin, blyfri 95 oktan",Priser,Priser (kr per liter),1998M11,1998M11,8.21,
031,"Bensin, blyfri 95 oktan",Priser,Priser (kr per liter),1998M12,1998M12,8.18,
031,"Bensin, blyfri 95 oktan",Priser,Priser (kr per liter),1999M01,1999M01,8.52,
031,"Bensin, blyfri 95 oktan",Priser,Priser (kr per liter),1999M02,1999M02,8.4,
031,"Bensin, blyfri 95 oktan",Priser,Priser (kr per liter),1999M03,1999M03,8.5,
031,"Bensin, blyfri 95 oktan",Priser,Priser (kr per liter),1999M04,1999M04,8.77,
031,"Bensin, blyfri 95 oktan",Priser,Priser (kr per liter),1999M05,1999M05,8.92,
031,"Bensin, blyfri 95 oktan",Priser,Priser (kr per liter),1999M06,1999M06,8.89,
031,"Bensin, blyfri 95 oktan",Priser,Priser (kr per liter),1999M07,1999M07,9.08,
031,"Bensin, blyfri 95 oktan",Priser,Priser (kr per liter),1999M08,1999M08,9.3,
031,"Bensin, blyfri 95 oktan",Priser,Priser (kr per liter),1999M09,1999M09,9.32,
031,"Bensin, blyfri 95 oktan",Priser,Priser (kr per liter),1999M10,1999M10,9.04,
031,"Bensin, blyfri 95 oktan",Priser,Priser (kr per liter),1999M11,1999M11,9.26,
031,"Bensin, blyfri 95 oktan",Priser,Priser (kr per liter),1999M12,1999M12,9.62,
031,"Bensin, blyfri 95 oktan",Priser,Priser (kr per liter),2000M01,2000M01,9.59,
031,"Bensin, blyfri 95 oktan",Priser,Priser (kr per liter),2000M02,2000M02,9.61,
031,"Bensin, blyfri 95 oktan",Priser,Priser (kr per liter),2000M03,2000M03,10.22,
031,"Bensin, blyfri 95 oktan",Priser,Priser (kr per liter),2000M04,2000M04,10.09,
031,"Bensin, blyfri 95 oktan",Priser,Priser (kr per liter),2000M05,2000M05,10.25,
031,"Bensin, blyfri 95 oktan",Priser,Priser (kr per liter),2000M06,2000M06,10.85,
031,"Bensin, blyfri 95 oktan",Priser,Priser (kr per liter),2000M07,2000M07,10.74,
031,"Bensin, blyfri 95 oktan",Priser,Priser (kr per liter),2000M08,2000M08,10.3,
031,"Bensin, blyfri 95 oktan",Priser,Priser (kr per liter),2000M09,2000M09,10.79,
031,"Bensin, blyfri 95 oktan",Priser,Priser (kr per liter),2000M10,2000M10,10.46,
031,"Bensin, blyfri 95 oktan",Priser,Priser (kr per liter),2000M11,2000M11,10.47,
031,"Bensin, blyfri 95 oktan",Priser,Priser (kr per liter),2000M12,2000M12,10.0,
031,"Bensin, blyfri 95 oktan",Priser,Priser (kr per liter),2001M01,2001M01,9.41,
031,"Bensin, blyfri 95 oktan",Priser,Priser (kr per liter),2001M02,2001M02,9.7,
031,"Bensin, blyfri 95 oktan",Priser,Priser (kr per liter),2001M03,2001M03,9.56,
031,"Bensin, blyfri 95 oktan",Priser,Priser (kr per liter),2001M04,2001M04,9.86,
031,"Bensin, blyfri 95 oktan",Priser,Priser (kr per liter),2001M05,2001M05,10.42,
031,"Bensin, blyfri 95 oktan",Priser,Priser (kr per liter),2001M06,2001M06,9.97,
031,"Bensin, blyfri 95 oktan",Priser,Priser (kr per liter),2001M07,2001M07,9.11,
031,"Bensin, blyfri 95 oktan",Priser,Priser (kr per liter),2001M08,2001M08,9.02,
031,"Bensin, blyfri 95 oktan",Priser,Priser (kr per liter),2001M09,2001M09,9.2,
031,"Bensin, blyfri 95 oktan",Priser,Priser (kr per liter),2001M10,2001M10,8.74,
031,"Bensin, blyfri 95 oktan",Priser,Priser (kr per liter),2001M11,2001M11,8.33,
031,"Bensin, blyfri 95 oktan",Priser,Priser (kr per liter),2001M12,2001M12,8.23,
031,"Bensin, blyfri 95 oktan",Priser,Priser (kr per liter),2002M01,2002M01,8.53,
031,"Bensin, blyfri 95 oktan",Priser,Priser (kr per liter),2002M02,2002M02,8.57,
031,"Bensin, blyfri 95 oktan",Priser,Priser (kr per liter),2002M03,2002M03,8.78,
031,"Bensin, blyfri 95 oktan",Priser,Priser (kr per liter),2002M04,2002M04,9.25,
031,"Bensin, blyfri 95 oktan",Priser,Priser (kr per liter),2002M05,2002M05,8.99,
031,"Bensin, blyfri 95 oktan",Priser,Priser (kr per liter),2002M06,2002M06,8.83,
031,"Bensin, blyfri 95 oktan",Priser,Priser (kr per liter),2002M07,2002M07,8.81,
031,"Bensin, blyfri 95 oktan",Priser,Priser (kr per liter),2002M08,2002M08,8.94,
031,"Bensin, blyfri 95 oktan",Priser,Priser (kr per liter),2002M09,2002M09,9.12,
031,"Bensin, blyfri 95 oktan",Priser,Priser (kr per liter),2002M10,2002M10,9.04,
031,"Bensin, blyfri 95 oktan",Priser,Priser (kr per liter),2002M11,2002M11,8.89,
031,"Bensin, blyfri 95 oktan",Priser,Priser (kr per liter),2002M12,2002M12,8.89,
031,"Bensin, blyfri 95 oktan",Priser,Priser (kr per liter),2003M01,2003M01,8.99,
031,"Bensin, blyfri 95 oktan",Priser,Priser (kr per liter),2003M02,2003M02,9.48,
031,"Bensin, blyfri 95 oktan",Priser,Priser (kr per liter),2003M03,2003M03,9.56,
031,"Bensin, blyfri 95 oktan",Priser,Priser (kr per liter),2003M04,2003M04,9.3,
031,"Bensin, blyfri 95 oktan",Priser,Priser (kr per liter),2003M05,2003M05,8.71,
031,"Bensin, blyfri 95 oktan",Priser,Priser (kr per liter),2003M06,2003M06,8.83,
031,"Bensin, blyfri 95 oktan",Priser,Priser (kr per liter),2003M07,2003M07,9.13,
031,"Bensin, blyfri 95 oktan",Priser,Priser (kr per liter),2003M08,2003M08,9.3,
031,"Bensin, blyfri 95 oktan",Priser,Priser (kr per liter),2003M09,2003M09,9.19,
031,"Bensin, blyfri 95 oktan",Priser,Priser (kr per liter),2003M10,2003M10,8.99,
031,"Bensin, blyfri 95 oktan",Priser,Priser (kr per liter),2003M11,2003M11,9.12,
031,"Bensin, blyfri 95 oktan",Priser,Priser (kr per liter),2003M12,2003M12,8.88,
031,"Bensin, blyfri 95 oktan",Priser,Priser (kr per liter),2004M01,2004M01,8.89,
031,"Bensin, blyfri 95 oktan",Priser,Priser (kr per liter),2004M02,2004M02,9.25,
031,"Bensin, blyfri 95 oktan",Priser,Priser (kr per liter),2004M03,2004M03,9.56,
031,"Bensin, blyfri 95 oktan",Priser,Priser (kr per liter),2004M04,2004M04,9.54,
031,"Bensin, blyfri 95 oktan",Priser,Priser (kr per liter),2004M05,2004M05,10.04,
031,"Bensin, blyfri 95 oktan",Priser,Priser (kr per liter),2004M06,2004M06,9.93,
031,"Bensin, blyfri 95 oktan",Priser,Priser (kr per liter),2004M07,2004M07,10.17,
031,"Bensin, blyfri 95 oktan",Priser,Priser (kr per liter),2004M08,2004M08,10.13,
031,"Bensin, blyfri 95 oktan",Priser,Priser (kr per liter),2004M09,2004M09,9.61,
031,"Bensin, blyfri 95 oktan",Priser,Priser (kr per liter),2004M10,2004M10,10.06,
031,"Bensin, blyfri 95 oktan",Priser,Priser (kr per liter),2004M11,2004M11,9.72,
031,"Bensin, blyfri 95 oktan",Priser,Priser (kr per liter),2004M12,2004M12,9.55,
031,"Bensin, blyfri 95 oktan",Priser,Priser (kr per liter),2005M01,2005M01,9.68,
031,"Bensin, blyfri 95 oktan",Priser,Priser (kr per liter),2005M02,2005M02,9.83,
031,"Bensin, blyfri 95 oktan",Priser,Priser (kr per liter),2005M03,2005M03,10.02,
031,"Bensin, blyfri 95 oktan",Priser,Priser (kr per liter),2005M04,2005M04,10.66,
031,"Bensin, blyfri 95 oktan",Priser,Priser (kr per liter),2005M05,2005M05,10.56,
031,"Bensin, blyfri 95 oktan",Priser,Priser (kr per liter),2005M06,2005M06,10.66,
031,"Bensin, blyfri 95 oktan",Priser,Priser (kr per liter),2005M07,2005M07,11.05,
031,"Bensin, blyfri 95 oktan",Priser,Priser (kr per liter),2005M08,2005M08,11.06,
031,"Bensin, blyfri 95 oktan",Priser,Priser (kr per liter),2005M09,2005M09,11.45,
031,"Bensin, blyfri 95 oktan",Priser,Priser (kr per liter),2005M10,2005M10,11.23,
031,"Bensin, blyfri 95 oktan",Priser,Priser (kr per liter),2005M11,2005M11,10.6,
031,"Bensin, blyfri 95 oktan",Priser,Priser (kr per liter),2005M12,2005M12,10.72,
031,"Bensin, blyfri 95 oktan",Priser,Priser (kr per liter),2006M01,2006M01,11.13,
031,"Bensin, blyfri 95 oktan",Priser,Priser (kr per liter),2006M02,2006M02,11.13,
031,"Bensin, blyfri 95 oktan",Priser,Priser (kr per liter),2006M03,2006M03,11.15,
031,"Bensin, blyfri 95 oktan",Priser,Priser (kr per liter),2006M04,2006M04,11.7,
031,"Bensin, blyfri 95 oktan",Priser,Priser (kr per liter),2006M05,2006M05,11.86,
031,"Bensin, blyfri 95 oktan",Priser,Priser (kr per liter),2006M06,2006M06,11.87,
031,"Bensin, blyfri 95 oktan",Priser,Priser (kr per liter),2006M07,2006M07,12.32,
031,"Bensin, blyfri 95 oktan",Priser,Priser (kr per liter),2006M08,2006M08,12.27,
031,"Bensin, blyfri 95 oktan",Priser,Priser (kr per liter),2006M09,2006M09,11.36,
031,"Bensin, blyfri 95 oktan",Priser,Priser (kr per liter),2006M10,2006M10,11.03,
031,"Bensin, blyfri 95 oktan",Priser,Priser (kr per liter),2006M11,2006M11,10.81,
031,"Bensin, blyfri 95 oktan",Priser,Priser (kr per liter),2006M12,2006M12,10.84,
031,"Bensin, blyfri 95 oktan",Priser,Priser (kr per liter),2007M01,2007M01,10.8,
031,"Bensin, blyfri 95 oktan",Priser,Priser (kr per liter),2007M02,2007M02,10.92,
031,"Bensin, blyfri 95 oktan",Priser,Priser (kr per liter),2007M03,2007M03,11.29,
031,"Bensin, blyfri 95 oktan",Priser,Priser (kr per liter),2007M04,2007M04,11.66,
031,"Bensin, blyfri 95 oktan",Priser,Priser (kr per liter),2007M05,2007M05,12.09,
031,"Bensin, blyfri 95 oktan",Priser,Priser (kr per liter),2007M06,2007M06,12.06,
031,"Bensin, blyfri 95 oktan",Priser,Priser (kr per liter),2007M07,2007M07,12.18,
031,"Bensin, blyfri 95 oktan",Priser,Priser (kr per liter),2007M08,2007M08,11.9,
031,"Bensin, blyfri 95 oktan",Priser,Priser (kr per liter),2007M09,2007M09,11.69,
031,"Bensin, blyfri 95 oktan",Priser,Priser (kr per liter),2007M10,2007M10,11.39,
031,"Bensin, blyfri 95 oktan",Priser,Priser (kr per liter),2007M11,2007M11,12.19,
031,"Bensin, blyfri 95 oktan",Priser,Priser (kr per liter),2007M12,2007M12,12.02,
031,"Bensin, blyfri 95 oktan",Priser,Priser (kr per liter),2008M01,2008M01,12.19,
031,"Bensin, blyfri 95 oktan",Priser,Priser (kr per liter),2008M02,2008M02,12.27,
031,"Bensin, blyfri 95 oktan",Priser,Priser (kr per liter),2008M03,2008M03,12.5,
031,"Bensin, blyfri 95 oktan",Priser,Priser (kr per liter),2008M04,2008M04,12.44,
031,"Bensin, blyfri 95 oktan",Priser,Priser (kr per liter),2008M05,2008M05,12.99,
031,"Bensin, blyfri 95 oktan",Priser,Priser (kr per liter),2008M06,2008M06,13.04,
031,"Bensin, blyfri 95 oktan",Priser,Priser (kr per liter),2008M07,2008M07,13.8,
031,"Bensin, blyfri 95 oktan",Priser,Priser (kr per liter),2008M08,2008M08,13.19,
031,"Bensin, blyfri 95 oktan",Priser,Priser (kr per liter),2008M09,2008M09,13.14,
031,"Bensin, blyfri 95 oktan",Priser,Priser (kr per liter),2008M10,2008M10,12.59,
031,"Bensin, blyfri 95 oktan",Priser,Priser (kr per liter),2008M11,2008M11,11.34,
031,"Bensin, blyfri 95 oktan",Priser,Priser (kr per liter),2008M12,2008M12,10.34,
031,"Bensin, blyfri 95 oktan",Priser,Priser (kr per liter),2009M01,2009M01,10.75,
031,"Bensin, blyfri 95 oktan",Priser,Priser (kr per liter),2009M02,2009M02,10.94,
031,"Bensin, blyfri 95 oktan",Priser,Priser (kr per liter),2009M03,2009M03,10.84,
031,"Bensin, blyfri 95 oktan",Priser,Priser (kr per liter),2009M04,2009M04,11.33,
031,"Bensin, blyfri 95 oktan",Priser,Priser (kr per liter),2009M05,2009M05,11.7,
031,"Bensin, blyfri 95 oktan",Priser,Priser (kr per liter),2009M06,2009M06,12.43,
031,"Bensin, blyfri 95 oktan",Priser,Priser (kr per liter),2009M07,2009M07,12.13,
031,"Bensin, blyfri 95 oktan",Priser,Priser (kr per liter),2009M08,2009M08,12.39,
031,"Bensin, blyfri 95 oktan",Priser,Priser (kr per liter),2009M09,2009M09,12.27,
031,"Bensin, blyfri 95 oktan",Priser,Priser (kr per liter),2009M10,2009M10,11.84,
031,"Bensin, blyfri 95 oktan",Priser,Priser (kr per liter),2009M11,2009M11,12.13,
031,"Bensin, blyfri 95 oktan",Priser,Priser (kr per liter),2009M12,2009M12,12.11,
031,"Bensin, blyfri 95 oktan",Priser,Priser (kr per liter),2010M01,2010M01,12.38,
031,"Bensin, blyfri 95 oktan",Priser,Priser (kr per liter),2010M02,2010M02,12.03,
031,"Bensin, blyfri 95 oktan",Priser,Priser (kr per liter),2010M03,2010M03,12.74,
031,"Bensin, blyfri 95 oktan",Priser,Priser (kr per liter),2010M04,2010M04,12.96,
031,"Bensin, blyfri 95 oktan",Priser,Priser (kr per liter),2010M05,2010M05,12.89,
031,"Bensin, blyfri 95 oktan",Priser,Priser (kr per liter),2010M06,2010M06,12.79,
031,"Bensin, blyfri 95 oktan",Priser,Priser (kr per liter),2010M07,2010M07,12.72,
031,"Bensin, blyfri 95 oktan",Priser,Priser (kr per liter),2010M08,2010M08,12.47,
031,"Bensin, blyfri 95 oktan",Priser,Priser (kr per liter),2010M09,2010M09,12.45,
031,"Bensin, blyfri 95 oktan",Priser,Priser (kr per liter),2010M10,2010M10,12.57,
031,"Bensin, blyfri 95 oktan",Priser,Priser (kr per liter),2010M11,2010M11,12.76,
031,"Bensin, blyfri 95 oktan",Priser,Priser (kr per liter),2010M12,2010M12,13.22,
031,"Bensin, blyfri 95 oktan",Priser,Priser (kr per liter),2011M01,2011M01,13.33,
031,"Bensin, blyfri 95 oktan",Priser,Priser (kr per liter),2011M02,2011M02,13.43,
031,"Bensin, blyfri 95 oktan",Priser,Priser (kr per liter),2011M03,2011M03,13.94,
031,"Bensin, blyfri 95 oktan",Priser,Priser (kr per liter),2011M04,2011M04,14.23,
031,"Bensin, blyfri 95 oktan",Priser,Priser (kr per liter),2011M05,2011M05,14.29,
031,"Bensin, blyfri 95 oktan",Priser,Priser (kr per liter),2011M06,2011M06,14.26,
031,"Bensin, blyfri 95 oktan",Priser,Priser (kr per liter),2011M07,2011M07,14.21,
031,"Bensin, blyfri 95 oktan",Priser,Priser (kr per liter),2011M08,2011M08,14.06,
031,"Bensin, blyfri 95 oktan",Priser,Priser (kr per liter),2011M09,2011M09,14.02,
031,"Bensin, blyfri 95 oktan",Priser,Priser (kr per liter),2011M10,2011M10,13.95,
031,"Bensin, blyfri 95 oktan",Priser,Priser (kr per liter),2011M11,2011M11,13.83,
031,"Bensin, blyfri 95 oktan",Priser,Priser (kr per liter),2011M12,2011M12,13.8,
031,"Bensin, blyfri 95 oktan",Priser,Priser (kr per liter),2012M01,2012M01,14.36,
031,"Bensin, blyfri 95 oktan",Priser,Priser (kr per liter),2012M02,2012M02,14.71,
031,"Bensin, blyfri 95 oktan",Priser,Priser (kr per liter),2012M03,2012M03,15.05,
031,"Bensin, blyfri 95 oktan",Priser,Priser (kr per liter),2012M04,2012M04,15.45,
031,"Bensin, blyfri 95 oktan",Priser,Priser (kr per liter),2012M05,2012M05,14.88,
031,"Bensin, blyfri 95 oktan",Priser,Priser (kr per liter),2012M06,2012M06,14.56,
031,"Bensin, blyfri 95 oktan",Priser,Priser (kr per liter),2012M07,2012M07,14.55,
031,"Bensin, blyfri 95 oktan",Priser,Priser (kr per liter),2012M08,2012M08,14.83,
031,"Bensin, blyfri 95 oktan",Priser,Priser (kr per liter),2012M09,2012M09,15.22,
031,"Bensin, blyfri 95 oktan",Priser,Priser (kr per liter),2012M10,2012M10,14.85,
031,"Bensin, blyfri 95 oktan",Priser,Priser (kr per liter),2012M11,2012M11,14.32,
031,"Bensin, blyfri 95 oktan",Priser,Priser (kr per liter),2012M12,2012M12,14.21,
031,"Bensin, blyfri 95 oktan",Priser,Priser (kr per liter),2013M01,2013M01,14.41,
031,"Bensin, blyfri 95 oktan",Priser,Priser (kr per liter),2013M02,2013M02,14.65,
031,"Bensin, blyfri 95 oktan",Priser,Priser (kr per liter),2013M03,2013M03,14.65,
031,"Bensin, blyfri 95 oktan",Priser,Priser (kr per liter),2013M04,2013M04,14.51,
031,"Bensin, blyfri 95 oktan",Priser,Priser (kr per liter),2013M05,2013M05,14.54,
031,"Bensin, blyfri 95 oktan",Priser,Priser (kr per liter),2013M06,2013M06,14.61,
031,"Bensin, blyfri 95 oktan",Priser,Priser (kr per liter),2013M07,2013M07,15.07,
031,"Bensin, blyfri 95 oktan",Priser,Priser (kr per liter),2013M08,2013M08,15.07,
031,"Bensin, blyfri 95 oktan",Priser,Priser (kr per liter),2013M09,2013M09,15.05,
031,"Bensin, blyfri 95 oktan",Priser,Priser (kr per liter),2013M10,2013M10,14.81,
031,"Bensin, blyfri 95 oktan",Priser,Priser (kr per liter),2013M11,2013M11,14.63,
031,"Bensin, blyfri 95 oktan",Priser,Priser (kr per liter),2013M12,2013M12,14.68,
031,"Bensin, blyfri 95 oktan",Priser,Priser (kr per liter),2014M01,2014M01,14.91,
031,"Bensin, blyfri 95 oktan",Priser,Priser (kr per liter),2014M02,2014M02,14.84,
031,"Bensin, blyfri 95 oktan",Priser,Priser (kr per liter),2014M03,2014M03,14.71,
031,"Bensin, blyfri 95 oktan",Priser,Priser (kr per liter),2014M04,2014M04,14.69,
031,"Bensin, blyfri 95 oktan",Priser,Priser (kr per liter),2014M05,2014M05,15.03,
031,"Bensin, blyfri 95 oktan",Priser,Priser (kr per liter),2014M06,2014M06,14.97,
031,"Bensin, blyfri 95 oktan",Priser,Priser (kr per liter),2014M07,2014M07,15.29,
031,"Bensin, blyfri 95 oktan",Priser,Priser (kr per liter),2014M08,2014M08,15.12,
031,"Bensin, blyfri 95 oktan",Priser,Priser (kr per liter),2014M09,2014M09,14.96,
031,"Bensin, blyfri 95 oktan",Priser,Priser (kr per liter),2014M10,2014M10,14.6,
031,"Bensin, blyfri 95 oktan",Priser,Priser (kr per liter),2014M11,2014M11,14.48,
031,"Bensin, blyfri 95 oktan",Priser,Priser (kr per liter),2014M12,2014M12,13.72,
031,"Bensin, blyfri 95 oktan",Priser,Priser (kr per liter),2015M01,2015M01,13.78,
031,"Bensin, blyfri 95 oktan",Priser,Priser (kr per liter),2015M02,2015M02,13.55,
031,"Bensin, blyfri 95 oktan",Priser,Priser (kr per liter),2015M03,2015M03,13.95,
031,"Bensin, blyfri 95 oktan",Priser,Priser (kr per liter),2015M04,2015M04,14.28,
031,"Bensin, blyfri 95 oktan",Priser,Priser (kr per liter),2015M05,2015M05,13.99,
031,"Bensin, blyfri 95 oktan",Priser,Priser (kr per liter),2015M06,2015M06,14.69,
031,"Bensin, blyfri 95 oktan",Priser,Priser (kr per liter),2015M07,2015M07,14.92,
031,"Bensin, blyfri 95 oktan",Priser,Priser (kr per liter),2015M08,2015M08,14.04,
031,"Bensin, blyfri 95 oktan",Priser,Priser (kr per liter),2015M09,2015M09,13.69,
031,"Bensin, blyfri 95 oktan",Priser,Priser (kr per liter),2015M10,2015M10,13.5,
031,"Bensin, blyfri 95 oktan",Priser,Priser (kr per liter),2015M11,2015M11,13.55,
031,"Bensin, blyfri 95 oktan",Priser,Priser (kr per liter),2015M12,2015M12,13.29,
031,"Bensin, blyfri 95 oktan",Priser,Priser (kr per liter),2016M01,2016M01,13.29,
031,"Bensin, blyfri 95 oktan",Priser,Priser (kr per liter),2016M02,2016M02,12.93,
031,"Bensin, blyfri 95 oktan",Priser,Priser (kr per liter),2016M03,2016M03,13.41,
031,"Bensin, blyfri 95 oktan",Priser,Priser (kr per liter),2016M04,2016M04,13.53,
031,"Bensin, blyfri 95 oktan",Priser,Priser (kr per liter),2016M05,2016M05,13.57,
031,"Bensin, blyfri 95 oktan",Priser,Priser (kr per liter),2016M06,2016M06,14.02,
031,"Bensin, blyfri 95 oktan",Priser,Priser (kr per liter),2016M07,2016M07,13.88,
031,"Bensin, blyfri 95 oktan",Priser,Priser (kr per liter),2016M08,2016M08,13.63,
031,"Bensin, blyfri 95 oktan",Priser,Priser (kr per liter),2016M09,2016M09,13.47,
031,"Bensin, blyfri 95 oktan",Priser,Priser (kr per liter),2016M10,2016M10,13.33,
031,"Bensin, blyfri 95 oktan",Priser,Priser (kr per liter),2016M11,2016M11,13.69,
031,"Bensin, blyfri 95 oktan",Priser,Priser (kr per liter),2016M12,2016M12,13.89,
031,"Bensin, blyfri 95 oktan",Priser,Priser (kr per liter),2017M01,2017M01,14.94,
031,"Bensin, blyfri 95 oktan",Priser,Priser (kr per liter),2017M02,2017M02,14.87,
031,"Bensin, blyfri 95 oktan",Priser,Priser (kr per liter),2017M03,2017M03,14.61,
031,"Bensin, blyfri 95 oktan",Priser,Priser (kr per liter),2017M04,2017M04,14.28,
031,"Bensin, blyfri 95 oktan",Priser,Priser (kr per liter),2017M05,2017M05,14.38,
031,"Bensin, blyfri 95 oktan",Priser,Priser (kr per liter),2017M06,2017M06,14.69,
031,"Bensin, blyfri 95 oktan",Priser,Priser (kr per liter),2017M07,2017M07,14.58,
031,"Bensin, blyfri 95 oktan",Priser,Priser (kr per liter),2017M08,2017M08,14.79,
031,"Bensin, blyfri 95 oktan",Priser,Priser (kr per liter),2017M09,2017M09,15.05,
031,"Bensin, blyfri 95 oktan",Priser,Priser (kr per liter),2017M10,2017M10,14.25,
031,"Bensin, blyfri 95 oktan",Priser,Priser (kr per liter),2017M11,2017M11,14.96,
031,"Bensin, blyfri 95 oktan",Priser,Priser (kr per liter),2017M12,2017M12,14.23,
031,"Bensin, blyfri 95 oktan",Priser,Priser (kr per liter),2018M01,2018M01,15.02,
031,"Bensin, blyfri 95 oktan",Priser,Priser (kr per liter),2018M02,2018M02,15.23,
031,"Bensin, blyfri 95 oktan",Priser,Priser (kr per liter),2018M03,2018M03,14.93,
031,"Bensin, blyfri 95 oktan",Priser,Priser (kr per liter),2018M04,2018M04,15.21,
031,"Bensin, blyfri 95 oktan",Priser,Priser (kr per liter),2018M05,2018M05,15.95,
031,"Bensin, blyfri 95 oktan",Priser,Priser (kr per liter),2018M06,2018M06,15.65,
031,"Bensin, blyfri 95 oktan",Priser,Priser (kr per liter),2018M07,2018M07,15.83,
031,"Bensin, blyfri 95 oktan",Priser,Priser (kr per liter),2018M08,2018M08,15.94,
031,"Bensin, blyfri 95 oktan",Priser,Priser (kr per liter),2018M09,2018M09,15.97,
031,"Bensin, blyfri 95 oktan",Priser,Priser (kr per liter),2018M10,2018M10,15.96,
031,"Bensin, blyfri 95 oktan",Priser,Priser (kr per liter),2018M11,2018M11,16.02,
031,"Bensin, blyfri 95 oktan",Priser,Priser (kr per liter),2018M12,2018M12,14.93,
031,"Bensin, blyfri 95 oktan",Priser,Priser (kr per liter),2019M01,2019M01,14.91,
031,"Bensin, blyfri 95 oktan",Priser,Priser (kr per liter),2019M02,2019M02,15.06,
031,"Bensin, blyfri 95 oktan",Priser,Priser (kr per liter),2019M03,2019M03,15.31,
031,"Bensin, blyfri 95 oktan",Priser,Priser (kr per liter),2019M04,2019M04,15.8,
031,"Bensin, blyfri 95 oktan",Priser,Priser (kr per liter),2019M05,2019M05,16.07,
031,"Bensin, blyfri 95 oktan",Priser,Priser (kr per liter),2019M06,2019M06,15.99,
031,"Bensin, blyfri 95 oktan",Priser,Priser (kr per liter),2019M07,2019M07,16.31,
031,"Bensin, blyfri 95 oktan",Priser,Priser (kr per liter),2019M08,2019M08,15.92,
031,"Bensin, blyfri 95 oktan",Priser,Priser (kr per liter),2019M09,2019M09,15.61,
031,"Bensin, blyfri 95 oktan",Priser,Priser (kr per liter),2019M10,2019M10,15.59,
031,"Bensin, blyfri 95 oktan",Priser,Priser (kr per liter),2019M11,2019M11,16.01,
031,"Bensin, blyfri 95 oktan",Priser,Priser (kr per liter),2019M12,2019M12,15.7,
031,"Bensin, blyfri 95 oktan",Priser,Priser (kr per liter),2020M01,2020M01,15.92,
031,"Bensin, blyfri 95 oktan",Priser,Priser (kr per liter),2020M02,2020M02,15.6,
031,"Bensin, blyfri 95 oktan",Priser,Priser (kr per liter),2020M03,2020M03,15.19,
031,"Bensin, blyfri 95 oktan",Priser,Priser (kr per liter),2020M04,2020M04,13.69,
031,"Bensin, blyfri 95 oktan",Priser,Priser (kr per liter),2020M05,2020M05,14.07,
031,"Bensin, blyfri 95 oktan",Priser,Priser (kr per liter),2020M06,2020M06,14.78,
031,"Bensin, blyfri 95 oktan",Priser,Priser (kr per liter),2020M07,2020M07,15.35,
031,"Bensin, blyfri 95 oktan",Priser,Priser (kr per liter),2020M08,2020M08,14.86,
031,"Bensin, blyfri 95 oktan",Priser,Priser (kr per liter),2020M09,2020M09,14.38,
031,"Bensin, blyfri 95 oktan",Priser,Priser (kr per liter),2020M10,2020M10,14.43,
031,"Bensin, blyfri 95 oktan",Priser,Priser (kr per liter),2020M11,2020M11,13.56,
031,"Bensin, blyfri 95 oktan",Priser,Priser (kr per liter),2020M12,2020M12,14.44,
031,"Bensin, blyfri 95 oktan",Priser,Priser (kr per liter),2021M01,2021M01,15.32,
031,"Bensin, blyfri 95 oktan",Priser,Priser (kr per liter),2021M02,2021M02,15.57,
031,"Bensin, blyfri 95 oktan",Priser,Priser (kr per liter),2021M03,2021M03,15.59,
031,"Bensin, blyfri 95 oktan",Priser,Priser (kr per liter),2021M04,2021M04,15.85,
031,"Bensin, blyfri 95 oktan",Priser,Priser (kr per liter),2021M05,2021M05,16.01,
031,"Bensin, blyfri 95 oktan",Priser,Priser (kr per liter),2021M06,2021M06,16.2,
031,"Bensin, blyfri 95 oktan",Priser,Priser (kr per liter),2021M07,2021M07,16.95,
031,"Bensin, blyfri 95 oktan",Priser,Priser (kr per liter),2021M08,2021M08,17.15,
031,"Bensin, blyfri 95 oktan",Priser,Priser (kr per liter),2021M09,2021M09,17.05,
031,"Bensin, blyfri 95 oktan",Priser,Priser (kr per liter),2021M10,2021M10,17.37,
031,"Bensin, blyfri 95 oktan",Priser,Priser (kr per liter),2021M11,2021M11,17.65,
031,"Bensin, blyfri 95 oktan",Priser,Priser (kr per liter),2021M12,2021M12,17.58,
031,"Bensin, blyfri 95 oktan",Priser,Priser (kr per liter),2022M01,2022M01,18.64,
031,"Bensin, blyfri 95 oktan",Priser,Priser (kr per liter),2022M02,2022M02,19.28,
031,"Bensin, blyfri 95 oktan",Priser,Priser (kr per liter),2022M03,2022M03,22.04,
031,"Bensin, blyfri 95 oktan",Priser,Priser (kr per liter),2022M04,2022M04,21.24,
031,"Bensin, blyfri 95 oktan",Priser,Priser (kr per liter),2022M05,2022M05,22.96,
031,"Bensin, blyfri 95 oktan",Priser,Priser (kr per liter),2022M06,2022M06,26.16,
031,"Bensin, blyfri 95 oktan",Priser,Priser (kr per liter),2022M07,2022M07,25.06,
031,"Bensin, blyfri 95 oktan",Priser,Priser (kr per liter),2022M08,2022M08,21.39,
031,"Bensin, blyfri 95 oktan",Priser,Priser (kr per liter),2022M09,2022M09,21.4,
031,"Bensin, blyfri 95 oktan",Priser,Priser (kr per liter),2022M10,2022M10,22.89,
031,"Bensin, blyfri 95 oktan",Priser,Priser (kr per liter),2022M11,2022M11,21.04,
031,"Bensin, blyfri 95 oktan",Priser,Priser (kr per liter),2022M12,2022M12,19.3,
031,"Bensin, blyfri 95 oktan",Priser,Priser (kr per liter),2023M01,2023M01,20.49,
031,"Bensin, blyfri 95 oktan",Priser,Priser (kr per liter),2023M02,2023M02,20.97,
031,"Bensin, blyfri 95 oktan",Priser,Priser (kr per liter),2023M03,2023M03,22.32,
031,"Bensin, blyfri 95 oktan",Priser,Priser (kr per liter),2023M04,2023M04,22.68,
031,"Bensin, blyfri 95 oktan",Priser,Priser (kr per liter),2023M05,2023M05,21.44,
031,"Bensin, blyfri 95 oktan",Priser,Priser (kr per liter),2023M06,2023M06,22.01,
031,"Bensin, blyfri 95 oktan",Priser,Priser (kr per liter),2023M07,2023M07,21.88,
031,"Bensin, blyfri 95 oktan",Priser,Priser (kr per liter),2023M08,2023M08,22.92,
031,"Bensin, blyfri 95 oktan",Priser,Priser (kr per liter),2023M09,2023M09,22.9,
031,"Bensin, blyfri 95 oktan",Priser,Priser (kr per liter),2023M10,2023M10,22.94,
031,"Bensin, blyfri 95 oktan",Priser,Priser (kr per liter),2023M11,2023M11,22.12,
031,"Bensin, blyfri 95 oktan",Priser,Priser (kr per liter),2023M12,2023M12,21.15,
031,"Bensin, blyfri 95 oktan",Priser,Priser (kr per liter),2024M01,2024M01,20.44,
031,"Bensin, blyfri 95 oktan",Priser,Priser (kr per liter),2024M02,2024M02,21.92,
031,"Bensin, blyfri 95 oktan",Priser,Priser (kr per liter),2024M03,2024M03,21.35,
031,"Bensin, blyfri 95 oktan",Priser,Priser (kr per liter),2024M04,2024M04,22.44,
031,"Bensin, blyfri 95 oktan",Priser,Priser (kr per liter),2024M05,2024M05,23.28,
031,"Bensin, blyfri 95 oktan",Priser,Priser (kr per liter),2024M06,2024M06,23.41,
031,"Bensin, blyfri 95 oktan",Priser,Priser (kr per liter),2024M07,2024M07,22.56,
031,"Bensin, blyfri 95 oktan",Priser,Priser (kr per liter),2024M08,2024M08,21.98,
031,"Bensin, blyfri 95 oktan",Priser,Priser (kr per liter),2024M09,2024M09,21.81,
031,"Bensin, blyfri 95 oktan",Priser,Priser (kr per liter),2024M10,2024M10,21.85,
031,"Bensin, blyfri 95 oktan",Priser,Priser (kr per liter),2024M11,2024M11,22.21,
031,"Bensin, blyfri 95 oktan",Priser,Priser (kr per liter),2024M12,2024M12,21.86,
031,"Bensin, blyfri 95 oktan",Priser,Priser (kr per liter),2025M01,2025M01,21.52,
031,"Bensin, blyfri 95 oktan",Priser,Priser (kr per liter),2025M02,2025M02,21.27,
031,"Bensin, blyfri 95 oktan",Priser,Priser (kr per liter),2025M03,2025M03,20.4,
031,"Bensin, blyfri 95 oktan",Priser,Priser (kr per liter),2025M04,2025M04,19.76,
031,"Bensin, blyfri 95 oktan",Priser,Priser (kr per liter),2025M05,2025M05,19.95,
031,"Bensin, blyfri 95 oktan",Priser,Priser (kr per liter),2025M06,2025M06,19.63,
031,"Bensin, blyfri 95 oktan",Priser,Priser (kr per liter),2025M07,2025M07,21.21,
031,"Bensin, blyfri 95 oktan",Priser,Priser (kr per liter),2025M08,2025M08,21.17,
031,"Bensin, blyfri 95 oktan",Priser,Priser (kr per liter),2025M09,2025M09,20.78,
031,"Bensin, blyfri 95 oktan",Priser,Priser (kr per liter),2025M10,2025M10,21.17,
031,"Bensin, blyfri 95 oktan",Priser,Priser (kr per liter),2025M11,2025M11,20.52,
031,"Bensin, blyfri 95 oktan",Priser,Priser (kr per liter),2025M12,2025M12,20.78,
031,"Bensin, blyfri 95 oktan",Priser,Priser (kr per liter),2026M01,2026M01,20.47,
031,"Bensin, blyfri 95 oktan",Priser,Priser (kr per liter),2026M02,2026M02,19.68,
031,"Bensin, blyfri 95 oktan",Priser,Priser (kr per liter),2026M03,2026M03,23.5,
031,"Bensin, blyfri 95 oktan",Priser,Priser (kr per liter),2026M04,2026M04,19.32,
031,"Bensin, blyfri 95 oktan",Priser,Priser (kr per liter),2026M05,2026M05,19.15,
031,"Bensin, blyfri 95 oktan",Priser,Priser (kr per liter),2026M06,2026M06,18.43,
035,Avgiftspliktig diesel,Priser,Priser (kr per liter),1986M08,1986M08,1.97,
035,Avgiftspliktig diesel,Priser,Priser (kr per liter),1986M09,1986M09,1.93,
035,Avgiftspliktig diesel,Priser,Priser (kr per liter),1986M10,1986M10,1.96,
035,Avgiftspliktig diesel,Priser,Priser (kr per liter),1986M11,1986M11,1.87,
035,Avgiftspliktig diesel,Priser,Priser (kr per liter),1986M12,1986M12,1.86,
035,Avgiftspliktig diesel,Priser,Priser (kr per liter),1987M01,1987M01,2.13,
035,Avgiftspliktig diesel,Priser,Priser (kr per liter),1987M02,1987M02,2.2,
035,Avgiftspliktig diesel,Priser,Priser (kr per liter),1987M03,1987M03,2.1,
035,Avgiftspliktig diesel,Priser,Priser (kr per liter),1987M04,1987M04,2.1,
035,Avgiftspliktig diesel,Priser,Priser (kr per liter),1987M05,1987M05,2.08,
035,Avgiftspliktig diesel,Priser,Priser (kr per liter),1987M06,1987M06,2.1,
035,Avgiftspliktig diesel,Priser,Priser (kr per liter),1987M07,1987M07,2.1,
035,Avgiftspliktig diesel,Priser,Priser (kr per liter),1987M08,1987M08,2.17,
035,Avgiftspliktig diesel,Priser,Priser (kr per liter),1987M09,1987M09,2.17,
035,Avgiftspliktig diesel,Priser,Priser (kr per liter),1987M10,1987M10,2.17,
035,Avgiftspliktig diesel,Priser,Priser (kr per liter),1987M11,1987M11,2.15,
035,Avgiftspliktig diesel,Priser,Priser (kr per liter),1987M12,1987M12,2.14,
035,Avgiftspliktig diesel,Priser,Priser (kr per liter),1988M01,1988M01,2.25,
035,Avgiftspliktig diesel,Priser,Priser (kr per liter),1988M02,1988M02,2.25,
035,Avgiftspliktig diesel,Priser,Priser (kr per liter),1988M03,1988M03,2.24,
035,Avgiftspliktig diesel,Priser,Priser (kr per liter),1988M04,1988M04,2.23,
035,Avgiftspliktig diesel,Priser,Priser (kr per liter),1988M05,1988M05,2.22,
035,Avgiftspliktig diesel,Priser,Priser (kr per liter),1988M06,1988M06,2.2,
035,Avgiftspliktig diesel,Priser,Priser (kr per liter),1988M07,1988M07,2.18,
035,Avgiftspliktig diesel,Priser,Priser (kr per liter),1988M08,1988M08,2.18,
035,Avgiftspliktig diesel,Priser,Priser (kr per liter),1988M09,1988M09,2.2,
035,Avgiftspliktig diesel,Priser,Priser (kr per liter),1988M10,1988M10,2.16,
035,Avgiftspliktig diesel,Priser,Priser (kr per liter),1988M11,1988M11,2.14,
035,Avgiftspliktig diesel,Priser,Priser (kr per liter),1988M12,1988M12,2.09,
035,Avgiftspliktig diesel,Priser,Priser (kr per liter),1989M01,1989M01,2.18,
035,Avgiftspliktig diesel,Priser,Priser (kr per liter),1989M02,1989M02,2.21,
035,Avgiftspliktig diesel,Priser,Priser (kr per liter),1989M03,1989M03,2.26,
035,Avgiftspliktig diesel,Priser,Priser (kr per liter),1989M04,1989M04,2.3,
035,Avgiftspliktig diesel,Priser,Priser (kr per liter),1989M05,1989M05,2.42,
035,Avgiftspliktig diesel,Priser,Priser (kr per liter),1989M06,1989M06,2.49,
035,Avgiftspliktig diesel,Priser,Priser (kr per liter),1989M07,1989M07,2.49,
035,Avgiftspliktig diesel,Priser,Priser (kr per liter),1989M08,1989M08,2.46,
035,Avgiftspliktig diesel,Priser,Priser (kr per liter),1989M09,1989M09,2.44,
035,Avgiftspliktig diesel,Priser,Priser (kr per liter),1989M10,1989M10,2.44,
035,Avgiftspliktig diesel,Priser,Priser (kr per liter),1989M11,1989M11,2.47,
035,Avgiftspliktig diesel,Priser,Priser (kr per liter),1989M12,1989M12,2.53,
035,Avgiftspliktig diesel,Priser,Priser (kr per liter),1990M01,1990M01,2.7,
035,Avgiftspliktig diesel,Priser,Priser (kr per liter),1990M02,1990M02,2.77,
035,Avgiftspliktig diesel,Priser,Priser (kr per liter),1990M03,1990M03,2.74,
035,Avgiftspliktig diesel,Priser,Priser (kr per liter),1990M04,1990M04,2.58,
035,Avgiftspliktig diesel,Priser,Priser (kr per liter),1990M05,1990M05,2.63,
035,Avgiftspliktig diesel,Priser,Priser (kr per liter),1990M06,1990M06,2.57,
035,Avgiftspliktig diesel,Priser,Priser (kr per liter),1990M07,1990M07,2.55,
035,Avgiftspliktig diesel,Priser,Priser (kr per liter),1990M08,1990M08,2.71,
035,Avgiftspliktig diesel,Priser,Priser (kr per liter),1990M09,1990M09,3.09,
035,Avgiftspliktig diesel,Priser,Priser (kr per liter),1990M10,1990M10,3.56,
035,Avgiftspliktig diesel,Priser,Priser (kr per liter),1990M11,1990M11,3.57,
035,Avgiftspliktig diesel,Priser,Priser (kr per liter),1990M12,1990M12,3.36,
035,Avgiftspliktig diesel,Priser,Priser (kr per liter),1991M01,1991M01,3.65,
035,Avgiftspliktig diesel,Priser,Priser (kr per liter),1991M02,1991M02,3.65,
035,Avgiftspliktig diesel,Priser,Priser (kr per liter),1991M03,1991M03,3.59,
035,Avgiftspliktig diesel,Priser,Priser (kr per liter),1991M04,1991M04,3.29,
035,Avgiftspliktig diesel,Priser,Priser (kr per liter),1991M05,1991M05,3.36,
035,Avgiftspliktig diesel,Priser,Priser (kr per liter),1991M06,1991M06,3.04,
035,Avgiftspliktig diesel,Priser,Priser (kr per liter),1991M07,1991M07,3.37,
035,Avgiftspliktig diesel,Priser,Priser (kr per liter),1991M08,1991M08,3.4,
035,Avgiftspliktig diesel,Priser,Priser (kr per liter),1991M09,1991M09,3.38,
035,Avgiftspliktig diesel,Priser,Priser (kr per liter),1991M10,1991M10,3.44,
035,Avgiftspliktig diesel,Priser,Priser (kr per liter),1991M11,1991M11,3.5,
035,Avgiftspliktig diesel,Priser,Priser (kr per liter),1991M12,1991M12,3.36,
035,Avgiftspliktig diesel,Priser,Priser (kr per liter),1992M01,1992M01,3.26,
035,Avgiftspliktig diesel,Priser,Priser (kr per liter),1992M02,1992M02,3.29,
035,Avgiftspliktig diesel,Priser,Priser (kr per liter),1992M03,1992M03,3.28,
035,Avgiftspliktig diesel,Priser,Priser (kr per liter),1992M04,1992M04,3.03,
035,Avgiftspliktig diesel,Priser,Priser (kr per liter),1992M05,1992M05,3.38,
035,Avgiftspliktig diesel,Priser,Priser (kr per liter),1992M06,1992M06,3.4,
035,Avgiftspliktig diesel,Priser,Priser (kr per liter),1992M07,1992M07,3.17,
035,Avgiftspliktig diesel,Priser,Priser (kr per liter),1992M08,1992M08,3.12,
035,Avgiftspliktig diesel,Priser,Priser (kr per liter),1992M09,1992M09,3.06,
035,Avgiftspliktig diesel,Priser,Priser (kr per liter),1992M10,1992M10,3.2,
035,Avgiftspliktig diesel,Priser,Priser (kr per liter),1992M11,1992M11,3.03,
035,Avgiftspliktig diesel,Priser,Priser (kr per liter),1992M12,1992M12,3.28,
035,Avgiftspliktig diesel,Priser,Priser (kr per liter),1993M01,1993M01,3.32,
035,Avgiftspliktig diesel,Priser,Priser (kr per liter),1993M02,1993M02,3.33,
035,Avgiftspliktig diesel,Priser,Priser (kr per liter),1993M03,1993M03,3.04,
035,Avgiftspliktig diesel,Priser,Priser (kr per liter),1993M04,1993M04,3.39,
035,Avgiftspliktig diesel,Priser,Priser (kr per liter),1993M05,1993M05,3.37,
035,Avgiftspliktig diesel,Priser,Priser (kr per liter),1993M06,1993M06,3.32,
035,Avgiftspliktig diesel,Priser,Priser (kr per liter),1993M07,1993M07,3.3,
035,Avgiftspliktig diesel,Priser,Priser (kr per liter),1993M08,1993M08,3.33,
035,Avgiftspliktig diesel,Priser,Priser (kr per liter),1993M09,1993M09,3.33,
035,Avgiftspliktig diesel,Priser,Priser (kr per liter),1993M10,1993M10,6.22,
035,Avgiftspliktig diesel,Priser,Priser (kr per liter),1993M11,1993M11,6.22,
035,Avgiftspliktig diesel,Priser,Priser (kr per liter),1993M12,1993M12,6.22,
035,Avgiftspliktig diesel,Priser,Priser (kr per liter),1994M01,1994M01,6.41,
035,Avgiftspliktig diesel,Priser,Priser (kr per liter),1994M02,1994M02,6.44,
035,Avgiftspliktig diesel,Priser,Priser (kr per liter),1994M03,1994M03,6.46,
035,Avgiftspliktig diesel,Priser,Priser (kr per liter),1994M04,1994M04,6.41,
035,Avgiftspliktig diesel,Priser,Priser (kr per liter),1994M05,1994M05,6.44,
035,Avgiftspliktig diesel,Priser,Priser (kr per liter),1994M06,1994M06,6.45,
035,Avgiftspliktig diesel,Priser,Priser (kr per liter),1994M07,1994M07,6.45,
035,Avgiftspliktig diesel,Priser,Priser (kr per liter),1994M08,1994M08,6.46,
035,Avgiftspliktig diesel,Priser,Priser (kr per liter),1994M09,1994M09,6.4,
035,Avgiftspliktig diesel,Priser,Priser (kr per liter),1994M10,1994M10,6.66,
035,Avgiftspliktig diesel,Priser,Priser (kr per liter),1994M11,1994M11,6.68,
035,Avgiftspliktig diesel,Priser,Priser (kr per liter),1994M12,1994M12,6.74,
035,Avgiftspliktig diesel,Priser,Priser (kr per liter),1995M01,1995M01,7.06,
035,Avgiftspliktig diesel,Priser,Priser (kr per liter),1995M02,1995M02,7.07,
035,Avgiftspliktig diesel,Priser,Priser (kr per liter),1995M03,1995M03,7.03,
035,Avgiftspliktig diesel,Priser,Priser (kr per liter),1995M04,1995M04,7.06,
035,Avgiftspliktig diesel,Priser,Priser (kr per liter),1995M05,1995M05,7.06,
035,Avgiftspliktig diesel,Priser,Priser (kr per liter),1995M06,1995M06,7.02,
035,Avgiftspliktig diesel,Priser,Priser (kr per liter),1995M07,1995M07,6.92,
035,Avgiftspliktig diesel,Priser,Priser (kr per liter),1995M08,1995M08,6.9,
035,Avgiftspliktig diesel,Priser,Priser (kr per liter),1995M09,1995M09,7.01,
035,Avgiftspliktig diesel,Priser,Priser (kr per liter),1995M10,1995M10,7.02,
035,Avgiftspliktig diesel,Priser,Priser (kr per liter),1995M11,1995M11,7.04,
035,Avgiftspliktig diesel,Priser,Priser (kr per liter),1995M12,1995M12,7.09,
035,Avgiftspliktig diesel,Priser,Priser (kr per liter),1996M01,1996M01,7.27,
035,Avgiftspliktig diesel,Priser,Priser (kr per liter),1996M02,1996M02,7.3,
035,Avgiftspliktig diesel,Priser,Priser (kr per liter),1996M03,1996M03,7.43,
035,Avgiftspliktig diesel,Priser,Priser (kr per liter),1996M04,1996M04,7.55,
035,Avgiftspliktig diesel,Priser,Priser (kr per liter),1996M05,1996M05,7.43,
035,Avgiftspliktig diesel,Priser,Priser (kr per liter),1996M06,1996M06,7.37,
035,Avgiftspliktig diesel,Priser,Priser (kr per liter),1996M07,1996M07,7.34,
035,Avgiftspliktig diesel,Priser,Priser (kr per liter),1996M08,1996M08,7.39,
035,Avgiftspliktig diesel,Priser,Priser (kr per liter),1996M09,1996M09,7.49,
035,Avgiftspliktig diesel,Priser,Priser (kr per liter),1996M10,1996M10,7.85,
035,Avgiftspliktig diesel,Priser,Priser (kr per liter),1996M11,1996M11,7.7,
035,Avgiftspliktig diesel,Priser,Priser (kr per liter),1996M12,1996M12,7.18,
035,Avgiftspliktig diesel,Priser,Priser (kr per liter),1997M01,1997M01,7.71,
035,Avgiftspliktig diesel,Priser,Priser (kr per liter),1997M02,1997M02,7.61,
035,Avgiftspliktig diesel,Priser,Priser (kr per liter),1997M03,1997M03,7.43,
035,Avgiftspliktig diesel,Priser,Priser (kr per liter),1997M04,1997M04,7.33,
035,Avgiftspliktig diesel,Priser,Priser (kr per liter),1997M05,1997M05,7.65,
035,Avgiftspliktig diesel,Priser,Priser (kr per liter),1997M06,1997M06,7.61,
035,Avgiftspliktig diesel,Priser,Priser (kr per liter),1997M07,1997M07,7.58,
035,Avgiftspliktig diesel,Priser,Priser (kr per liter),1997M08,1997M08,7.65,
035,Avgiftspliktig diesel,Priser,Priser (kr per liter),1997M09,1997M09,7.63,
035,Avgiftspliktig diesel,Priser,Priser (kr per liter),1997M10,1997M10,7.77,
035,Avgiftspliktig diesel,Priser,Priser (kr per liter),1997M11,1997M11,7.74,
035,Avgiftspliktig diesel,Priser,Priser (kr per liter),1997M12,1997M12,7.88,
035,Avgiftspliktig diesel,Priser,Priser (kr per liter),1998M01,1998M01,7.9,
035,Avgiftspliktig diesel,Priser,Priser (kr per liter),1998M02,1998M02,7.85,
035,Avgiftspliktig diesel,Priser,Priser (kr per liter),1998M03,1998M03,7.81,
035,Avgiftspliktig diesel,Priser,Priser (kr per liter),1998M04,1998M04,7.83,
035,Avgiftspliktig diesel,Priser,Priser (kr per liter),1998M05,1998M05,7.79,
035,Avgiftspliktig diesel,Priser,Priser (kr per liter),1998M06,1998M06,7.75,
035,Avgiftspliktig diesel,Priser,Priser (kr per liter),1998M07,1998M07,7.72,
035,Avgiftspliktig diesel,Priser,Priser (kr per liter),1998M08,1998M08,7.73,
035,Avgiftspliktig diesel,Priser,Priser (kr per liter),1998M09,1998M09,7.73,
035,Avgiftspliktig diesel,Priser,Priser (kr per liter),1998M10,1998M10,7.78,
035,Avgiftspliktig diesel,Priser,Priser (kr per liter),1998M11,1998M11,7.69,
035,Avgiftspliktig diesel,Priser,Priser (kr per liter),1998M12,1998M12,7.64,
035,Avgiftspliktig diesel,Priser,Priser (kr per liter),1999M01,1999M01,7.75,
035,Avgiftspliktig diesel,Priser,Priser (kr per liter),1999M02,1999M02,7.72,
035,Avgiftspliktig diesel,Priser,Priser (kr per liter),1999M03,1999M03,7.73,
035,Avgiftspliktig diesel,Priser,Priser (kr per liter),1999M04,1999M04,8.01,
035,Avgiftspliktig diesel,Priser,Priser (kr per liter),1999M05,1999M05,8.02,
035,Avgiftspliktig diesel,Priser,Priser (kr per liter),1999M06,1999M06,7.93,
035,Avgiftspliktig diesel,Priser,Priser (kr per liter),1999M07,1999M07,8.12,
035,Avgiftspliktig diesel,Priser,Priser (kr per liter),1999M08,1999M08,8.33,
035,Avgiftspliktig diesel,Priser,Priser (kr per liter),1999M09,1999M09,8.39,
035,Avgiftspliktig diesel,Priser,Priser (kr per liter),1999M10,1999M10,8.48,
035,Avgiftspliktig diesel,Priser,Priser (kr per liter),1999M11,1999M11,8.59,
035,Avgiftspliktig diesel,Priser,Priser (kr per liter),1999M12,1999M12,8.97,
035,Avgiftspliktig diesel,Priser,Priser (kr per liter),2000M01,2000M01,9.6,
035,Avgiftspliktig diesel,Priser,Priser (kr per liter),2000M02,2000M02,9.52,
035,Avgiftspliktig diesel,Priser,Priser (kr per liter),2000M03,2000M03,9.6,
035,Avgiftspliktig diesel,Priser,Priser (kr per liter),2000M04,2000M04,9.4,
035,Avgiftspliktig diesel,Priser,Priser (kr per liter),2000M05,2000M05,9.49,
035,Avgiftspliktig diesel,Priser,Priser (kr per liter),2000M06,2000M06,9.69,
035,Avgiftspliktig diesel,Priser,Priser (kr per liter),2000M07,2000M07,9.58,
035,Avgiftspliktig diesel,Priser,Priser (kr per liter),2000M08,2000M08,9.57,
035,Avgiftspliktig diesel,Priser,Priser (kr per liter),2000M09,2000M09,10.22,
035,Avgiftspliktig diesel,Priser,Priser (kr per liter),2000M10,2000M10,10.19,
035,Avgiftspliktig diesel,Priser,Priser (kr per liter),2000M11,2000M11,10.19,
035,Avgiftspliktig diesel,Priser,Priser (kr per liter),2000M12,2000M12,10.04,
035,Avgiftspliktig diesel,Priser,Priser (kr per liter),2001M01,2001M01,9.05,
035,Avgiftspliktig diesel,Priser,Priser (kr per liter),2001M02,2001M02,9.18,
035,Avgiftspliktig diesel,Priser,Priser (kr per liter),2001M03,2001M03,8.86,
035,Avgiftspliktig diesel,Priser,Priser (kr per liter),2001M04,2001M04,8.79,
035,Avgiftspliktig diesel,Priser,Priser (kr per liter),2001M05,2001M05,8.83,
035,Avgiftspliktig diesel,Priser,Priser (kr per liter),2001M06,2001M06,8.77,
035,Avgiftspliktig diesel,Priser,Priser (kr per liter),2001M07,2001M07,8.41,
035,Avgiftspliktig diesel,Priser,Priser (kr per liter),2001M08,2001M08,8.24,
035,Avgiftspliktig diesel,Priser,Priser (kr per liter),2001M09,2001M09,8.38,
035,Avgiftspliktig diesel,Priser,Priser (kr per liter),2001M10,2001M10,8.03,
035,Avgiftspliktig diesel,Priser,Priser (kr per liter),2001M11,2001M11,8.01,
035,Avgiftspliktig diesel,Priser,Priser (kr per liter),2001M12,2001M12,7.92,
035,Avgiftspliktig diesel,Priser,Priser (kr per liter),2002M01,2002M01,8.05,
035,Avgiftspliktig diesel,Priser,Priser (kr per liter),2002M02,2002M02,7.93,
035,Avgiftspliktig diesel,Priser,Priser (kr per liter),2002M03,2002M03,8.02,
035,Avgiftspliktig diesel,Priser,Priser (kr per liter),2002M04,2002M04,8.15,
035,Avgiftspliktig diesel,Priser,Priser (kr per liter),2002M05,2002M05,8.05,
035,Avgiftspliktig diesel,Priser,Priser (kr per liter),2002M06,2002M06,7.86,
035,Avgiftspliktig diesel,Priser,Priser (kr per liter),2002M07,2002M07,7.89,
035,Avgiftspliktig diesel,Priser,Priser (kr per liter),2002M08,2002M08,7.81,
035,Avgiftspliktig diesel,Priser,Priser (kr per liter),2002M09,2002M09,8.02,
035,Avgiftspliktig diesel,Priser,Priser (kr per liter),2002M10,2002M10,8.14,
035,Avgiftspliktig diesel,Priser,Priser (kr per liter),2002M11,2002M11,7.95,
035,Avgiftspliktig diesel,Priser,Priser (kr per liter),2002M12,2002M12,8.11,
035,Avgiftspliktig diesel,Priser,Priser (kr per liter),2003M01,2003M01,8.3,
035,Avgiftspliktig diesel,Priser,Priser (kr per liter),2003M02,2003M02,8.55,
035,Avgiftspliktig diesel,Priser,Priser (kr per liter),2003M03,2003M03,9.34,
035,Avgiftspliktig diesel,Priser,Priser (kr per liter),2003M04,2003M04,8.03,
035,Avgiftspliktig diesel,Priser,Priser (kr per liter),2003M05,2003M05,7.89,
035,Avgiftspliktig diesel,Priser,Priser (kr per liter),2003M06,2003M06,7.95,
035,Avgiftspliktig diesel,Priser,Priser (kr per liter),2003M07,2003M07,8.06,
035,Avgiftspliktig diesel,Priser,Priser (kr per liter),2003M08,2003M08,8.2,
035,Avgiftspliktig diesel,Priser,Priser (kr per liter),2003M09,2003M09,8.04,
035,Avgiftspliktig diesel,Priser,Priser (kr per liter),2003M10,2003M10,8.06,
035,Avgiftspliktig diesel,Priser,Priser (kr per liter),2003M11,2003M11,8.14,
035,Avgiftspliktig diesel,Priser,Priser (kr per liter),2003M12,2003M12,8.01,
035,Avgiftspliktig diesel,Priser,Priser (kr per liter),2004M01,2004M01,8.12,
035,Avgiftspliktig diesel,Priser,Priser (kr per liter),2004M02,2004M02,8.01,
035,Avgiftspliktig diesel,Priser,Priser (kr per liter),2004M03,2004M03,8.05,
035,Avgiftspliktig diesel,Priser,Priser (kr per liter),2004M04,2004M04,8.09,
035,Avgiftspliktig diesel,Priser,Priser (kr per liter),2004M05,2004M05,8.03,
035,Avgiftspliktig diesel,Priser,Priser (kr per liter),2004M06,2004M06,8.36,
035,Avgiftspliktig diesel,Priser,Priser (kr per liter),2004M07,2004M07,8.48,
035,Avgiftspliktig diesel,Priser,Priser (kr per liter),2004M08,2004M08,8.73,
035,Avgiftspliktig diesel,Priser,Priser (kr per liter),2004M09,2004M09,8.38,
035,Avgiftspliktig diesel,Priser,Priser (kr per liter),2004M10,2004M10,9.04,
035,Avgiftspliktig diesel,Priser,Priser (kr per liter),2004M11,2004M11,8.82,
035,Avgiftspliktig diesel,Priser,Priser (kr per liter),2004M12,2004M12,8.55,
035,Avgiftspliktig diesel,Priser,Priser (kr per liter),2005M01,2005M01,8.84,
035,Avgiftspliktig diesel,Priser,Priser (kr per liter),2005M02,2005M02,8.72,
035,Avgiftspliktig diesel,Priser,Priser (kr per liter),2005M03,2005M03,9.21,
035,Avgiftspliktig diesel,Priser,Priser (kr per liter),2005M04,2005M04,9.57,
035,Avgiftspliktig diesel,Priser,Priser (kr per liter),2005M05,2005M05,9.46,
035,Avgiftspliktig diesel,Priser,Priser (kr per liter),2005M06,2005M06,9.68,
035,Avgiftspliktig diesel,Priser,Priser (kr per liter),2005M07,2005M07,9.95,
035,Avgiftspliktig diesel,Priser,Priser (kr per liter),2005M08,2005M08,9.88,
035,Avgiftspliktig diesel,Priser,Priser (kr per liter),2005M09,2005M09,9.84,
035,Avgiftspliktig diesel,Priser,Priser (kr per liter),2005M10,2005M10,10.02,
035,Avgiftspliktig diesel,Priser,Priser (kr per liter),2005M11,2005M11,9.61,
035,Avgiftspliktig diesel,Priser,Priser (kr per liter),2005M12,2005M12,9.74,
035,Avgiftspliktig diesel,Priser,Priser (kr per liter),2006M01,2006M01,10.0,
035,Avgiftspliktig diesel,Priser,Priser (kr per liter),2006M02,2006M02,10.0,
035,Avgiftspliktig diesel,Priser,Priser (kr per liter),2006M03,2006M03,10.26,
035,Avgiftspliktig diesel,Priser,Priser (kr per liter),2006M04,2006M04,10.39,
035,Avgiftspliktig diesel,Priser,Priser (kr per liter),2006M05,2006M05,10.04,
035,Avgiftspliktig diesel,Priser,Priser (kr per liter),2006M06,2006M06,10.3,
035,Avgiftspliktig diesel,Priser,Priser (kr per liter),2006M07,2006M07,10.57,
035,Avgiftspliktig diesel,Priser,Priser (kr per liter),2006M08,2006M08,10.42,
035,Avgiftspliktig diesel,Priser,Priser (kr per liter),2006M09,2006M09,10.51,
035,Avgiftspliktig diesel,Priser,Priser (kr per liter),2006M10,2006M10,10.07,
035,Avgiftspliktig diesel,Priser,Priser (kr per liter),2006M11,2006M11,9.98,
035,Avgiftspliktig diesel,Priser,Priser (kr per liter),2006M12,2006M12,9.99,
035,Avgiftspliktig diesel,Priser,Priser (kr per liter),2007M01,2007M01,9.71,
035,Avgiftspliktig diesel,Priser,Priser (kr per liter),2007M02,2007M02,10.0,
035,Avgiftspliktig diesel,Priser,Priser (kr per liter),2007M03,2007M03,10.03,
035,Avgiftspliktig diesel,Priser,Priser (kr per liter),2007M04,2007M04,10.24,
035,Avgiftspliktig diesel,Priser,Priser (kr per liter),2007M05,2007M05,9.9,
035,Avgiftspliktig diesel,Priser,Priser (kr per liter),2007M06,2007M06,10.16,
035,Avgiftspliktig diesel,Priser,Priser (kr per liter),2007M07,2007M07,10.03,
035,Avgiftspliktig diesel,Priser,Priser (kr per liter),2007M08,2007M08,10.38,
035,Avgiftspliktig diesel,Priser,Priser (kr per liter),2007M09,2007M09,10.43,
035,Avgiftspliktig diesel,Priser,Priser (kr per liter),2007M10,2007M10,10.24,
035,Avgiftspliktig diesel,Priser,Priser (kr per liter),2007M11,2007M11,11.29,
035,Avgiftspliktig diesel,Priser,Priser (kr per liter),2007M12,2007M12,11.46,
035,Avgiftspliktig diesel,Priser,Priser (kr per liter),2008M01,2008M01,11.27,
035,Avgiftspliktig diesel,Priser,Priser (kr per liter),2008M02,2008M02,11.63,
035,Avgiftspliktig diesel,Priser,Priser (kr per liter),2008M03,2008M03,12.22,
035,Avgiftspliktig diesel,Priser,Priser (kr per liter),2008M04,2008M04,12.05,
035,Avgiftspliktig diesel,Priser,Priser (kr per liter),2008M05,2008M05,12.88,
035,Avgiftspliktig diesel,Priser,Priser (kr per liter),2008M06,2008M06,13.32,
035,Avgiftspliktig diesel,Priser,Priser (kr per liter),2008M07,2008M07,13.72,
035,Avgiftspliktig diesel,Priser,Priser (kr per liter),2008M08,2008M08,12.93,
035,Avgiftspliktig diesel,Priser,Priser (kr per liter),2008M09,2008M09,12.81,
035,Avgiftspliktig diesel,Priser,Priser (kr per liter),2008M10,2008M10,12.36,
035,Avgiftspliktig diesel,Priser,Priser (kr per liter),2008M11,2008M11,11.5,
035,Avgiftspliktig diesel,Priser,Priser (kr per liter),2008M12,2008M12,10.64,
035,Avgiftspliktig diesel,Priser,Priser (kr per liter),2009M01,2009M01,10.99,
035,Avgiftspliktig diesel,Priser,Priser (kr per liter),2009M02,2009M02,10.45,
035,Avgiftspliktig diesel,Priser,Priser (kr per liter),2009M03,2009M03,10.0,
035,Avgiftspliktig diesel,Priser,Priser (kr per liter),2009M04,2009M04,10.45,
035,Avgiftspliktig diesel,Priser,Priser (kr per liter),2009M05,2009M05,10.6,
035,Avgiftspliktig diesel,Priser,Priser (kr per liter),2009M06,2009M06,10.8,
035,Avgiftspliktig diesel,Priser,Priser (kr per liter),2009M07,2009M07,10.79,
035,Avgiftspliktig diesel,Priser,Priser (kr per liter),2009M08,2009M08,11.02,
035,Avgiftspliktig diesel,Priser,Priser (kr per liter),2009M09,2009M09,10.88,
035,Avgiftspliktig diesel,Priser,Priser (kr per liter),2009M10,2009M10,10.6,
035,Avgiftspliktig diesel,Priser,Priser (kr per liter),2009M11,2009M11,11.06,
035,Avgiftspliktig diesel,Priser,Priser (kr per liter),2009M12,2009M12,10.96,
035,Avgiftspliktig diesel,Priser,Priser (kr per liter),2010M01,2010M01,11.43,
035,Avgiftspliktig diesel,Priser,Priser (kr per liter),2010M02,2010M02,11.22,
035,Avgiftspliktig diesel,Priser,Priser (kr per liter),2010M03,2010M03,11.58,
035,Avgiftspliktig diesel,Priser,Priser (kr per liter),2010M04,2010M04,11.8,
035,Avgiftspliktig diesel,Priser,Priser (kr per liter),2010M05,2010M05,11.83,
035,Avgiftspliktig diesel,Priser,Priser (kr per liter),2010M06,2010M06,11.78,
035,Avgiftspliktig diesel,Priser,Priser (kr per liter),2010M07,2010M07,11.7,
035,Avgiftspliktig diesel,Priser,Priser (kr per liter),2010M08,2010M08,11.57,
035,Avgiftspliktig diesel,Priser,Priser (kr per liter),2010M09,2010M09,11.62,
035,Avgiftspliktig diesel,Priser,Priser (kr per liter),2010M10,2010M10,11.85,
035,Avgiftspliktig diesel,Priser,Priser (kr per liter),2010M11,2010M11,12.14,
035,Avgiftspliktig diesel,Priser,Priser (kr per liter),2010M12,2010M12,12.59,
035,Avgiftspliktig diesel,Priser,Priser (kr per liter),2011M01,2011M01,12.69,
035,Avgiftspliktig diesel,Priser,Priser (kr per liter),2011M02,2011M02,13.0,
035,Avgiftspliktig diesel,Priser,Priser (kr per liter),2011M03,2011M03,13.36,
035,Avgiftspliktig diesel,Priser,Priser (kr per liter),2011M04,2011M04,13.45,
035,Avgiftspliktig diesel,Priser,Priser (kr per liter),2011M05,2011M05,13.1,
035,Avgiftspliktig diesel,Priser,Priser (kr per liter),2011M06,2011M06,13.16,
035,Avgiftspliktig diesel,Priser,Priser (kr per liter),2011M07,2011M07,13.22,
035,Avgiftspliktig diesel,Priser,Priser (kr per liter),2011M08,2011M08,13.09,
035,Avgiftspliktig diesel,Priser,Priser (kr per liter),2011M09,2011M09,12.95,
035,Avgiftspliktig diesel,Priser,Priser (kr per liter),2011M10,2011M10,13.02,
035,Avgiftspliktig diesel,Priser,Priser (kr per liter),2011M11,2011M11,13.18,
035,Avgiftspliktig diesel,Priser,Priser (kr per liter),2011M12,2011M12,13.13,
035,Avgiftspliktig diesel,Priser,Priser (kr per liter),2012M01,2012M01,13.47,
035,Avgiftspliktig diesel,Priser,Priser (kr per liter),2012M02,2012M02,13.54,
035,Avgiftspliktig diesel,Priser,Priser (kr per liter),2012M03,2012M03,13.53,
035,Avgiftspliktig diesel,Priser,Priser (kr per liter),2012M04,2012M04,13.63,
035,Avgiftspliktig diesel,Priser,Priser (kr per liter),2012M05,2012M05,13.23,
035,Avgiftspliktig diesel,Priser,Priser (kr per liter),2012M06,2012M06,12.87,
035,Avgiftspliktig diesel,Priser,Priser (kr per liter),2012M07,2012M07,12.76,
035,Avgiftspliktig diesel,Priser,Priser (kr per liter),2012M08,2012M08,13.14,
035,Avgiftspliktig diesel,Priser,Priser (kr per liter),2012M09,2012M09,13.34,
035,Avgiftspliktig diesel,Priser,Priser (kr per liter),2012M10,2012M10,13.21,
035,Avgiftspliktig diesel,Priser,Priser (kr per liter),2012M11,2012M11,13.02,
035,Avgiftspliktig diesel,Priser,Priser (kr per liter),2012M12,2012M12,12.9,
035,Avgiftspliktig diesel,Priser,Priser (kr per liter),2013M01,2013M01,13.03,
035,Avgiftspliktig diesel,Priser,Priser (kr per liter),2013M02,2013M02,13.2,
035,Avgiftspliktig diesel,Priser,Priser (kr per liter),2013M03,2013M03,13.08,
035,Avgiftspliktig diesel,Priser,Priser (kr per liter),2013M04,2013M04,12.72,
035,Avgiftspliktig diesel,Priser,Priser (kr per liter),2013M05,2013M05,12.87,
035,Avgiftspliktig diesel,Priser,Priser (kr per liter),2013M06,2013M06,12.88,
035,Avgiftspliktig diesel,Priser,Priser (kr per liter),2013M07,2013M07,13.03,
035,Avgiftspliktig diesel,Priser,Priser (kr per liter),2013M08,2013M08,13.29,
035,Avgiftspliktig diesel,Priser,Priser (kr per liter),2013M09,2013M09,13.46,
035,Avgiftspliktig diesel,Priser,Priser (kr per liter),2013M10,2013M10,13.44,
035,Avgiftspliktig diesel,Priser,Priser (kr per liter),2013M11,2013M11,13.29,
035,Avgiftspliktig diesel,Priser,Priser (kr per liter),2013M12,2013M12,13.34,
035,Avgiftspliktig diesel,Priser,Priser (kr per liter),2014M01,2014M01,13.49,
035,Avgiftspliktig diesel,Priser,Priser (kr per liter),2014M02,2014M02,13.43,
035,Avgiftspliktig diesel,Priser,Priser (kr per liter),2014M03,2014M03,13.2,
035,Avgiftspliktig diesel,Priser,Priser (kr per liter),2014M04,2014M04,12.99,
035,Avgiftspliktig diesel,Priser,Priser (kr per liter),2014M05,2014M05,13.18,
035,Avgiftspliktig diesel,Priser,Priser (kr per liter),2014M06,2014M06,13.02,
035,Avgiftspliktig diesel,Priser,Priser (kr per liter),2014M07,2014M07,13.25,
035,Avgiftspliktig diesel,Priser,Priser (kr per liter),2014M08,2014M08,13.25,
035,Avgiftspliktig diesel,Priser,Priser (kr per liter),2014M09,2014M09,13.06,
035,Avgiftspliktig diesel,Priser,Priser (kr per liter),2014M10,2014M10,12.82,
035,Avgiftspliktig diesel,Priser,Priser (kr per liter),2014M11,2014M11,13.0,
035,Avgiftspliktig diesel,Priser,Priser (kr per liter),2014M12,2014M12,12.57,
035,Avgiftspliktig diesel,Priser,Priser (kr per liter),2015M01,2015M01,12.46,
035,Avgiftspliktig diesel,Priser,Priser (kr per liter),2015M02,2015M02,12.14,
035,Avgiftspliktig diesel,Priser,Priser (kr per liter),2015M03,2015M03,12.47,
035,Avgiftspliktig diesel,Priser,Priser (kr per liter),2015M04,2015M04,12.67,
035,Avgiftspliktig diesel,Priser,Priser (kr per liter),2015M05,2015M05,12.03,
035,Avgiftspliktig diesel,Priser,Priser (kr per liter),2015M06,2015M06,12.63,
035,Avgiftspliktig diesel,Priser,Priser (kr per liter),2015M07,2015M07,12.6,
035,Avgiftspliktig diesel,Priser,Priser (kr per liter),2015M08,2015M08,11.9,
035,Avgiftspliktig diesel,Priser,Priser (kr per liter),2015M09,2015M09,12.06,
035,Avgiftspliktig diesel,Priser,Priser (kr per liter),2015M10,2015M10,12.05,
035,Avgiftspliktig diesel,Priser,Priser (kr per liter),2015M11,2015M11,12.0,
035,Avgiftspliktig diesel,Priser,Priser (kr per liter),2015M12,2015M12,11.75,
035,Avgiftspliktig diesel,Priser,Priser (kr per liter),2016M01,2016M01,11.61,
035,Avgiftspliktig diesel,Priser,Priser (kr per liter),2016M02,2016M02,10.95,
035,Avgiftspliktig diesel,Priser,Priser (kr per liter),2016M03,2016M03,11.86,
035,Avgiftspliktig diesel,Priser,Priser (kr per liter),2016M04,2016M04,11.41,
035,Avgiftspliktig diesel,Priser,Priser (kr per liter),2016M05,2016M05,11.21,
035,Avgiftspliktig diesel,Priser,Priser (kr per liter),2016M06,2016M06,11.96,
035,Avgiftspliktig diesel,Priser,Priser (kr per liter),2016M07,2016M07,12.06,
035,Avgiftspliktig diesel,Priser,Priser (kr per liter),2016M08,2016M08,11.64,
035,Avgiftspliktig diesel,Priser,Priser (kr per liter),2016M09,2016M09,11.57,
035,Avgiftspliktig diesel,Priser,Priser (kr per liter),2016M10,2016M10,11.46,
035,Avgiftspliktig diesel,Priser,Priser (kr per liter),2016M11,2016M11,11.97,
035,Avgiftspliktig diesel,Priser,Priser (kr per liter),2016M12,2016M12,12.25,
035,Avgiftspliktig diesel,Priser,Priser (kr per liter),2017M01,2017M01,13.87,
035,Avgiftspliktig diesel,Priser,Priser (kr per liter),2017M02,2017M02,13.8,
035,Avgiftspliktig diesel,Priser,Priser (kr per liter),2017M03,2017M03,13.5,
035,Avgiftspliktig diesel,Priser,Priser (kr per liter),2017M04,2017M04,12.93,
035,Avgiftspliktig diesel,Priser,Priser (kr per liter),2017M05,2017M05,13.06,
035,Avgiftspliktig diesel,Priser,Priser (kr per liter),2017M06,2017M06,13.36,
035,Avgiftspliktig diesel,Priser,Priser (kr per liter),2017M07,2017M07,13.3,
035,Avgiftspliktig diesel,Priser,Priser (kr per liter),2017M08,2017M08,13.55,
035,Avgiftspliktig diesel,Priser,Priser (kr per liter),2017M09,2017M09,13.62,
035,Avgiftspliktig diesel,Priser,Priser (kr per liter),2017M10,2017M10,12.9,
035,Avgiftspliktig diesel,Priser,Priser (kr per liter),2017M11,2017M11,14.01,
035,Avgiftspliktig diesel,Priser,Priser (kr per liter),2017M12,2017M12,13.39,
035,Avgiftspliktig diesel,Priser,Priser (kr per liter),2018M01,2018M01,14.37,
035,Avgiftspliktig diesel,Priser,Priser (kr per liter),2018M02,2018M02,14.46,
035,Avgiftspliktig diesel,Priser,Priser (kr per liter),2018M03,2018M03,14.12,
035,Avgiftspliktig diesel,Priser,Priser (kr per liter),2018M04,2018M04,14.34,
035,Avgiftspliktig diesel,Priser,Priser (kr per liter),2018M05,2018M05,15.16,
035,Avgiftspliktig diesel,Priser,Priser (kr per liter),2018M06,2018M06,14.84,
035,Avgiftspliktig diesel,Priser,Priser (kr per liter),2018M07,2018M07,14.94,
035,Avgiftspliktig diesel,Priser,Priser (kr per liter),2018M08,2018M08,15.04,
035,Avgiftspliktig diesel,Priser,Priser (kr per liter),2018M09,2018M09,15.13,
035,Avgiftspliktig diesel,Priser,Priser (kr per liter),2018M10,2018M10,15.33,
035,Avgiftspliktig diesel,Priser,Priser (kr per liter),2018M11,2018M11,15.75,
035,Avgiftspliktig diesel,Priser,Priser (kr per liter),2018M12,2018M12,14.78,
035,Avgiftspliktig diesel,Priser,Priser (kr per liter),2019M01,2019M01,14.52,
035,Avgiftspliktig diesel,Priser,Priser (kr per liter),2019M02,2019M02,14.85,
035,Avgiftspliktig diesel,Priser,Priser (kr per liter),2019M03,2019M03,15.04,
035,Avgiftspliktig diesel,Priser,Priser (kr per liter),2019M04,2019M04,14.81,
035,Avgiftspliktig diesel,Priser,Priser (kr per liter),2019M05,2019M05,15.13,
035,Avgiftspliktig diesel,Priser,Priser (kr per liter),2019M06,2019M06,15.01,
035,Avgiftspliktig diesel,Priser,Priser (kr per liter),2019M07,2019M07,15.05,
035,Avgiftspliktig diesel,Priser,Priser (kr per liter),2019M08,2019M08,14.74,
035,Avgiftspliktig diesel,Priser,Priser (kr per liter),2019M09,2019M09,14.79,
035,Avgiftspliktig diesel,Priser,Priser (kr per liter),2019M10,2019M10,14.74,
035,Avgiftspliktig diesel,Priser,Priser (kr per liter),2019M11,2019M11,15.16,
035,Avgiftspliktig diesel,Priser,Priser (kr per liter),2019M12,2019M12,14.83,
035,Avgiftspliktig diesel,Priser,Priser (kr per liter),2020M01,2020M01,15.4,
035,Avgiftspliktig diesel,Priser,Priser (kr per liter),2020M02,2020M02,14.84,
035,Avgiftspliktig diesel,Priser,Priser (kr per liter),2020M03,2020M03,14.34,
035,Avgiftspliktig diesel,Priser,Priser (kr per liter),2020M04,2020M04,13.65,
035,Avgiftspliktig diesel,Priser,Priser (kr per liter),2020M05,2020M05,13.47,
035,Avgiftspliktig diesel,Priser,Priser (kr per liter),2020M06,2020M06,13.73,
035,Avgiftspliktig diesel,Priser,Priser (kr per liter),2020M07,2020M07,14.41,
035,Avgiftspliktig diesel,Priser,Priser (kr per liter),2020M08,2020M08,14.01,
035,Avgiftspliktig diesel,Priser,Priser (kr per liter),2020M09,2020M09,13.15,
035,Avgiftspliktig diesel,Priser,Priser (kr per liter),2020M10,2020M10,13.2,
035,Avgiftspliktig diesel,Priser,Priser (kr per liter),2020M11,2020M11,12.58,
035,Avgiftspliktig diesel,Priser,Priser (kr per liter),2020M12,2020M12,13.56,
035,Avgiftspliktig diesel,Priser,Priser (kr per liter),2021M01,2021M01,14.55,
035,Avgiftspliktig diesel,Priser,Priser (kr per liter),2021M02,2021M02,14.73,
035,Avgiftspliktig diesel,Priser,Priser (kr per liter),2021M03,2021M03,14.58,
035,Avgiftspliktig diesel,Priser,Priser (kr per liter),2021M04,2021M04,14.88,
035,Avgiftspliktig diesel,Priser,Priser (kr per liter),2021M05,2021M05,15.0,
035,Avgiftspliktig diesel,Priser,Priser (kr per liter),2021M06,2021M06,15.21,
035,Avgiftspliktig diesel,Priser,Priser (kr per liter),2021M07,2021M07,16.06,
035,Avgiftspliktig diesel,Priser,Priser (kr per liter),2021M08,2021M08,15.76,
035,Avgiftspliktig diesel,Priser,Priser (kr per liter),2021M09,2021M09,15.49,
035,Avgiftspliktig diesel,Priser,Priser (kr per liter),2021M10,2021M10,16.28,
035,Avgiftspliktig diesel,Priser,Priser (kr per liter),2021M11,2021M11,16.76,
035,Avgiftspliktig diesel,Priser,Priser (kr per liter),2021M12,2021M12,16.76,
035,Avgiftspliktig diesel,Priser,Priser (kr per liter),2022M01,2022M01,17.54,
035,Avgiftspliktig diesel,Priser,Priser (kr per liter),2022M02,2022M02,18.23,
035,Avgiftspliktig diesel,Priser,Priser (kr per liter),2022M03,2022M03,22.06,
035,Avgiftspliktig diesel,Priser,Priser (kr per liter),2022M04,2022M04,20.99,
035,Avgiftspliktig diesel,Priser,Priser (kr per liter),2022M05,2022M05,22.39,
035,Avgiftspliktig diesel,Priser,Priser (kr per liter),2022M06,2022M06,24.58,
035,Avgiftspliktig diesel,Priser,Priser (kr per liter),2022M07,2022M07,24.64,
035,Avgiftspliktig diesel,Priser,Priser (kr per liter),2022M08,2022M08,21.34,
035,Avgiftspliktig diesel,Priser,Priser (kr per liter),2022M09,2022M09,22.18,
035,Avgiftspliktig diesel,Priser,Priser (kr per liter),2022M10,2022M10,24.15,
035,Avgiftspliktig diesel,Priser,Priser (kr per liter),2022M11,2022M11,22.43,
035,Avgiftspliktig diesel,Priser,Priser (kr per liter),2022M12,2022M12,20.11,
035,Avgiftspliktig diesel,Priser,Priser (kr per liter),2023M01,2023M01,21.59,
035,Avgiftspliktig diesel,Priser,Priser (kr per liter),2023M02,2023M02,20.54,
035,Avgiftspliktig diesel,Priser,Priser (kr per liter),2023M03,2023M03,21.28,
035,Avgiftspliktig diesel,Priser,Priser (kr per liter),2023M04,2023M04,20.73,
035,Avgiftspliktig diesel,Priser,Priser (kr per liter),2023M05,2023M05,19.3,
035,Avgiftspliktig diesel,Priser,Priser (kr per liter),2023M06,2023M06,19.55,
035,Avgiftspliktig diesel,Priser,Priser (kr per liter),2023M07,2023M07,19.71,
035,Avgiftspliktig diesel,Priser,Priser (kr per liter),2023M08,2023M08,21.28,
035,Avgiftspliktig diesel,Priser,Priser (kr per liter),2023M09,2023M09,21.58,
035,Avgiftspliktig diesel,Priser,Priser (kr per liter),2023M10,2023M10,22.48,
035,Avgiftspliktig diesel,Priser,Priser (kr per liter),2023M11,2023M11,21.72,
035,Avgiftspliktig diesel,Priser,Priser (kr per liter),2023M12,2023M12,20.99,
035,Avgiftspliktig diesel,Priser,Priser (kr per liter),2024M01,2024M01,20.1,
035,Avgiftspliktig diesel,Priser,Priser (kr per liter),2024M02,2024M02,21.96,
035,Avgiftspliktig diesel,Priser,Priser (kr per liter),2024M03,2024M03,21.05,
035,Avgiftspliktig diesel,Priser,Priser (kr per liter),2024M04,2024M04,21.42,
035,Avgiftspliktig diesel,Priser,Priser (kr per liter),2024M05,2024M05,21.66,
035,Avgiftspliktig diesel,Priser,Priser (kr per liter),2024M06,2024M06,21.77,
035,Avgiftspliktig diesel,Priser,Priser (kr per liter),2024M07,2024M07,21.04,
035,Avgiftspliktig diesel,Priser,Priser (kr per liter),2024M08,2024M08,20.29,
035,Avgiftspliktig diesel,Priser,Priser (kr per liter),2024M09,2024M09,20.27,
035,Avgiftspliktig diesel,Priser,Priser (kr per liter),2024M10,2024M10,20.81,
035,Avgiftspliktig diesel,Priser,Priser (kr per liter),2024M11,2024M11,21.15,
035,Avgiftspliktig diesel,Priser,Priser (kr per liter),2024M12,2024M12,20.99,
035,Avgiftspliktig diesel,Priser,Priser (kr per liter),2025M01,2025M01,21.43,
035,Avgiftspliktig diesel,Priser,Priser (kr per liter),2025M02,2025M02,21.07,
035,Avgiftspliktig diesel,Priser,Priser (kr per liter),2025M03,2025M03,20.43,
035,Avgiftspliktig diesel,Priser,Priser (kr per liter),2025M04,2025M04,19.06,
035,Avgiftspliktig diesel,Priser,Priser (kr per liter),2025M05,2025M05,19.17,
035,Avgiftspliktig diesel,Priser,Priser (kr per liter),2025M06,2025M06,18.74,
035,Avgiftspliktig diesel,Priser,Priser (kr per liter),2025M07,2025M07,20.69,
035,Avgiftspliktig diesel,Priser,Priser (kr per liter),2025M08,2025M08,20.33,
035,Avgiftspliktig diesel,Priser,Priser (kr per liter),2025M09,2025M09,20.27,
035,Avgiftspliktig diesel,Priser,Priser (kr per liter),2025M10,2025M10,20.58,
035,Avgiftspliktig diesel,Priser,Priser (kr per liter),2025M11,2025M11,20.27,
035,Avgiftspliktig diesel,Priser,Priser (kr per liter),2025M12,2025M12,20.56,
035,Avgiftspliktig diesel,Priser,Priser (kr per liter),2026M01,2026M01,20.19,
035,Avgiftspliktig diesel,Priser,Priser (kr per liter),2026M02,2026M02,19.82,
035,Avgiftspliktig diesel,Priser,Priser (kr per liter),2026M03,2026M03,24.54,
035,Avgiftspliktig diesel,Priser,Priser (kr per liter),2026M04,2026M04,23.31,
035,Avgiftspliktig diesel,Priser,Priser (kr per liter),2026M05,2026M05,20.02,
035,Avgiftspliktig diesel,Priser,Priser (kr per liter),2026M06,2026M06,18.81,
