Kjopegrupper,Kjopegrupper_label,Produkter,Produkter_label,ContentsCode,ContentsCode_label,Tid,Tid_label,value,status
00,Alle kjøpegrupper,00,Alle produkt,Total,Totalt sal,2021M01,2021M01,,..
00,Alle kjøpegrupper,00,Alle produkt,Total,Totalt sal,2021M02,2021M02,,..
00,Alle kjøpegrupper,00,Alle produkt,Total,Totalt sal,2021M03,2021M03,,..
00,Alle kjøpegrupper,00,Alle produkt,Total,Totalt sal,2021M04,2021M04,,..
00,Alle kjøpegrupper,00,Alle produkt,Total,Totalt sal,2021M05,2021M05,,..
00,Alle kjøpegrupper,00,Alle produkt,Total,Totalt sal,2021M06,2021M06,,..
00,Alle kjøpegrupper,00,Alle produkt,Total,Totalt sal,2021M07,2021M07,,..
00,Alle kjøpegrupper,00,Alle produkt,Total,Totalt sal,2021M08,2021M08,,..
00,Alle kjøpegrupper,00,Alle produkt,Total,Totalt sal,2021M09,2021M09,,..
00,Alle kjøpegrupper,00,Alle produkt,Total,Totalt sal,2021M10,2021M10,,..
00,Alle kjøpegrupper,00,Alle produkt,Total,Totalt sal,2021M11,2021M11,,..
00,Alle kjøpegrupper,00,Alle produkt,Total,Totalt sal,2021M12,2021M12,,..
00,Alle kjøpegrupper,00,Alle produkt,Total,Totalt sal,2022M01,2022M01,563.0,
00,Alle kjøpegrupper,00,Alle produkt,Total,Totalt sal,2022M02,2022M02,625.0,
00,Alle kjøpegrupper,00,Alle produkt,Total,Totalt sal,2022M03,2022M03,686.0,
00,Alle kjøpegrupper,00,Alle produkt,Total,Totalt sal,2022M04,2022M04,631.0,
00,Alle kjøpegrupper,00,Alle produkt,Total,Totalt sal,2022M05,2022M05,736.0,
00,Alle kjøpegrupper,00,Alle produkt,Total,Totalt sal,2022M06,2022M06,729.0,
00,Alle kjøpegrupper,00,Alle produkt,Total,Totalt sal,2022M07,2022M07,720.0,
00,Alle kjøpegrupper,00,Alle produkt,Total,Totalt sal,2022M08,2022M08,736.0,
00,Alle kjøpegrupper,00,Alle produkt,Total,Totalt sal,2022M09,2022M09,765.0,
00,Alle kjøpegrupper,00,Alle produkt,Total,Totalt sal,2022M10,2022M10,692.0,
00,Alle kjøpegrupper,00,Alle produkt,Total,Totalt sal,2022M11,2022M11,695.0,
00,Alle kjøpegrupper,00,Alle produkt,Total,Totalt sal,2022M12,2022M12,679.0,
00,Alle kjøpegrupper,00,Alle produkt,Total,Totalt sal,2023M01,2023M01,615.0,
00,Alle kjøpegrupper,00,Alle produkt,Total,Totalt sal,2023M02,2023M02,581.0,
00,Alle kjøpegrupper,00,Alle produkt,Total,Totalt sal,2023M03,2023M03,695.0,
00,Alle kjøpegrupper,00,Alle produkt,Total,Totalt sal,2023M04,2023M04,620.0,
00,Alle kjøpegrupper,00,Alle produkt,Total,Totalt sal,2023M05,2023M05,688.0,
00,Alle kjøpegrupper,00,Alle produkt,Total,Totalt sal,2023M06,2023M06,743.0,
00,Alle kjøpegrupper,00,Alle produkt,Total,Totalt sal,2023M07,2023M07,670.0,
00,Alle kjøpegrupper,00,Alle produkt,Total,Totalt sal,2023M08,2023M08,723.0,
00,Alle kjøpegrupper,00,Alle produkt,Total,Totalt sal,2023M09,2023M09,680.0,
00,Alle kjøpegrupper,00,Alle produkt,Total,Totalt sal,2023M10,2023M10,729.0,
00,Alle kjøpegrupper,00,Alle produkt,Total,Totalt sal,2023M11,2023M11,634.0,
00,Alle kjøpegrupper,00,Alle produkt,Total,Totalt sal,2023M12,2023M12,600.0,
00,Alle kjøpegrupper,00,Alle produkt,Total,Totalt sal,2024M01,2024M01,563.0,
00,Alle kjøpegrupper,00,Alle produkt,Total,Totalt sal,2024M02,2024M02,552.0,
00,Alle kjøpegrupper,00,Alle produkt,Total,Totalt sal,2024M03,2024M03,561.0,
00,Alle kjøpegrupper,00,Alle produkt,Total,Totalt sal,2024M04,2024M04,619.0,
00,Alle kjøpegrupper,00,Alle produkt,Total,Totalt sal,2024M05,2024M05,670.0,
00,Alle kjøpegrupper,00,Alle produkt,Total,Totalt sal,2024M06,2024M06,661.0,
00,Alle kjøpegrupper,00,Alle produkt,Total,Totalt sal,2024M07,2024M07,660.0,
00,Alle kjøpegrupper,00,Alle produkt,Total,Totalt sal,2024M08,2024M08,712.0,
00,Alle kjøpegrupper,00,Alle produkt,Total,Totalt sal,2024M09,2024M09,665.0,
00,Alle kjøpegrupper,00,Alle produkt,Total,Totalt sal,2024M10,2024M10,639.0,
00,Alle kjøpegrupper,00,Alle produkt,Total,Totalt sal,2024M11,2024M11,603.0,
00,Alle kjøpegrupper,00,Alle produkt,Total,Totalt sal,2024M12,2024M12,557.0,
00,Alle kjøpegrupper,00,Alle produkt,Total,Totalt sal,2025M01,2025M01,551.0,
00,Alle kjøpegrupper,00,Alle produkt,Total,Totalt sal,2025M02,2025M02,560.0,
00,Alle kjøpegrupper,00,Alle produkt,Total,Totalt sal,2025M03,2025M03,589.0,
00,Alle kjøpegrupper,00,Alle produkt,Total,Totalt sal,2025M04,2025M04,602.0,
00,Alle kjøpegrupper,00,Alle produkt,Total,Totalt sal,2025M05,2025M05,677.0,
00,Alle kjøpegrupper,00,Alle produkt,Total,Totalt sal,2025M06,2025M06,718.0,
00,Alle kjøpegrupper,00,Alle produkt,Total,Totalt sal,2025M07,2025M07,656.0,
00,Alle kjøpegrupper,00,Alle produkt,Total,Totalt sal,2025M08,2025M08,667.0,
00,Alle kjøpegrupper,00,Alle produkt,Total,Totalt sal,2025M09,2025M09,690.0,
00,Alle kjøpegrupper,00,Alle produkt,Total,Totalt sal,2025M10,2025M10,681.0,
00,Alle kjøpegrupper,00,Alle produkt,Total,Totalt sal,2025M11,2025M11,574.0,
00,Alle kjøpegrupper,00,Alle produkt,Total,Totalt sal,2025M12,2025M12,528.0,
00,Alle kjøpegrupper,00,Alle produkt,Total,Totalt sal,2026M01,2026M01,562.0,
00,Alle kjøpegrupper,00,Alle produkt,Total,Totalt sal,2026M02,2026M02,577.0,
00,Alle kjøpegrupper,00,Alle produkt,Total,Totalt sal,2026M03,2026M03,590.0,
00,Alle kjøpegrupper,00,Alle produkt,Total,Totalt sal,2026M04,2026M04,560.0,
00,Alle kjøpegrupper,00,Alle produkt,Total,Totalt sal,2026M05,2026M05,636.0,
00,Alle kjøpegrupper,00,Alle produkt,Total,Totalt sal,2026M06,2026M06,660.0,
00,Alle kjøpegrupper,00,Alle produkt,Petroleum,Sal av petroleumsprodukt (inkl. iblanda bio),2021M01,2021M01,547.0,
00,Alle kjøpegrupper,00,Alle produkt,Petroleum,Sal av petroleumsprodukt (inkl. iblanda bio),2021M02,2021M02,576.0,
00,Alle kjøpegrupper,00,Alle produkt,Petroleum,Sal av petroleumsprodukt (inkl. iblanda bio),2021M03,2021M03,602.0,
00,Alle kjøpegrupper,00,Alle produkt,Petroleum,Sal av petroleumsprodukt (inkl. iblanda bio),2021M04,2021M04,581.0,
00,Alle kjøpegrupper,00,Alle produkt,Petroleum,Sal av petroleumsprodukt (inkl. iblanda bio),2021M05,2021M05,636.0,
00,Alle kjøpegrupper,00,Alle produkt,Petroleum,Sal av petroleumsprodukt (inkl. iblanda bio),2021M06,2021M06,703.0,
00,Alle kjøpegrupper,00,Alle produkt,Petroleum,Sal av petroleumsprodukt (inkl. iblanda bio),2021M07,2021M07,698.0,
00,Alle kjøpegrupper,00,Alle produkt,Petroleum,Sal av petroleumsprodukt (inkl. iblanda bio),2021M08,2021M08,704.0,
00,Alle kjøpegrupper,00,Alle produkt,Petroleum,Sal av petroleumsprodukt (inkl. iblanda bio),2021M09,2021M09,702.0,
00,Alle kjøpegrupper,00,Alle produkt,Petroleum,Sal av petroleumsprodukt (inkl. iblanda bio),2021M10,2021M10,717.0,
00,Alle kjøpegrupper,00,Alle produkt,Petroleum,Sal av petroleumsprodukt (inkl. iblanda bio),2021M11,2021M11,703.0,
00,Alle kjøpegrupper,00,Alle produkt,Petroleum,Sal av petroleumsprodukt (inkl. iblanda bio),2021M12,2021M12,662.0,
00,Alle kjøpegrupper,00,Alle produkt,Petroleum,Sal av petroleumsprodukt (inkl. iblanda bio),2022M01,2022M01,555.0,
00,Alle kjøpegrupper,00,Alle produkt,Petroleum,Sal av petroleumsprodukt (inkl. iblanda bio),2022M02,2022M02,619.0,
00,Alle kjøpegrupper,00,Alle produkt,Petroleum,Sal av petroleumsprodukt (inkl. iblanda bio),2022M03,2022M03,678.0,
00,Alle kjøpegrupper,00,Alle produkt,Petroleum,Sal av petroleumsprodukt (inkl. iblanda bio),2022M04,2022M04,624.0,
00,Alle kjøpegrupper,00,Alle produkt,Petroleum,Sal av petroleumsprodukt (inkl. iblanda bio),2022M05,2022M05,731.0,
00,Alle kjøpegrupper,00,Alle produkt,Petroleum,Sal av petroleumsprodukt (inkl. iblanda bio),2022M06,2022M06,724.0,
00,Alle kjøpegrupper,00,Alle produkt,Petroleum,Sal av petroleumsprodukt (inkl. iblanda bio),2022M07,2022M07,716.0,
00,Alle kjøpegrupper,00,Alle produkt,Petroleum,Sal av petroleumsprodukt (inkl. iblanda bio),2022M08,2022M08,730.0,
00,Alle kjøpegrupper,00,Alle produkt,Petroleum,Sal av petroleumsprodukt (inkl. iblanda bio),2022M09,2022M09,747.0,
00,Alle kjøpegrupper,00,Alle produkt,Petroleum,Sal av petroleumsprodukt (inkl. iblanda bio),2022M10,2022M10,686.0,
00,Alle kjøpegrupper,00,Alle produkt,Petroleum,Sal av petroleumsprodukt (inkl. iblanda bio),2022M11,2022M11,678.0,
00,Alle kjøpegrupper,00,Alle produkt,Petroleum,Sal av petroleumsprodukt (inkl. iblanda bio),2022M12,2022M12,655.0,
00,Alle kjøpegrupper,00,Alle produkt,Petroleum,Sal av petroleumsprodukt (inkl. iblanda bio),2023M01,2023M01,604.0,
00,Alle kjøpegrupper,00,Alle produkt,Petroleum,Sal av petroleumsprodukt (inkl. iblanda bio),2023M02,2023M02,573.0,
00,Alle kjøpegrupper,00,Alle produkt,Petroleum,Sal av petroleumsprodukt (inkl. iblanda bio),2023M03,2023M03,684.0,
00,Alle kjøpegrupper,00,Alle produkt,Petroleum,Sal av petroleumsprodukt (inkl. iblanda bio),2023M04,2023M04,607.0,
00,Alle kjøpegrupper,00,Alle produkt,Petroleum,Sal av petroleumsprodukt (inkl. iblanda bio),2023M05,2023M05,682.0,
00,Alle kjøpegrupper,00,Alle produkt,Petroleum,Sal av petroleumsprodukt (inkl. iblanda bio),2023M06,2023M06,730.0,
00,Alle kjøpegrupper,00,Alle produkt,Petroleum,Sal av petroleumsprodukt (inkl. iblanda bio),2023M07,2023M07,666.0,
00,Alle kjøpegrupper,00,Alle produkt,Petroleum,Sal av petroleumsprodukt (inkl. iblanda bio),2023M08,2023M08,717.0,
00,Alle kjøpegrupper,00,Alle produkt,Petroleum,Sal av petroleumsprodukt (inkl. iblanda bio),2023M09,2023M09,667.0,
00,Alle kjøpegrupper,00,Alle produkt,Petroleum,Sal av petroleumsprodukt (inkl. iblanda bio),2023M10,2023M10,713.0,
00,Alle kjøpegrupper,00,Alle produkt,Petroleum,Sal av petroleumsprodukt (inkl. iblanda bio),2023M11,2023M11,622.0,
00,Alle kjøpegrupper,00,Alle produkt,Petroleum,Sal av petroleumsprodukt (inkl. iblanda bio),2023M12,2023M12,586.0,
00,Alle kjøpegrupper,00,Alle produkt,Petroleum,Sal av petroleumsprodukt (inkl. iblanda bio),2024M01,2024M01,542.0,
00,Alle kjøpegrupper,00,Alle produkt,Petroleum,Sal av petroleumsprodukt (inkl. iblanda bio),2024M02,2024M02,536.0,
00,Alle kjøpegrupper,00,Alle produkt,Petroleum,Sal av petroleumsprodukt (inkl. iblanda bio),2024M03,2024M03,545.0,
00,Alle kjøpegrupper,00,Alle produkt,Petroleum,Sal av petroleumsprodukt (inkl. iblanda bio),2024M04,2024M04,612.0,
00,Alle kjøpegrupper,00,Alle produkt,Petroleum,Sal av petroleumsprodukt (inkl. iblanda bio),2024M05,2024M05,655.0,
00,Alle kjøpegrupper,00,Alle produkt,Petroleum,Sal av petroleumsprodukt (inkl. iblanda bio),2024M06,2024M06,650.0,
00,Alle kjøpegrupper,00,Alle produkt,Petroleum,Sal av petroleumsprodukt (inkl. iblanda bio),2024M07,2024M07,647.0,
00,Alle kjøpegrupper,00,Alle produkt,Petroleum,Sal av petroleumsprodukt (inkl. iblanda bio),2024M08,2024M08,704.0,
00,Alle kjøpegrupper,00,Alle produkt,Petroleum,Sal av petroleumsprodukt (inkl. iblanda bio),2024M09,2024M09,655.0,
00,Alle kjøpegrupper,00,Alle produkt,Petroleum,Sal av petroleumsprodukt (inkl. iblanda bio),2024M10,2024M10,626.0,
00,Alle kjøpegrupper,00,Alle produkt,Petroleum,Sal av petroleumsprodukt (inkl. iblanda bio),2024M11,2024M11,590.0,
00,Alle kjøpegrupper,00,Alle produkt,Petroleum,Sal av petroleumsprodukt (inkl. iblanda bio),2024M12,2024M12,542.0,
00,Alle kjøpegrupper,00,Alle produkt,Petroleum,Sal av petroleumsprodukt (inkl. iblanda bio),2025M01,2025M01,539.0,
00,Alle kjøpegrupper,00,Alle produkt,Petroleum,Sal av petroleumsprodukt (inkl. iblanda bio),2025M02,2025M02,548.0,
00,Alle kjøpegrupper,00,Alle produkt,Petroleum,Sal av petroleumsprodukt (inkl. iblanda bio),2025M03,2025M03,577.0,
00,Alle kjøpegrupper,00,Alle produkt,Petroleum,Sal av petroleumsprodukt (inkl. iblanda bio),2025M04,2025M04,592.0,
00,Alle kjøpegrupper,00,Alle produkt,Petroleum,Sal av petroleumsprodukt (inkl. iblanda bio),2025M05,2025M05,666.0,
00,Alle kjøpegrupper,00,Alle produkt,Petroleum,Sal av petroleumsprodukt (inkl. iblanda bio),2025M06,2025M06,708.0,
00,Alle kjøpegrupper,00,Alle produkt,Petroleum,Sal av petroleumsprodukt (inkl. iblanda bio),2025M07,2025M07,649.0,
00,Alle kjøpegrupper,00,Alle produkt,Petroleum,Sal av petroleumsprodukt (inkl. iblanda bio),2025M08,2025M08,659.0,
00,Alle kjøpegrupper,00,Alle produkt,Petroleum,Sal av petroleumsprodukt (inkl. iblanda bio),2025M09,2025M09,676.0,
00,Alle kjøpegrupper,00,Alle produkt,Petroleum,Sal av petroleumsprodukt (inkl. iblanda bio),2025M10,2025M10,669.0,
00,Alle kjøpegrupper,00,Alle produkt,Petroleum,Sal av petroleumsprodukt (inkl. iblanda bio),2025M11,2025M11,560.0,
00,Alle kjøpegrupper,00,Alle produkt,Petroleum,Sal av petroleumsprodukt (inkl. iblanda bio),2025M12,2025M12,516.0,
00,Alle kjøpegrupper,00,Alle produkt,Petroleum,Sal av petroleumsprodukt (inkl. iblanda bio),2026M01,2026M01,540.0,
00,Alle kjøpegrupper,00,Alle produkt,Petroleum,Sal av petroleumsprodukt (inkl. iblanda bio),2026M02,2026M02,554.0,
00,Alle kjøpegrupper,00,Alle produkt,Petroleum,Sal av petroleumsprodukt (inkl. iblanda bio),2026M03,2026M03,578.0,
00,Alle kjøpegrupper,00,Alle produkt,Petroleum,Sal av petroleumsprodukt (inkl. iblanda bio),2026M04,2026M04,550.0,
00,Alle kjøpegrupper,00,Alle produkt,Petroleum,Sal av petroleumsprodukt (inkl. iblanda bio),2026M05,2026M05,621.0,
00,Alle kjøpegrupper,00,Alle produkt,Petroleum,Sal av petroleumsprodukt (inkl. iblanda bio),2026M06,2026M06,648.0,
00,Alle kjøpegrupper,00,Alle produkt,Biodrivstoff,Sal av reint biodrivstoff,2021M01,2021M01,,..
00,Alle kjøpegrupper,00,Alle produkt,Biodrivstoff,Sal av reint biodrivstoff,2021M02,2021M02,,..
00,Alle kjøpegrupper,00,Alle produkt,Biodrivstoff,Sal av reint biodrivstoff,2021M03,2021M03,,..
00,Alle kjøpegrupper,00,Alle produkt,Biodrivstoff,Sal av reint biodrivstoff,2021M04,2021M04,,..
00,Alle kjøpegrupper,00,Alle produkt,Biodrivstoff,Sal av reint biodrivstoff,2021M05,2021M05,,..
00,Alle kjøpegrupper,00,Alle produkt,Biodrivstoff,Sal av reint biodrivstoff,2021M06,2021M06,,..
00,Alle kjøpegrupper,00,Alle produkt,Biodrivstoff,Sal av reint biodrivstoff,2021M07,2021M07,,..
00,Alle kjøpegrupper,00,Alle produkt,Biodrivstoff,Sal av reint biodrivstoff,2021M08,2021M08,,..
00,Alle kjøpegrupper,00,Alle produkt,Biodrivstoff,Sal av reint biodrivstoff,2021M09,2021M09,,..
00,Alle kjøpegrupper,00,Alle produkt,Biodrivstoff,Sal av reint biodrivstoff,2021M10,2021M10,,..
00,Alle kjøpegrupper,00,Alle produkt,Biodrivstoff,Sal av reint biodrivstoff,2021M11,2021M11,,..
00,Alle kjøpegrupper,00,Alle produkt,Biodrivstoff,Sal av reint biodrivstoff,2021M12,2021M12,,..
00,Alle kjøpegrupper,00,Alle produkt,Biodrivstoff,Sal av reint biodrivstoff,2022M01,2022M01,8.0,
00,Alle kjøpegrupper,00,Alle produkt,Biodrivstoff,Sal av reint biodrivstoff,2022M02,2022M02,7.0,
00,Alle kjøpegrupper,00,Alle produkt,Biodrivstoff,Sal av reint biodrivstoff,2022M03,2022M03,7.0,
00,Alle kjøpegrupper,00,Alle produkt,Biodrivstoff,Sal av reint biodrivstoff,2022M04,2022M04,8.0,
00,Alle kjøpegrupper,00,Alle produkt,Biodrivstoff,Sal av reint biodrivstoff,2022M05,2022M05,5.0,
00,Alle kjøpegrupper,00,Alle produkt,Biodrivstoff,Sal av reint biodrivstoff,2022M06,2022M06,5.0,
00,Alle kjøpegrupper,00,Alle produkt,Biodrivstoff,Sal av reint biodrivstoff,2022M07,2022M07,4.0,
00,Alle kjøpegrupper,00,Alle produkt,Biodrivstoff,Sal av reint biodrivstoff,2022M08,2022M08,6.0,
00,Alle kjøpegrupper,00,Alle produkt,Biodrivstoff,Sal av reint biodrivstoff,2022M09,2022M09,17.0,
00,Alle kjøpegrupper,00,Alle produkt,Biodrivstoff,Sal av reint biodrivstoff,2022M10,2022M10,7.0,
00,Alle kjøpegrupper,00,Alle produkt,Biodrivstoff,Sal av reint biodrivstoff,2022M11,2022M11,16.0,
00,Alle kjøpegrupper,00,Alle produkt,Biodrivstoff,Sal av reint biodrivstoff,2022M12,2022M12,24.0,
00,Alle kjøpegrupper,00,Alle produkt,Biodrivstoff,Sal av reint biodrivstoff,2023M01,2023M01,11.0,
00,Alle kjøpegrupper,00,Alle produkt,Biodrivstoff,Sal av reint biodrivstoff,2023M02,2023M02,8.0,
00,Alle kjøpegrupper,00,Alle produkt,Biodrivstoff,Sal av reint biodrivstoff,2023M03,2023M03,12.0,
00,Alle kjøpegrupper,00,Alle produkt,Biodrivstoff,Sal av reint biodrivstoff,2023M04,2023M04,13.0,
00,Alle kjøpegrupper,00,Alle produkt,Biodrivstoff,Sal av reint biodrivstoff,2023M05,2023M05,6.0,
00,Alle kjøpegrupper,00,Alle produkt,Biodrivstoff,Sal av reint biodrivstoff,2023M06,2023M06,13.0,
00,Alle kjøpegrupper,00,Alle produkt,Biodrivstoff,Sal av reint biodrivstoff,2023M07,2023M07,4.0,
00,Alle kjøpegrupper,00,Alle produkt,Biodrivstoff,Sal av reint biodrivstoff,2023M08,2023M08,6.0,
00,Alle kjøpegrupper,00,Alle produkt,Biodrivstoff,Sal av reint biodrivstoff,2023M09,2023M09,13.0,
00,Alle kjøpegrupper,00,Alle produkt,Biodrivstoff,Sal av reint biodrivstoff,2023M10,2023M10,16.0,
00,Alle kjøpegrupper,00,Alle produkt,Biodrivstoff,Sal av reint biodrivstoff,2023M11,2023M11,12.0,
00,Alle kjøpegrupper,00,Alle produkt,Biodrivstoff,Sal av reint biodrivstoff,2023M12,2023M12,14.0,
00,Alle kjøpegrupper,00,Alle produkt,Biodrivstoff,Sal av reint biodrivstoff,2024M01,2024M01,21.0,
00,Alle kjøpegrupper,00,Alle produkt,Biodrivstoff,Sal av reint biodrivstoff,2024M02,2024M02,16.0,
00,Alle kjøpegrupper,00,Alle produkt,Biodrivstoff,Sal av reint biodrivstoff,2024M03,2024M03,16.0,
00,Alle kjøpegrupper,00,Alle produkt,Biodrivstoff,Sal av reint biodrivstoff,2024M04,2024M04,8.0,
00,Alle kjøpegrupper,00,Alle produkt,Biodrivstoff,Sal av reint biodrivstoff,2024M05,2024M05,15.0,
00,Alle kjøpegrupper,00,Alle produkt,Biodrivstoff,Sal av reint biodrivstoff,2024M06,2024M06,11.0,
00,Alle kjøpegrupper,00,Alle produkt,Biodrivstoff,Sal av reint biodrivstoff,2024M07,2024M07,12.0,
00,Alle kjøpegrupper,00,Alle produkt,Biodrivstoff,Sal av reint biodrivstoff,2024M08,2024M08,8.0,
00,Alle kjøpegrupper,00,Alle produkt,Biodrivstoff,Sal av reint biodrivstoff,2024M09,2024M09,9.0,
00,Alle kjøpegrupper,00,Alle produkt,Biodrivstoff,Sal av reint biodrivstoff,2024M10,2024M10,13.0,
00,Alle kjøpegrupper,00,Alle produkt,Biodrivstoff,Sal av reint biodrivstoff,2024M11,2024M11,12.0,
00,Alle kjøpegrupper,00,Alle produkt,Biodrivstoff,Sal av reint biodrivstoff,2024M12,2024M12,15.0,
00,Alle kjøpegrupper,00,Alle produkt,Biodrivstoff,Sal av reint biodrivstoff,2025M01,2025M01,12.0,
00,Alle kjøpegrupper,00,Alle produkt,Biodrivstoff,Sal av reint biodrivstoff,2025M02,2025M02,12.0,
00,Alle kjøpegrupper,00,Alle produkt,Biodrivstoff,Sal av reint biodrivstoff,2025M03,2025M03,12.0,
00,Alle kjøpegrupper,00,Alle produkt,Biodrivstoff,Sal av reint biodrivstoff,2025M04,2025M04,10.0,
00,Alle kjøpegrupper,00,Alle produkt,Biodrivstoff,Sal av reint biodrivstoff,2025M05,2025M05,10.0,
00,Alle kjøpegrupper,00,Alle produkt,Biodrivstoff,Sal av reint biodrivstoff,2025M06,2025M06,10.0,
00,Alle kjøpegrupper,00,Alle produkt,Biodrivstoff,Sal av reint biodrivstoff,2025M07,2025M07,7.0,
00,Alle kjøpegrupper,00,Alle produkt,Biodrivstoff,Sal av reint biodrivstoff,2025M08,2025M08,8.0,
00,Alle kjøpegrupper,00,Alle produkt,Biodrivstoff,Sal av reint biodrivstoff,2025M09,2025M09,13.0,
00,Alle kjøpegrupper,00,Alle produkt,Biodrivstoff,Sal av reint biodrivstoff,2025M10,2025M10,13.0,
00,Alle kjøpegrupper,00,Alle produkt,Biodrivstoff,Sal av reint biodrivstoff,2025M11,2025M11,14.0,
00,Alle kjøpegrupper,00,Alle produkt,Biodrivstoff,Sal av reint biodrivstoff,2025M12,2025M12,12.0,
00,Alle kjøpegrupper,00,Alle produkt,Biodrivstoff,Sal av reint biodrivstoff,2026M01,2026M01,22.0,
00,Alle kjøpegrupper,00,Alle produkt,Biodrivstoff,Sal av reint biodrivstoff,2026M02,2026M02,23.0,
00,Alle kjøpegrupper,00,Alle produkt,Biodrivstoff,Sal av reint biodrivstoff,2026M03,2026M03,12.0,
00,Alle kjøpegrupper,00,Alle produkt,Biodrivstoff,Sal av reint biodrivstoff,2026M04,2026M04,10.0,
00,Alle kjøpegrupper,00,Alle produkt,Biodrivstoff,Sal av reint biodrivstoff,2026M05,2026M05,15.0,
00,Alle kjøpegrupper,00,Alle produkt,Biodrivstoff,Sal av reint biodrivstoff,2026M06,2026M06,12.0,
00,Alle kjøpegrupper,01,Bilbensin,Total,Totalt sal,2021M01,2021M01,,..
00,Alle kjøpegrupper,01,Bilbensin,Total,Totalt sal,2021M02,2021M02,,..
00,Alle kjøpegrupper,01,Bilbensin,Total,Totalt sal,2021M03,2021M03,,..
00,Alle kjøpegrupper,01,Bilbensin,Total,Totalt sal,2021M04,2021M04,,..
00,Alle kjøpegrupper,01,Bilbensin,Total,Totalt sal,2021M05,2021M05,,..
00,Alle kjøpegrupper,01,Bilbensin,Total,Totalt sal,2021M06,2021M06,,..
00,Alle kjøpegrupper,01,Bilbensin,Total,Totalt sal,2021M07,2021M07,,..
00,Alle kjøpegrupper,01,Bilbensin,Total,Totalt sal,2021M08,2021M08,,..
00,Alle kjøpegrupper,01,Bilbensin,Total,Totalt sal,2021M09,2021M09,,..
00,Alle kjøpegrupper,01,Bilbensin,Total,Totalt sal,2021M10,2021M10,,..
00,Alle kjøpegrupper,01,Bilbensin,Total,Totalt sal,2021M11,2021M11,,..
00,Alle kjøpegrupper,01,Bilbensin,Total,Totalt sal,2021M12,2021M12,,..
00,Alle kjøpegrupper,01,Bilbensin,Total,Totalt sal,2022M01,2022M01,64.0,
00,Alle kjøpegrupper,01,Bilbensin,Total,Totalt sal,2022M02,2022M02,64.0,
00,Alle kjøpegrupper,01,Bilbensin,Total,Totalt sal,2022M03,2022M03,75.0,
00,Alle kjøpegrupper,01,Bilbensin,Total,Totalt sal,2022M04,2022M04,76.0,
00,Alle kjøpegrupper,01,Bilbensin,Total,Totalt sal,2022M05,2022M05,80.0,
00,Alle kjøpegrupper,01,Bilbensin,Total,Totalt sal,2022M06,2022M06,90.0,
00,Alle kjøpegrupper,01,Bilbensin,Total,Totalt sal,2022M07,2022M07,97.0,
00,Alle kjøpegrupper,01,Bilbensin,Total,Totalt sal,2022M08,2022M08,88.0,
00,Alle kjøpegrupper,01,Bilbensin,Total,Totalt sal,2022M09,2022M09,76.0,
00,Alle kjøpegrupper,01,Bilbensin,Total,Totalt sal,2022M10,2022M10,72.0,
00,Alle kjøpegrupper,01,Bilbensin,Total,Totalt sal,2022M11,2022M11,69.0,
00,Alle kjøpegrupper,01,Bilbensin,Total,Totalt sal,2022M12,2022M12,71.0,
00,Alle kjøpegrupper,01,Bilbensin,Total,Totalt sal,2023M01,2023M01,64.0,
00,Alle kjøpegrupper,01,Bilbensin,Total,Totalt sal,2023M02,2023M02,65.0,
00,Alle kjøpegrupper,01,Bilbensin,Total,Totalt sal,2023M03,2023M03,73.0,
00,Alle kjøpegrupper,01,Bilbensin,Total,Totalt sal,2023M04,2023M04,74.0,
00,Alle kjøpegrupper,01,Bilbensin,Total,Totalt sal,2023M05,2023M05,83.0,
00,Alle kjøpegrupper,01,Bilbensin,Total,Totalt sal,2023M06,2023M06,88.0,
00,Alle kjøpegrupper,01,Bilbensin,Total,Totalt sal,2023M07,2023M07,94.0,
00,Alle kjøpegrupper,01,Bilbensin,Total,Totalt sal,2023M08,2023M08,83.0,
00,Alle kjøpegrupper,01,Bilbensin,Total,Totalt sal,2023M09,2023M09,73.0,
00,Alle kjøpegrupper,01,Bilbensin,Total,Totalt sal,2023M10,2023M10,74.0,
00,Alle kjøpegrupper,01,Bilbensin,Total,Totalt sal,2023M11,2023M11,65.0,
00,Alle kjøpegrupper,01,Bilbensin,Total,Totalt sal,2023M12,2023M12,71.0,
00,Alle kjøpegrupper,01,Bilbensin,Total,Totalt sal,2024M01,2024M01,64.0,
00,Alle kjøpegrupper,01,Bilbensin,Total,Totalt sal,2024M02,2024M02,65.0,
00,Alle kjøpegrupper,01,Bilbensin,Total,Totalt sal,2024M03,2024M03,69.0,
00,Alle kjøpegrupper,01,Bilbensin,Total,Totalt sal,2024M04,2024M04,68.0,
00,Alle kjøpegrupper,01,Bilbensin,Total,Totalt sal,2024M05,2024M05,80.0,
00,Alle kjøpegrupper,01,Bilbensin,Total,Totalt sal,2024M06,2024M06,81.0,
00,Alle kjøpegrupper,01,Bilbensin,Total,Totalt sal,2024M07,2024M07,91.0,
00,Alle kjøpegrupper,01,Bilbensin,Total,Totalt sal,2024M08,2024M08,83.0,
00,Alle kjøpegrupper,01,Bilbensin,Total,Totalt sal,2024M09,2024M09,72.0,
00,Alle kjøpegrupper,01,Bilbensin,Total,Totalt sal,2024M10,2024M10,65.0,
00,Alle kjøpegrupper,01,Bilbensin,Total,Totalt sal,2024M11,2024M11,60.0,
00,Alle kjøpegrupper,01,Bilbensin,Total,Totalt sal,2024M12,2024M12,66.0,
00,Alle kjøpegrupper,01,Bilbensin,Total,Totalt sal,2025M01,2025M01,60.0,
00,Alle kjøpegrupper,01,Bilbensin,Total,Totalt sal,2025M02,2025M02,59.0,
00,Alle kjøpegrupper,01,Bilbensin,Total,Totalt sal,2025M03,2025M03,64.0,
00,Alle kjøpegrupper,01,Bilbensin,Total,Totalt sal,2025M04,2025M04,69.0,
00,Alle kjøpegrupper,01,Bilbensin,Total,Totalt sal,2025M05,2025M05,74.0,
00,Alle kjøpegrupper,01,Bilbensin,Total,Totalt sal,2025M06,2025M06,79.0,
00,Alle kjøpegrupper,01,Bilbensin,Total,Totalt sal,2025M07,2025M07,94.0,
00,Alle kjøpegrupper,01,Bilbensin,Total,Totalt sal,2025M08,2025M08,79.0,
00,Alle kjøpegrupper,01,Bilbensin,Total,Totalt sal,2025M09,2025M09,67.0,
00,Alle kjøpegrupper,01,Bilbensin,Total,Totalt sal,2025M10,2025M10,64.0,
00,Alle kjøpegrupper,01,Bilbensin,Total,Totalt sal,2025M11,2025M11,56.0,
00,Alle kjøpegrupper,01,Bilbensin,Total,Totalt sal,2025M12,2025M12,61.0,
00,Alle kjøpegrupper,01,Bilbensin,Total,Totalt sal,2026M01,2026M01,61.0,
00,Alle kjøpegrupper,01,Bilbensin,Total,Totalt sal,2026M02,2026M02,57.0,
00,Alle kjøpegrupper,01,Bilbensin,Total,Totalt sal,2026M03,2026M03,58.0,
00,Alle kjøpegrupper,01,Bilbensin,Total,Totalt sal,2026M04,2026M04,68.0,
00,Alle kjøpegrupper,01,Bilbensin,Total,Totalt sal,2026M05,2026M05,74.0,
00,Alle kjøpegrupper,01,Bilbensin,Total,Totalt sal,2026M06,2026M06,76.0,
00,Alle kjøpegrupper,01,Bilbensin,Petroleum,Sal av petroleumsprodukt (inkl. iblanda bio),2021M01,2021M01,68.0,
00,Alle kjøpegrupper,01,Bilbensin,Petroleum,Sal av petroleumsprodukt (inkl. iblanda bio),2021M02,2021M02,66.0,
00,Alle kjøpegrupper,01,Bilbensin,Petroleum,Sal av petroleumsprodukt (inkl. iblanda bio),2021M03,2021M03,72.0,
00,Alle kjøpegrupper,01,Bilbensin,Petroleum,Sal av petroleumsprodukt (inkl. iblanda bio),2021M04,2021M04,71.0,
00,Alle kjøpegrupper,01,Bilbensin,Petroleum,Sal av petroleumsprodukt (inkl. iblanda bio),2021M05,2021M05,85.0,
00,Alle kjøpegrupper,01,Bilbensin,Petroleum,Sal av petroleumsprodukt (inkl. iblanda bio),2021M06,2021M06,94.0,
00,Alle kjøpegrupper,01,Bilbensin,Petroleum,Sal av petroleumsprodukt (inkl. iblanda bio),2021M07,2021M07,114.0,
00,Alle kjøpegrupper,01,Bilbensin,Petroleum,Sal av petroleumsprodukt (inkl. iblanda bio),2021M08,2021M08,97.0,
00,Alle kjøpegrupper,01,Bilbensin,Petroleum,Sal av petroleumsprodukt (inkl. iblanda bio),2021M09,2021M09,81.0,
00,Alle kjøpegrupper,01,Bilbensin,Petroleum,Sal av petroleumsprodukt (inkl. iblanda bio),2021M10,2021M10,77.0,
00,Alle kjøpegrupper,01,Bilbensin,Petroleum,Sal av petroleumsprodukt (inkl. iblanda bio),2021M11,2021M11,72.0,
00,Alle kjøpegrupper,01,Bilbensin,Petroleum,Sal av petroleumsprodukt (inkl. iblanda bio),2021M12,2021M12,73.0,
00,Alle kjøpegrupper,01,Bilbensin,Petroleum,Sal av petroleumsprodukt (inkl. iblanda bio),2022M01,2022M01,64.0,
00,Alle kjøpegrupper,01,Bilbensin,Petroleum,Sal av petroleumsprodukt (inkl. iblanda bio),2022M02,2022M02,64.0,
00,Alle kjøpegrupper,01,Bilbensin,Petroleum,Sal av petroleumsprodukt (inkl. iblanda bio),2022M03,2022M03,75.0,
00,Alle kjøpegrupper,01,Bilbensin,Petroleum,Sal av petroleumsprodukt (inkl. iblanda bio),2022M04,2022M04,76.0,
00,Alle kjøpegrupper,01,Bilbensin,Petroleum,Sal av petroleumsprodukt (inkl. iblanda bio),2022M05,2022M05,80.0,
00,Alle kjøpegrupper,01,Bilbensin,Petroleum,Sal av petroleumsprodukt (inkl. iblanda bio),2022M06,2022M06,90.0,
00,Alle kjøpegrupper,01,Bilbensin,Petroleum,Sal av petroleumsprodukt (inkl. iblanda bio),2022M07,2022M07,97.0,
00,Alle kjøpegrupper,01,Bilbensin,Petroleum,Sal av petroleumsprodukt (inkl. iblanda bio),2022M08,2022M08,88.0,
00,Alle kjøpegrupper,01,Bilbensin,Petroleum,Sal av petroleumsprodukt (inkl. iblanda bio),2022M09,2022M09,76.0,
00,Alle kjøpegrupper,01,Bilbensin,Petroleum,Sal av petroleumsprodukt (inkl. iblanda bio),2022M10,2022M10,72.0,
00,Alle kjøpegrupper,01,Bilbensin,Petroleum,Sal av petroleumsprodukt (inkl. iblanda bio),2022M11,2022M11,69.0,
00,Alle kjøpegrupper,01,Bilbensin,Petroleum,Sal av petroleumsprodukt (inkl. iblanda bio),2022M12,2022M12,71.0,
00,Alle kjøpegrupper,01,Bilbensin,Petroleum,Sal av petroleumsprodukt (inkl. iblanda bio),2023M01,2023M01,64.0,
00,Alle kjøpegrupper,01,Bilbensin,Petroleum,Sal av petroleumsprodukt (inkl. iblanda bio),2023M02,2023M02,65.0,
00,Alle kjøpegrupper,01,Bilbensin,Petroleum,Sal av petroleumsprodukt (inkl. iblanda bio),2023M03,2023M03,73.0,
00,Alle kjøpegrupper,01,Bilbensin,Petroleum,Sal av petroleumsprodukt (inkl. iblanda bio),2023M04,2023M04,74.0,
00,Alle kjøpegrupper,01,Bilbensin,Petroleum,Sal av petroleumsprodukt (inkl. iblanda bio),2023M05,2023M05,83.0,
00,Alle kjøpegrupper,01,Bilbensin,Petroleum,Sal av petroleumsprodukt (inkl. iblanda bio),2023M06,2023M06,88.0,
00,Alle kjøpegrupper,01,Bilbensin,Petroleum,Sal av petroleumsprodukt (inkl. iblanda bio),2023M07,2023M07,94.0,
00,Alle kjøpegrupper,01,Bilbensin,Petroleum,Sal av petroleumsprodukt (inkl. iblanda bio),2023M08,2023M08,83.0,
00,Alle kjøpegrupper,01,Bilbensin,Petroleum,Sal av petroleumsprodukt (inkl. iblanda bio),2023M09,2023M09,73.0,
00,Alle kjøpegrupper,01,Bilbensin,Petroleum,Sal av petroleumsprodukt (inkl. iblanda bio),2023M10,2023M10,74.0,
00,Alle kjøpegrupper,01,Bilbensin,Petroleum,Sal av petroleumsprodukt (inkl. iblanda bio),2023M11,2023M11,65.0,
00,Alle kjøpegrupper,01,Bilbensin,Petroleum,Sal av petroleumsprodukt (inkl. iblanda bio),2023M12,2023M12,71.0,
00,Alle kjøpegrupper,01,Bilbensin,Petroleum,Sal av petroleumsprodukt (inkl. iblanda bio),2024M01,2024M01,64.0,
00,Alle kjøpegrupper,01,Bilbensin,Petroleum,Sal av petroleumsprodukt (inkl. iblanda bio),2024M02,2024M02,65.0,
00,Alle kjøpegrupper,01,Bilbensin,Petroleum,Sal av petroleumsprodukt (inkl. iblanda bio),2024M03,2024M03,69.0,
00,Alle kjøpegrupper,01,Bilbensin,Petroleum,Sal av petroleumsprodukt (inkl. iblanda bio),2024M04,2024M04,68.0,
00,Alle kjøpegrupper,01,Bilbensin,Petroleum,Sal av petroleumsprodukt (inkl. iblanda bio),2024M05,2024M05,80.0,
00,Alle kjøpegrupper,01,Bilbensin,Petroleum,Sal av petroleumsprodukt (inkl. iblanda bio),2024M06,2024M06,81.0,
00,Alle kjøpegrupper,01,Bilbensin,Petroleum,Sal av petroleumsprodukt (inkl. iblanda bio),2024M07,2024M07,91.0,
00,Alle kjøpegrupper,01,Bilbensin,Petroleum,Sal av petroleumsprodukt (inkl. iblanda bio),2024M08,2024M08,82.0,
00,Alle kjøpegrupper,01,Bilbensin,Petroleum,Sal av petroleumsprodukt (inkl. iblanda bio),2024M09,2024M09,72.0,
00,Alle kjøpegrupper,01,Bilbensin,Petroleum,Sal av petroleumsprodukt (inkl. iblanda bio),2024M10,2024M10,65.0,
00,Alle kjøpegrupper,01,Bilbensin,Petroleum,Sal av petroleumsprodukt (inkl. iblanda bio),2024M11,2024M11,60.0,
00,Alle kjøpegrupper,01,Bilbensin,Petroleum,Sal av petroleumsprodukt (inkl. iblanda bio),2024M12,2024M12,65.0,
00,Alle kjøpegrupper,01,Bilbensin,Petroleum,Sal av petroleumsprodukt (inkl. iblanda bio),2025M01,2025M01,60.0,
00,Alle kjøpegrupper,01,Bilbensin,Petroleum,Sal av petroleumsprodukt (inkl. iblanda bio),2025M02,2025M02,59.0,
00,Alle kjøpegrupper,01,Bilbensin,Petroleum,Sal av petroleumsprodukt (inkl. iblanda bio),2025M03,2025M03,64.0,
00,Alle kjøpegrupper,01,Bilbensin,Petroleum,Sal av petroleumsprodukt (inkl. iblanda bio),2025M04,2025M04,69.0,
00,Alle kjøpegrupper,01,Bilbensin,Petroleum,Sal av petroleumsprodukt (inkl. iblanda bio),2025M05,2025M05,74.0,
00,Alle kjøpegrupper,01,Bilbensin,Petroleum,Sal av petroleumsprodukt (inkl. iblanda bio),2025M06,2025M06,78.0,
00,Alle kjøpegrupper,01,Bilbensin,Petroleum,Sal av petroleumsprodukt (inkl. iblanda bio),2025M07,2025M07,94.0,
00,Alle kjøpegrupper,01,Bilbensin,Petroleum,Sal av petroleumsprodukt (inkl. iblanda bio),2025M08,2025M08,79.0,
00,Alle kjøpegrupper,01,Bilbensin,Petroleum,Sal av petroleumsprodukt (inkl. iblanda bio),2025M09,2025M09,67.0,
00,Alle kjøpegrupper,01,Bilbensin,Petroleum,Sal av petroleumsprodukt (inkl. iblanda bio),2025M10,2025M10,64.0,
00,Alle kjøpegrupper,01,Bilbensin,Petroleum,Sal av petroleumsprodukt (inkl. iblanda bio),2025M11,2025M11,56.0,
00,Alle kjøpegrupper,01,Bilbensin,Petroleum,Sal av petroleumsprodukt (inkl. iblanda bio),2025M12,2025M12,60.0,
00,Alle kjøpegrupper,01,Bilbensin,Petroleum,Sal av petroleumsprodukt (inkl. iblanda bio),2026M01,2026M01,61.0,
00,Alle kjøpegrupper,01,Bilbensin,Petroleum,Sal av petroleumsprodukt (inkl. iblanda bio),2026M02,2026M02,57.0,
00,Alle kjøpegrupper,01,Bilbensin,Petroleum,Sal av petroleumsprodukt (inkl. iblanda bio),2026M03,2026M03,58.0,
00,Alle kjøpegrupper,01,Bilbensin,Petroleum,Sal av petroleumsprodukt (inkl. iblanda bio),2026M04,2026M04,68.0,
00,Alle kjøpegrupper,01,Bilbensin,Petroleum,Sal av petroleumsprodukt (inkl. iblanda bio),2026M05,2026M05,72.0,
00,Alle kjøpegrupper,01,Bilbensin,Petroleum,Sal av petroleumsprodukt (inkl. iblanda bio),2026M06,2026M06,76.0,
00,Alle kjøpegrupper,01,Bilbensin,Biodrivstoff,Sal av reint biodrivstoff,2021M01,2021M01,,..
00,Alle kjøpegrupper,01,Bilbensin,Biodrivstoff,Sal av reint biodrivstoff,2021M02,2021M02,,..
00,Alle kjøpegrupper,01,Bilbensin,Biodrivstoff,Sal av reint biodrivstoff,2021M03,2021M03,,..
00,Alle kjøpegrupper,01,Bilbensin,Biodrivstoff,Sal av reint biodrivstoff,2021M04,2021M04,,..
00,Alle kjøpegrupper,01,Bilbensin,Biodrivstoff,Sal av reint biodrivstoff,2021M05,2021M05,,..
00,Alle kjøpegrupper,01,Bilbensin,Biodrivstoff,Sal av reint biodrivstoff,2021M06,2021M06,,..
00,Alle kjøpegrupper,01,Bilbensin,Biodrivstoff,Sal av reint biodrivstoff,2021M07,2021M07,,..
00,Alle kjøpegrupper,01,Bilbensin,Biodrivstoff,Sal av reint biodrivstoff,2021M08,2021M08,,..
00,Alle kjøpegrupper,01,Bilbensin,Biodrivstoff,Sal av reint biodrivstoff,2021M09,2021M09,,..
00,Alle kjøpegrupper,01,Bilbensin,Biodrivstoff,Sal av reint biodrivstoff,2021M10,2021M10,,..
00,Alle kjøpegrupper,01,Bilbensin,Biodrivstoff,Sal av reint biodrivstoff,2021M11,2021M11,,..
00,Alle kjøpegrupper,01,Bilbensin,Biodrivstoff,Sal av reint biodrivstoff,2021M12,2021M12,,..
00,Alle kjøpegrupper,01,Bilbensin,Biodrivstoff,Sal av reint biodrivstoff,2022M01,2022M01,,..
00,Alle kjøpegrupper,01,Bilbensin,Biodrivstoff,Sal av reint biodrivstoff,2022M02,2022M02,,..
00,Alle kjøpegrupper,01,Bilbensin,Biodrivstoff,Sal av reint biodrivstoff,2022M03,2022M03,,..
00,Alle kjøpegrupper,01,Bilbensin,Biodrivstoff,Sal av reint biodrivstoff,2022M04,2022M04,,..
00,Alle kjøpegrupper,01,Bilbensin,Biodrivstoff,Sal av reint biodrivstoff,2022M05,2022M05,,..
00,Alle kjøpegrupper,01,Bilbensin,Biodrivstoff,Sal av reint biodrivstoff,2022M06,2022M06,,..
00,Alle kjøpegrupper,01,Bilbensin,Biodrivstoff,Sal av reint biodrivstoff,2022M07,2022M07,,..
00,Alle kjøpegrupper,01,Bilbensin,Biodrivstoff,Sal av reint biodrivstoff,2022M08,2022M08,,..
00,Alle kjøpegrupper,01,Bilbensin,Biodrivstoff,Sal av reint biodrivstoff,2022M09,2022M09,,..
00,Alle kjøpegrupper,01,Bilbensin,Biodrivstoff,Sal av reint biodrivstoff,2022M10,2022M10,,..
00,Alle kjøpegrupper,01,Bilbensin,Biodrivstoff,Sal av reint biodrivstoff,2022M11,2022M11,,..
00,Alle kjøpegrupper,01,Bilbensin,Biodrivstoff,Sal av reint biodrivstoff,2022M12,2022M12,,..
00,Alle kjøpegrupper,01,Bilbensin,Biodrivstoff,Sal av reint biodrivstoff,2023M01,2023M01,,..
00,Alle kjøpegrupper,01,Bilbensin,Biodrivstoff,Sal av reint biodrivstoff,2023M02,2023M02,,..
00,Alle kjøpegrupper,01,Bilbensin,Biodrivstoff,Sal av reint biodrivstoff,2023M03,2023M03,,..
00,Alle kjøpegrupper,01,Bilbensin,Biodrivstoff,Sal av reint biodrivstoff,2023M04,2023M04,,..
00,Alle kjøpegrupper,01,Bilbensin,Biodrivstoff,Sal av reint biodrivstoff,2023M05,2023M05,,..
00,Alle kjøpegrupper,01,Bilbensin,Biodrivstoff,Sal av reint biodrivstoff,2023M06,2023M06,,..
00,Alle kjøpegrupper,01,Bilbensin,Biodrivstoff,Sal av reint biodrivstoff,2023M07,2023M07,,..
00,Alle kjøpegrupper,01,Bilbensin,Biodrivstoff,Sal av reint biodrivstoff,2023M08,2023M08,,..
00,Alle kjøpegrupper,01,Bilbensin,Biodrivstoff,Sal av reint biodrivstoff,2023M09,2023M09,,..
00,Alle kjøpegrupper,01,Bilbensin,Biodrivstoff,Sal av reint biodrivstoff,2023M10,2023M10,,..
00,Alle kjøpegrupper,01,Bilbensin,Biodrivstoff,Sal av reint biodrivstoff,2023M11,2023M11,,..
00,Alle kjøpegrupper,01,Bilbensin,Biodrivstoff,Sal av reint biodrivstoff,2023M12,2023M12,,..
00,Alle kjøpegrupper,01,Bilbensin,Biodrivstoff,Sal av reint biodrivstoff,2024M01,2024M01,,..
00,Alle kjøpegrupper,01,Bilbensin,Biodrivstoff,Sal av reint biodrivstoff,2024M02,2024M02,,..
00,Alle kjøpegrupper,01,Bilbensin,Biodrivstoff,Sal av reint biodrivstoff,2024M03,2024M03,0.0,
00,Alle kjøpegrupper,01,Bilbensin,Biodrivstoff,Sal av reint biodrivstoff,2024M04,2024M04,,..
00,Alle kjøpegrupper,01,Bilbensin,Biodrivstoff,Sal av reint biodrivstoff,2024M05,2024M05,,..
00,Alle kjøpegrupper,01,Bilbensin,Biodrivstoff,Sal av reint biodrivstoff,2024M06,2024M06,,..
00,Alle kjøpegrupper,01,Bilbensin,Biodrivstoff,Sal av reint biodrivstoff,2024M07,2024M07,0.0,
00,Alle kjøpegrupper,01,Bilbensin,Biodrivstoff,Sal av reint biodrivstoff,2024M08,2024M08,0.0,
00,Alle kjøpegrupper,01,Bilbensin,Biodrivstoff,Sal av reint biodrivstoff,2024M09,2024M09,0.0,
00,Alle kjøpegrupper,01,Bilbensin,Biodrivstoff,Sal av reint biodrivstoff,2024M10,2024M10,0.0,
00,Alle kjøpegrupper,01,Bilbensin,Biodrivstoff,Sal av reint biodrivstoff,2024M11,2024M11,0.0,
00,Alle kjøpegrupper,01,Bilbensin,Biodrivstoff,Sal av reint biodrivstoff,2024M12,2024M12,0.0,
00,Alle kjøpegrupper,01,Bilbensin,Biodrivstoff,Sal av reint biodrivstoff,2025M01,2025M01,0.0,
00,Alle kjøpegrupper,01,Bilbensin,Biodrivstoff,Sal av reint biodrivstoff,2025M02,2025M02,0.0,
00,Alle kjøpegrupper,01,Bilbensin,Biodrivstoff,Sal av reint biodrivstoff,2025M03,2025M03,,..
00,Alle kjøpegrupper,01,Bilbensin,Biodrivstoff,Sal av reint biodrivstoff,2025M04,2025M04,,..
00,Alle kjøpegrupper,01,Bilbensin,Biodrivstoff,Sal av reint biodrivstoff,2025M05,2025M05,,..
00,Alle kjøpegrupper,01,Bilbensin,Biodrivstoff,Sal av reint biodrivstoff,2025M06,2025M06,,..
00,Alle kjøpegrupper,01,Bilbensin,Biodrivstoff,Sal av reint biodrivstoff,2025M07,2025M07,,..
00,Alle kjøpegrupper,01,Bilbensin,Biodrivstoff,Sal av reint biodrivstoff,2025M08,2025M08,,..
00,Alle kjøpegrupper,01,Bilbensin,Biodrivstoff,Sal av reint biodrivstoff,2025M09,2025M09,,..
00,Alle kjøpegrupper,01,Bilbensin,Biodrivstoff,Sal av reint biodrivstoff,2025M10,2025M10,,..
00,Alle kjøpegrupper,01,Bilbensin,Biodrivstoff,Sal av reint biodrivstoff,2025M11,2025M11,,..
00,Alle kjøpegrupper,01,Bilbensin,Biodrivstoff,Sal av reint biodrivstoff,2025M12,2025M12,,..
00,Alle kjøpegrupper,01,Bilbensin,Biodrivstoff,Sal av reint biodrivstoff,2026M01,2026M01,,..
00,Alle kjøpegrupper,01,Bilbensin,Biodrivstoff,Sal av reint biodrivstoff,2026M02,2026M02,,..
00,Alle kjøpegrupper,01,Bilbensin,Biodrivstoff,Sal av reint biodrivstoff,2026M03,2026M03,,..
00,Alle kjøpegrupper,01,Bilbensin,Biodrivstoff,Sal av reint biodrivstoff,2026M04,2026M04,0.0,
00,Alle kjøpegrupper,01,Bilbensin,Biodrivstoff,Sal av reint biodrivstoff,2026M05,2026M05,2.0,
00,Alle kjøpegrupper,01,Bilbensin,Biodrivstoff,Sal av reint biodrivstoff,2026M06,2026M06,0.0,
00,Alle kjøpegrupper,02a,Autodiesel,Total,Totalt sal,2021M01,2021M01,,..
00,Alle kjøpegrupper,02a,Autodiesel,Total,Totalt sal,2021M02,2021M02,,..
00,Alle kjøpegrupper,02a,Autodiesel,Total,Totalt sal,2021M03,2021M03,,..
00,Alle kjøpegrupper,02a,Autodiesel,Total,Totalt sal,2021M04,2021M04,,..
00,Alle kjøpegrupper,02a,Autodiesel,Total,Totalt sal,2021M05,2021M05,,..
00,Alle kjøpegrupper,02a,Autodiesel,Total,Totalt sal,2021M06,2021M06,,..
00,Alle kjøpegrupper,02a,Autodiesel,Total,Totalt sal,2021M07,2021M07,,..
00,Alle kjøpegrupper,02a,Autodiesel,Total,Totalt sal,2021M08,2021M08,,..
00,Alle kjøpegrupper,02a,Autodiesel,Total,Totalt sal,2021M09,2021M09,,..
00,Alle kjøpegrupper,02a,Autodiesel,Total,Totalt sal,2021M10,2021M10,,..
00,Alle kjøpegrupper,02a,Autodiesel,Total,Totalt sal,2021M11,2021M11,,..
00,Alle kjøpegrupper,02a,Autodiesel,Total,Totalt sal,2021M12,2021M12,,..
00,Alle kjøpegrupper,02a,Autodiesel,Total,Totalt sal,2022M01,2022M01,228.0,
00,Alle kjøpegrupper,02a,Autodiesel,Total,Totalt sal,2022M02,2022M02,229.0,
00,Alle kjøpegrupper,02a,Autodiesel,Total,Totalt sal,2022M03,2022M03,256.0,
00,Alle kjøpegrupper,02a,Autodiesel,Total,Totalt sal,2022M04,2022M04,228.0,
00,Alle kjøpegrupper,02a,Autodiesel,Total,Totalt sal,2022M05,2022M05,249.0,
00,Alle kjøpegrupper,02a,Autodiesel,Total,Totalt sal,2022M06,2022M06,253.0,
00,Alle kjøpegrupper,02a,Autodiesel,Total,Totalt sal,2022M07,2022M07,237.0,
00,Alle kjøpegrupper,02a,Autodiesel,Total,Totalt sal,2022M08,2022M08,254.0,
00,Alle kjøpegrupper,02a,Autodiesel,Total,Totalt sal,2022M09,2022M09,256.0,
00,Alle kjøpegrupper,02a,Autodiesel,Total,Totalt sal,2022M10,2022M10,243.0,
00,Alle kjøpegrupper,02a,Autodiesel,Total,Totalt sal,2022M11,2022M11,258.0,
00,Alle kjøpegrupper,02a,Autodiesel,Total,Totalt sal,2022M12,2022M12,238.0,
00,Alle kjøpegrupper,02a,Autodiesel,Total,Totalt sal,2023M01,2023M01,229.0,
00,Alle kjøpegrupper,02a,Autodiesel,Total,Totalt sal,2023M02,2023M02,216.0,
00,Alle kjøpegrupper,02a,Autodiesel,Total,Totalt sal,2023M03,2023M03,247.0,
00,Alle kjøpegrupper,02a,Autodiesel,Total,Totalt sal,2023M04,2023M04,210.0,
00,Alle kjøpegrupper,02a,Autodiesel,Total,Totalt sal,2023M05,2023M05,231.0,
00,Alle kjøpegrupper,02a,Autodiesel,Total,Totalt sal,2023M06,2023M06,246.0,
00,Alle kjøpegrupper,02a,Autodiesel,Total,Totalt sal,2023M07,2023M07,223.0,
00,Alle kjøpegrupper,02a,Autodiesel,Total,Totalt sal,2023M08,2023M08,236.0,
00,Alle kjøpegrupper,02a,Autodiesel,Total,Totalt sal,2023M09,2023M09,226.0,
00,Alle kjøpegrupper,02a,Autodiesel,Total,Totalt sal,2023M10,2023M10,252.0,
00,Alle kjøpegrupper,02a,Autodiesel,Total,Totalt sal,2023M11,2023M11,236.0,
00,Alle kjøpegrupper,02a,Autodiesel,Total,Totalt sal,2023M12,2023M12,222.0,
00,Alle kjøpegrupper,02a,Autodiesel,Total,Totalt sal,2024M01,2024M01,212.0,
00,Alle kjøpegrupper,02a,Autodiesel,Total,Totalt sal,2024M02,2024M02,210.0,
00,Alle kjøpegrupper,02a,Autodiesel,Total,Totalt sal,2024M03,2024M03,195.0,
00,Alle kjøpegrupper,02a,Autodiesel,Total,Totalt sal,2024M04,2024M04,213.0,
00,Alle kjøpegrupper,02a,Autodiesel,Total,Totalt sal,2024M05,2024M05,211.0,
00,Alle kjøpegrupper,02a,Autodiesel,Total,Totalt sal,2024M06,2024M06,220.0,
00,Alle kjøpegrupper,02a,Autodiesel,Total,Totalt sal,2024M07,2024M07,206.0,
00,Alle kjøpegrupper,02a,Autodiesel,Total,Totalt sal,2024M08,2024M08,220.0,
00,Alle kjøpegrupper,02a,Autodiesel,Total,Totalt sal,2024M09,2024M09,212.0,
00,Alle kjøpegrupper,02a,Autodiesel,Total,Totalt sal,2024M10,2024M10,223.0,
00,Alle kjøpegrupper,02a,Autodiesel,Total,Totalt sal,2024M11,2024M11,206.0,
00,Alle kjøpegrupper,02a,Autodiesel,Total,Totalt sal,2024M12,2024M12,195.0,
00,Alle kjøpegrupper,02a,Autodiesel,Total,Totalt sal,2025M01,2025M01,191.0,
00,Alle kjøpegrupper,02a,Autodiesel,Total,Totalt sal,2025M02,2025M02,186.0,
00,Alle kjøpegrupper,02a,Autodiesel,Total,Totalt sal,2025M03,2025M03,199.0,
00,Alle kjøpegrupper,02a,Autodiesel,Total,Totalt sal,2025M04,2025M04,188.0,
00,Alle kjøpegrupper,02a,Autodiesel,Total,Totalt sal,2025M05,2025M05,199.0,
00,Alle kjøpegrupper,02a,Autodiesel,Total,Totalt sal,2025M06,2025M06,208.0,
00,Alle kjøpegrupper,02a,Autodiesel,Total,Totalt sal,2025M07,2025M07,191.0,
00,Alle kjøpegrupper,02a,Autodiesel,Total,Totalt sal,2025M08,2025M08,206.0,
00,Alle kjøpegrupper,02a,Autodiesel,Total,Totalt sal,2025M09,2025M09,207.0,
00,Alle kjøpegrupper,02a,Autodiesel,Total,Totalt sal,2025M10,2025M10,207.0,
00,Alle kjøpegrupper,02a,Autodiesel,Total,Totalt sal,2025M11,2025M11,191.0,
00,Alle kjøpegrupper,02a,Autodiesel,Total,Totalt sal,2025M12,2025M12,180.0,
00,Alle kjøpegrupper,02a,Autodiesel,Total,Totalt sal,2026M01,2026M01,190.0,
00,Alle kjøpegrupper,02a,Autodiesel,Total,Totalt sal,2026M02,2026M02,180.0,
00,Alle kjøpegrupper,02a,Autodiesel,Total,Totalt sal,2026M03,2026M03,182.0,
00,Alle kjøpegrupper,02a,Autodiesel,Total,Totalt sal,2026M04,2026M04,189.0,
00,Alle kjøpegrupper,02a,Autodiesel,Total,Totalt sal,2026M05,2026M05,208.0,
00,Alle kjøpegrupper,02a,Autodiesel,Total,Totalt sal,2026M06,2026M06,215.0,
00,Alle kjøpegrupper,02a,Autodiesel,Petroleum,Sal av petroleumsprodukt (inkl. iblanda bio),2021M01,2021M01,227.0,
00,Alle kjøpegrupper,02a,Autodiesel,Petroleum,Sal av petroleumsprodukt (inkl. iblanda bio),2021M02,2021M02,222.0,
00,Alle kjøpegrupper,02a,Autodiesel,Petroleum,Sal av petroleumsprodukt (inkl. iblanda bio),2021M03,2021M03,240.0,
00,Alle kjøpegrupper,02a,Autodiesel,Petroleum,Sal av petroleumsprodukt (inkl. iblanda bio),2021M04,2021M04,217.0,
00,Alle kjøpegrupper,02a,Autodiesel,Petroleum,Sal av petroleumsprodukt (inkl. iblanda bio),2021M05,2021M05,235.0,
00,Alle kjøpegrupper,02a,Autodiesel,Petroleum,Sal av petroleumsprodukt (inkl. iblanda bio),2021M06,2021M06,254.0,
00,Alle kjøpegrupper,02a,Autodiesel,Petroleum,Sal av petroleumsprodukt (inkl. iblanda bio),2021M07,2021M07,250.0,
00,Alle kjøpegrupper,02a,Autodiesel,Petroleum,Sal av petroleumsprodukt (inkl. iblanda bio),2021M08,2021M08,257.0,
00,Alle kjøpegrupper,02a,Autodiesel,Petroleum,Sal av petroleumsprodukt (inkl. iblanda bio),2021M09,2021M09,258.0,
00,Alle kjøpegrupper,02a,Autodiesel,Petroleum,Sal av petroleumsprodukt (inkl. iblanda bio),2021M10,2021M10,254.0,
00,Alle kjøpegrupper,02a,Autodiesel,Petroleum,Sal av petroleumsprodukt (inkl. iblanda bio),2021M11,2021M11,259.0,
00,Alle kjøpegrupper,02a,Autodiesel,Petroleum,Sal av petroleumsprodukt (inkl. iblanda bio),2021M12,2021M12,241.0,
00,Alle kjøpegrupper,02a,Autodiesel,Petroleum,Sal av petroleumsprodukt (inkl. iblanda bio),2022M01,2022M01,223.0,
00,Alle kjøpegrupper,02a,Autodiesel,Petroleum,Sal av petroleumsprodukt (inkl. iblanda bio),2022M02,2022M02,224.0,
00,Alle kjøpegrupper,02a,Autodiesel,Petroleum,Sal av petroleumsprodukt (inkl. iblanda bio),2022M03,2022M03,250.0,
00,Alle kjøpegrupper,02a,Autodiesel,Petroleum,Sal av petroleumsprodukt (inkl. iblanda bio),2022M04,2022M04,220.0,
00,Alle kjøpegrupper,02a,Autodiesel,Petroleum,Sal av petroleumsprodukt (inkl. iblanda bio),2022M05,2022M05,245.0,
00,Alle kjøpegrupper,02a,Autodiesel,Petroleum,Sal av petroleumsprodukt (inkl. iblanda bio),2022M06,2022M06,249.0,
00,Alle kjøpegrupper,02a,Autodiesel,Petroleum,Sal av petroleumsprodukt (inkl. iblanda bio),2022M07,2022M07,233.0,
00,Alle kjøpegrupper,02a,Autodiesel,Petroleum,Sal av petroleumsprodukt (inkl. iblanda bio),2022M08,2022M08,249.0,
00,Alle kjøpegrupper,02a,Autodiesel,Petroleum,Sal av petroleumsprodukt (inkl. iblanda bio),2022M09,2022M09,247.0,
00,Alle kjøpegrupper,02a,Autodiesel,Petroleum,Sal av petroleumsprodukt (inkl. iblanda bio),2022M10,2022M10,237.0,
00,Alle kjøpegrupper,02a,Autodiesel,Petroleum,Sal av petroleumsprodukt (inkl. iblanda bio),2022M11,2022M11,251.0,
00,Alle kjøpegrupper,02a,Autodiesel,Petroleum,Sal av petroleumsprodukt (inkl. iblanda bio),2022M12,2022M12,229.0,
00,Alle kjøpegrupper,02a,Autodiesel,Petroleum,Sal av petroleumsprodukt (inkl. iblanda bio),2023M01,2023M01,224.0,
00,Alle kjøpegrupper,02a,Autodiesel,Petroleum,Sal av petroleumsprodukt (inkl. iblanda bio),2023M02,2023M02,213.0,
00,Alle kjøpegrupper,02a,Autodiesel,Petroleum,Sal av petroleumsprodukt (inkl. iblanda bio),2023M03,2023M03,242.0,
00,Alle kjøpegrupper,02a,Autodiesel,Petroleum,Sal av petroleumsprodukt (inkl. iblanda bio),2023M04,2023M04,204.0,
00,Alle kjøpegrupper,02a,Autodiesel,Petroleum,Sal av petroleumsprodukt (inkl. iblanda bio),2023M05,2023M05,227.0,
00,Alle kjøpegrupper,02a,Autodiesel,Petroleum,Sal av petroleumsprodukt (inkl. iblanda bio),2023M06,2023M06,241.0,
00,Alle kjøpegrupper,02a,Autodiesel,Petroleum,Sal av petroleumsprodukt (inkl. iblanda bio),2023M07,2023M07,220.0,
00,Alle kjøpegrupper,02a,Autodiesel,Petroleum,Sal av petroleumsprodukt (inkl. iblanda bio),2023M08,2023M08,233.0,
00,Alle kjøpegrupper,02a,Autodiesel,Petroleum,Sal av petroleumsprodukt (inkl. iblanda bio),2023M09,2023M09,221.0,
00,Alle kjøpegrupper,02a,Autodiesel,Petroleum,Sal av petroleumsprodukt (inkl. iblanda bio),2023M10,2023M10,247.0,
00,Alle kjøpegrupper,02a,Autodiesel,Petroleum,Sal av petroleumsprodukt (inkl. iblanda bio),2023M11,2023M11,233.0,
00,Alle kjøpegrupper,02a,Autodiesel,Petroleum,Sal av petroleumsprodukt (inkl. iblanda bio),2023M12,2023M12,219.0,
00,Alle kjøpegrupper,02a,Autodiesel,Petroleum,Sal av petroleumsprodukt (inkl. iblanda bio),2024M01,2024M01,207.0,
00,Alle kjøpegrupper,02a,Autodiesel,Petroleum,Sal av petroleumsprodukt (inkl. iblanda bio),2024M02,2024M02,206.0,
00,Alle kjøpegrupper,02a,Autodiesel,Petroleum,Sal av petroleumsprodukt (inkl. iblanda bio),2024M03,2024M03,188.0,
00,Alle kjøpegrupper,02a,Autodiesel,Petroleum,Sal av petroleumsprodukt (inkl. iblanda bio),2024M04,2024M04,209.0,
00,Alle kjøpegrupper,02a,Autodiesel,Petroleum,Sal av petroleumsprodukt (inkl. iblanda bio),2024M05,2024M05,205.0,
00,Alle kjøpegrupper,02a,Autodiesel,Petroleum,Sal av petroleumsprodukt (inkl. iblanda bio),2024M06,2024M06,216.0,
00,Alle kjøpegrupper,02a,Autodiesel,Petroleum,Sal av petroleumsprodukt (inkl. iblanda bio),2024M07,2024M07,200.0,
00,Alle kjøpegrupper,02a,Autodiesel,Petroleum,Sal av petroleumsprodukt (inkl. iblanda bio),2024M08,2024M08,214.0,
00,Alle kjøpegrupper,02a,Autodiesel,Petroleum,Sal av petroleumsprodukt (inkl. iblanda bio),2024M09,2024M09,207.0,
00,Alle kjøpegrupper,02a,Autodiesel,Petroleum,Sal av petroleumsprodukt (inkl. iblanda bio),2024M10,2024M10,217.0,
00,Alle kjøpegrupper,02a,Autodiesel,Petroleum,Sal av petroleumsprodukt (inkl. iblanda bio),2024M11,2024M11,201.0,
00,Alle kjøpegrupper,02a,Autodiesel,Petroleum,Sal av petroleumsprodukt (inkl. iblanda bio),2024M12,2024M12,190.0,
00,Alle kjøpegrupper,02a,Autodiesel,Petroleum,Sal av petroleumsprodukt (inkl. iblanda bio),2025M01,2025M01,188.0,
00,Alle kjøpegrupper,02a,Autodiesel,Petroleum,Sal av petroleumsprodukt (inkl. iblanda bio),2025M02,2025M02,183.0,
00,Alle kjøpegrupper,02a,Autodiesel,Petroleum,Sal av petroleumsprodukt (inkl. iblanda bio),2025M03,2025M03,194.0,
00,Alle kjøpegrupper,02a,Autodiesel,Petroleum,Sal av petroleumsprodukt (inkl. iblanda bio),2025M04,2025M04,184.0,
00,Alle kjøpegrupper,02a,Autodiesel,Petroleum,Sal av petroleumsprodukt (inkl. iblanda bio),2025M05,2025M05,194.0,
00,Alle kjøpegrupper,02a,Autodiesel,Petroleum,Sal av petroleumsprodukt (inkl. iblanda bio),2025M06,2025M06,203.0,
00,Alle kjøpegrupper,02a,Autodiesel,Petroleum,Sal av petroleumsprodukt (inkl. iblanda bio),2025M07,2025M07,188.0,
00,Alle kjøpegrupper,02a,Autodiesel,Petroleum,Sal av petroleumsprodukt (inkl. iblanda bio),2025M08,2025M08,202.0,
00,Alle kjøpegrupper,02a,Autodiesel,Petroleum,Sal av petroleumsprodukt (inkl. iblanda bio),2025M09,2025M09,201.0,
00,Alle kjøpegrupper,02a,Autodiesel,Petroleum,Sal av petroleumsprodukt (inkl. iblanda bio),2025M10,2025M10,202.0,
00,Alle kjøpegrupper,02a,Autodiesel,Petroleum,Sal av petroleumsprodukt (inkl. iblanda bio),2025M11,2025M11,186.0,
00,Alle kjøpegrupper,02a,Autodiesel,Petroleum,Sal av petroleumsprodukt (inkl. iblanda bio),2025M12,2025M12,176.0,
00,Alle kjøpegrupper,02a,Autodiesel,Petroleum,Sal av petroleumsprodukt (inkl. iblanda bio),2026M01,2026M01,185.0,
00,Alle kjøpegrupper,02a,Autodiesel,Petroleum,Sal av petroleumsprodukt (inkl. iblanda bio),2026M02,2026M02,175.0,
00,Alle kjøpegrupper,02a,Autodiesel,Petroleum,Sal av petroleumsprodukt (inkl. iblanda bio),2026M03,2026M03,179.0,
00,Alle kjøpegrupper,02a,Autodiesel,Petroleum,Sal av petroleumsprodukt (inkl. iblanda bio),2026M04,2026M04,186.0,
00,Alle kjøpegrupper,02a,Autodiesel,Petroleum,Sal av petroleumsprodukt (inkl. iblanda bio),2026M05,2026M05,199.0,
00,Alle kjøpegrupper,02a,Autodiesel,Petroleum,Sal av petroleumsprodukt (inkl. iblanda bio),2026M06,2026M06,209.0,
00,Alle kjøpegrupper,02a,Autodiesel,Biodrivstoff,Sal av reint biodrivstoff,2021M01,2021M01,,..
00,Alle kjøpegrupper,02a,Autodiesel,Biodrivstoff,Sal av reint biodrivstoff,2021M02,2021M02,,..
00,Alle kjøpegrupper,02a,Autodiesel,Biodrivstoff,Sal av reint biodrivstoff,2021M03,2021M03,,..
00,Alle kjøpegrupper,02a,Autodiesel,Biodrivstoff,Sal av reint biodrivstoff,2021M04,2021M04,,..
00,Alle kjøpegrupper,02a,Autodiesel,Biodrivstoff,Sal av reint biodrivstoff,2021M05,2021M05,,..
00,Alle kjøpegrupper,02a,Autodiesel,Biodrivstoff,Sal av reint biodrivstoff,2021M06,2021M06,,..
00,Alle kjøpegrupper,02a,Autodiesel,Biodrivstoff,Sal av reint biodrivstoff,2021M07,2021M07,,..
00,Alle kjøpegrupper,02a,Autodiesel,Biodrivstoff,Sal av reint biodrivstoff,2021M08,2021M08,,..
00,Alle kjøpegrupper,02a,Autodiesel,Biodrivstoff,Sal av reint biodrivstoff,2021M09,2021M09,,..
00,Alle kjøpegrupper,02a,Autodiesel,Biodrivstoff,Sal av reint biodrivstoff,2021M10,2021M10,,..
00,Alle kjøpegrupper,02a,Autodiesel,Biodrivstoff,Sal av reint biodrivstoff,2021M11,2021M11,,..
00,Alle kjøpegrupper,02a,Autodiesel,Biodrivstoff,Sal av reint biodrivstoff,2021M12,2021M12,,..
00,Alle kjøpegrupper,02a,Autodiesel,Biodrivstoff,Sal av reint biodrivstoff,2022M01,2022M01,5.0,
00,Alle kjøpegrupper,02a,Autodiesel,Biodrivstoff,Sal av reint biodrivstoff,2022M02,2022M02,5.0,
00,Alle kjøpegrupper,02a,Autodiesel,Biodrivstoff,Sal av reint biodrivstoff,2022M03,2022M03,6.0,
00,Alle kjøpegrupper,02a,Autodiesel,Biodrivstoff,Sal av reint biodrivstoff,2022M04,2022M04,7.0,
00,Alle kjøpegrupper,02a,Autodiesel,Biodrivstoff,Sal av reint biodrivstoff,2022M05,2022M05,4.0,
00,Alle kjøpegrupper,02a,Autodiesel,Biodrivstoff,Sal av reint biodrivstoff,2022M06,2022M06,4.0,
00,Alle kjøpegrupper,02a,Autodiesel,Biodrivstoff,Sal av reint biodrivstoff,2022M07,2022M07,3.0,
00,Alle kjøpegrupper,02a,Autodiesel,Biodrivstoff,Sal av reint biodrivstoff,2022M08,2022M08,5.0,
00,Alle kjøpegrupper,02a,Autodiesel,Biodrivstoff,Sal av reint biodrivstoff,2022M09,2022M09,9.0,
00,Alle kjøpegrupper,02a,Autodiesel,Biodrivstoff,Sal av reint biodrivstoff,2022M10,2022M10,5.0,
00,Alle kjøpegrupper,02a,Autodiesel,Biodrivstoff,Sal av reint biodrivstoff,2022M11,2022M11,8.0,
00,Alle kjøpegrupper,02a,Autodiesel,Biodrivstoff,Sal av reint biodrivstoff,2022M12,2022M12,9.0,
00,Alle kjøpegrupper,02a,Autodiesel,Biodrivstoff,Sal av reint biodrivstoff,2023M01,2023M01,6.0,
00,Alle kjøpegrupper,02a,Autodiesel,Biodrivstoff,Sal av reint biodrivstoff,2023M02,2023M02,4.0,
00,Alle kjøpegrupper,02a,Autodiesel,Biodrivstoff,Sal av reint biodrivstoff,2023M03,2023M03,5.0,
00,Alle kjøpegrupper,02a,Autodiesel,Biodrivstoff,Sal av reint biodrivstoff,2023M04,2023M04,7.0,
00,Alle kjøpegrupper,02a,Autodiesel,Biodrivstoff,Sal av reint biodrivstoff,2023M05,2023M05,3.0,
00,Alle kjøpegrupper,02a,Autodiesel,Biodrivstoff,Sal av reint biodrivstoff,2023M06,2023M06,6.0,
00,Alle kjøpegrupper,02a,Autodiesel,Biodrivstoff,Sal av reint biodrivstoff,2023M07,2023M07,3.0,
00,Alle kjøpegrupper,02a,Autodiesel,Biodrivstoff,Sal av reint biodrivstoff,2023M08,2023M08,4.0,
00,Alle kjøpegrupper,02a,Autodiesel,Biodrivstoff,Sal av reint biodrivstoff,2023M09,2023M09,6.0,
00,Alle kjøpegrupper,02a,Autodiesel,Biodrivstoff,Sal av reint biodrivstoff,2023M10,2023M10,6.0,
00,Alle kjøpegrupper,02a,Autodiesel,Biodrivstoff,Sal av reint biodrivstoff,2023M11,2023M11,3.0,
00,Alle kjøpegrupper,02a,Autodiesel,Biodrivstoff,Sal av reint biodrivstoff,2023M12,2023M12,3.0,
00,Alle kjøpegrupper,02a,Autodiesel,Biodrivstoff,Sal av reint biodrivstoff,2024M01,2024M01,5.0,
00,Alle kjøpegrupper,02a,Autodiesel,Biodrivstoff,Sal av reint biodrivstoff,2024M02,2024M02,4.0,
00,Alle kjøpegrupper,02a,Autodiesel,Biodrivstoff,Sal av reint biodrivstoff,2024M03,2024M03,6.0,
00,Alle kjøpegrupper,02a,Autodiesel,Biodrivstoff,Sal av reint biodrivstoff,2024M04,2024M04,4.0,
00,Alle kjøpegrupper,02a,Autodiesel,Biodrivstoff,Sal av reint biodrivstoff,2024M05,2024M05,6.0,
00,Alle kjøpegrupper,02a,Autodiesel,Biodrivstoff,Sal av reint biodrivstoff,2024M06,2024M06,5.0,
00,Alle kjøpegrupper,02a,Autodiesel,Biodrivstoff,Sal av reint biodrivstoff,2024M07,2024M07,6.0,
00,Alle kjøpegrupper,02a,Autodiesel,Biodrivstoff,Sal av reint biodrivstoff,2024M08,2024M08,5.0,
00,Alle kjøpegrupper,02a,Autodiesel,Biodrivstoff,Sal av reint biodrivstoff,2024M09,2024M09,5.0,
00,Alle kjøpegrupper,02a,Autodiesel,Biodrivstoff,Sal av reint biodrivstoff,2024M10,2024M10,6.0,
00,Alle kjøpegrupper,02a,Autodiesel,Biodrivstoff,Sal av reint biodrivstoff,2024M11,2024M11,5.0,
00,Alle kjøpegrupper,02a,Autodiesel,Biodrivstoff,Sal av reint biodrivstoff,2024M12,2024M12,5.0,
00,Alle kjøpegrupper,02a,Autodiesel,Biodrivstoff,Sal av reint biodrivstoff,2025M01,2025M01,3.0,
00,Alle kjøpegrupper,02a,Autodiesel,Biodrivstoff,Sal av reint biodrivstoff,2025M02,2025M02,3.0,
00,Alle kjøpegrupper,02a,Autodiesel,Biodrivstoff,Sal av reint biodrivstoff,2025M03,2025M03,5.0,
00,Alle kjøpegrupper,02a,Autodiesel,Biodrivstoff,Sal av reint biodrivstoff,2025M04,2025M04,5.0,
00,Alle kjøpegrupper,02a,Autodiesel,Biodrivstoff,Sal av reint biodrivstoff,2025M05,2025M05,5.0,
00,Alle kjøpegrupper,02a,Autodiesel,Biodrivstoff,Sal av reint biodrivstoff,2025M06,2025M06,5.0,
00,Alle kjøpegrupper,02a,Autodiesel,Biodrivstoff,Sal av reint biodrivstoff,2025M07,2025M07,3.0,
00,Alle kjøpegrupper,02a,Autodiesel,Biodrivstoff,Sal av reint biodrivstoff,2025M08,2025M08,4.0,
00,Alle kjøpegrupper,02a,Autodiesel,Biodrivstoff,Sal av reint biodrivstoff,2025M09,2025M09,6.0,
00,Alle kjøpegrupper,02a,Autodiesel,Biodrivstoff,Sal av reint biodrivstoff,2025M10,2025M10,5.0,
00,Alle kjøpegrupper,02a,Autodiesel,Biodrivstoff,Sal av reint biodrivstoff,2025M11,2025M11,5.0,
00,Alle kjøpegrupper,02a,Autodiesel,Biodrivstoff,Sal av reint biodrivstoff,2025M12,2025M12,3.0,
00,Alle kjøpegrupper,02a,Autodiesel,Biodrivstoff,Sal av reint biodrivstoff,2026M01,2026M01,5.0,
00,Alle kjøpegrupper,02a,Autodiesel,Biodrivstoff,Sal av reint biodrivstoff,2026M02,2026M02,5.0,
00,Alle kjøpegrupper,02a,Autodiesel,Biodrivstoff,Sal av reint biodrivstoff,2026M03,2026M03,3.0,
00,Alle kjøpegrupper,02a,Autodiesel,Biodrivstoff,Sal av reint biodrivstoff,2026M04,2026M04,4.0,
00,Alle kjøpegrupper,02a,Autodiesel,Biodrivstoff,Sal av reint biodrivstoff,2026M05,2026M05,9.0,
00,Alle kjøpegrupper,02a,Autodiesel,Biodrivstoff,Sal av reint biodrivstoff,2026M06,2026M06,6.0,
00,Alle kjøpegrupper,02b,Anleggsdiesel,Total,Totalt sal,2021M01,2021M01,,..
00,Alle kjøpegrupper,02b,Anleggsdiesel,Total,Totalt sal,2021M02,2021M02,,..
00,Alle kjøpegrupper,02b,Anleggsdiesel,Total,Totalt sal,2021M03,2021M03,,..
00,Alle kjøpegrupper,02b,Anleggsdiesel,Total,Totalt sal,2021M04,2021M04,,..
00,Alle kjøpegrupper,02b,Anleggsdiesel,Total,Totalt sal,2021M05,2021M05,,..
00,Alle kjøpegrupper,02b,Anleggsdiesel,Total,Totalt sal,2021M06,2021M06,,..
00,Alle kjøpegrupper,02b,Anleggsdiesel,Total,Totalt sal,2021M07,2021M07,,..
00,Alle kjøpegrupper,02b,Anleggsdiesel,Total,Totalt sal,2021M08,2021M08,,..
00,Alle kjøpegrupper,02b,Anleggsdiesel,Total,Totalt sal,2021M09,2021M09,,..
00,Alle kjøpegrupper,02b,Anleggsdiesel,Total,Totalt sal,2021M10,2021M10,,..
00,Alle kjøpegrupper,02b,Anleggsdiesel,Total,Totalt sal,2021M11,2021M11,,..
00,Alle kjøpegrupper,02b,Anleggsdiesel,Total,Totalt sal,2021M12,2021M12,,..
00,Alle kjøpegrupper,02b,Anleggsdiesel,Total,Totalt sal,2022M01,2022M01,70.0,
00,Alle kjøpegrupper,02b,Anleggsdiesel,Total,Totalt sal,2022M02,2022M02,80.0,
00,Alle kjøpegrupper,02b,Anleggsdiesel,Total,Totalt sal,2022M03,2022M03,88.0,
00,Alle kjøpegrupper,02b,Anleggsdiesel,Total,Totalt sal,2022M04,2022M04,65.0,
00,Alle kjøpegrupper,02b,Anleggsdiesel,Total,Totalt sal,2022M05,2022M05,75.0,
00,Alle kjøpegrupper,02b,Anleggsdiesel,Total,Totalt sal,2022M06,2022M06,80.0,
00,Alle kjøpegrupper,02b,Anleggsdiesel,Total,Totalt sal,2022M07,2022M07,62.0,
00,Alle kjøpegrupper,02b,Anleggsdiesel,Total,Totalt sal,2022M08,2022M08,81.0,
00,Alle kjøpegrupper,02b,Anleggsdiesel,Total,Totalt sal,2022M09,2022M09,80.0,
00,Alle kjøpegrupper,02b,Anleggsdiesel,Total,Totalt sal,2022M10,2022M10,76.0,
00,Alle kjøpegrupper,02b,Anleggsdiesel,Total,Totalt sal,2022M11,2022M11,82.0,
00,Alle kjøpegrupper,02b,Anleggsdiesel,Total,Totalt sal,2022M12,2022M12,85.0,
00,Alle kjøpegrupper,02b,Anleggsdiesel,Total,Totalt sal,2023M01,2023M01,79.0,
00,Alle kjøpegrupper,02b,Anleggsdiesel,Total,Totalt sal,2023M02,2023M02,70.0,
00,Alle kjøpegrupper,02b,Anleggsdiesel,Total,Totalt sal,2023M03,2023M03,89.0,
00,Alle kjøpegrupper,02b,Anleggsdiesel,Total,Totalt sal,2023M04,2023M04,68.0,
00,Alle kjøpegrupper,02b,Anleggsdiesel,Total,Totalt sal,2023M05,2023M05,77.0,
00,Alle kjøpegrupper,02b,Anleggsdiesel,Total,Totalt sal,2023M06,2023M06,81.0,
00,Alle kjøpegrupper,02b,Anleggsdiesel,Total,Totalt sal,2023M07,2023M07,59.0,
00,Alle kjøpegrupper,02b,Anleggsdiesel,Total,Totalt sal,2023M08,2023M08,75.0,
00,Alle kjøpegrupper,02b,Anleggsdiesel,Total,Totalt sal,2023M09,2023M09,77.0,
00,Alle kjøpegrupper,02b,Anleggsdiesel,Total,Totalt sal,2023M10,2023M10,87.0,
00,Alle kjøpegrupper,02b,Anleggsdiesel,Total,Totalt sal,2023M11,2023M11,91.0,
00,Alle kjøpegrupper,02b,Anleggsdiesel,Total,Totalt sal,2023M12,2023M12,85.0,
00,Alle kjøpegrupper,02b,Anleggsdiesel,Total,Totalt sal,2024M01,2024M01,92.0,
00,Alle kjøpegrupper,02b,Anleggsdiesel,Total,Totalt sal,2024M02,2024M02,85.0,
00,Alle kjøpegrupper,02b,Anleggsdiesel,Total,Totalt sal,2024M03,2024M03,65.0,
00,Alle kjøpegrupper,02b,Anleggsdiesel,Total,Totalt sal,2024M04,2024M04,78.0,
00,Alle kjøpegrupper,02b,Anleggsdiesel,Total,Totalt sal,2024M05,2024M05,82.0,
00,Alle kjøpegrupper,02b,Anleggsdiesel,Total,Totalt sal,2024M06,2024M06,78.0,
00,Alle kjøpegrupper,02b,Anleggsdiesel,Total,Totalt sal,2024M07,2024M07,71.0,
00,Alle kjøpegrupper,02b,Anleggsdiesel,Total,Totalt sal,2024M08,2024M08,80.0,
00,Alle kjøpegrupper,02b,Anleggsdiesel,Total,Totalt sal,2024M09,2024M09,82.0,
00,Alle kjøpegrupper,02b,Anleggsdiesel,Total,Totalt sal,2024M10,2024M10,85.0,
00,Alle kjøpegrupper,02b,Anleggsdiesel,Total,Totalt sal,2024M11,2024M11,85.0,
00,Alle kjøpegrupper,02b,Anleggsdiesel,Total,Totalt sal,2024M12,2024M12,74.0,
00,Alle kjøpegrupper,02b,Anleggsdiesel,Total,Totalt sal,2025M01,2025M01,79.0,
00,Alle kjøpegrupper,02b,Anleggsdiesel,Total,Totalt sal,2025M02,2025M02,72.0,
00,Alle kjøpegrupper,02b,Anleggsdiesel,Total,Totalt sal,2025M03,2025M03,75.0,
00,Alle kjøpegrupper,02b,Anleggsdiesel,Total,Totalt sal,2025M04,2025M04,78.0,
00,Alle kjøpegrupper,02b,Anleggsdiesel,Total,Totalt sal,2025M05,2025M05,77.0,
00,Alle kjøpegrupper,02b,Anleggsdiesel,Total,Totalt sal,2025M06,2025M06,80.0,
00,Alle kjøpegrupper,02b,Anleggsdiesel,Total,Totalt sal,2025M07,2025M07,69.0,
00,Alle kjøpegrupper,02b,Anleggsdiesel,Total,Totalt sal,2025M08,2025M08,76.0,
00,Alle kjøpegrupper,02b,Anleggsdiesel,Total,Totalt sal,2025M09,2025M09,77.0,
00,Alle kjøpegrupper,02b,Anleggsdiesel,Total,Totalt sal,2025M10,2025M10,82.0,
00,Alle kjøpegrupper,02b,Anleggsdiesel,Total,Totalt sal,2025M11,2025M11,83.0,
00,Alle kjøpegrupper,02b,Anleggsdiesel,Total,Totalt sal,2025M12,2025M12,77.0,
00,Alle kjøpegrupper,02b,Anleggsdiesel,Total,Totalt sal,2026M01,2026M01,82.0,
00,Alle kjøpegrupper,02b,Anleggsdiesel,Total,Totalt sal,2026M02,2026M02,86.0,
00,Alle kjøpegrupper,02b,Anleggsdiesel,Total,Totalt sal,2026M03,2026M03,80.0,
00,Alle kjøpegrupper,02b,Anleggsdiesel,Total,Totalt sal,2026M04,2026M04,57.0,
00,Alle kjøpegrupper,02b,Anleggsdiesel,Total,Totalt sal,2026M05,2026M05,82.0,
00,Alle kjøpegrupper,02b,Anleggsdiesel,Total,Totalt sal,2026M06,2026M06,83.0,
00,Alle kjøpegrupper,02b,Anleggsdiesel,Petroleum,Sal av petroleumsprodukt (inkl. iblanda bio),2021M01,2021M01,74.0,
00,Alle kjøpegrupper,02b,Anleggsdiesel,Petroleum,Sal av petroleumsprodukt (inkl. iblanda bio),2021M02,2021M02,80.0,
00,Alle kjøpegrupper,02b,Anleggsdiesel,Petroleum,Sal av petroleumsprodukt (inkl. iblanda bio),2021M03,2021M03,79.0,
00,Alle kjøpegrupper,02b,Anleggsdiesel,Petroleum,Sal av petroleumsprodukt (inkl. iblanda bio),2021M04,2021M04,77.0,
00,Alle kjøpegrupper,02b,Anleggsdiesel,Petroleum,Sal av petroleumsprodukt (inkl. iblanda bio),2021M05,2021M05,75.0,
00,Alle kjøpegrupper,02b,Anleggsdiesel,Petroleum,Sal av petroleumsprodukt (inkl. iblanda bio),2021M06,2021M06,87.0,
00,Alle kjøpegrupper,02b,Anleggsdiesel,Petroleum,Sal av petroleumsprodukt (inkl. iblanda bio),2021M07,2021M07,70.0,
00,Alle kjøpegrupper,02b,Anleggsdiesel,Petroleum,Sal av petroleumsprodukt (inkl. iblanda bio),2021M08,2021M08,86.0,
00,Alle kjøpegrupper,02b,Anleggsdiesel,Petroleum,Sal av petroleumsprodukt (inkl. iblanda bio),2021M09,2021M09,83.0,
00,Alle kjøpegrupper,02b,Anleggsdiesel,Petroleum,Sal av petroleumsprodukt (inkl. iblanda bio),2021M10,2021M10,77.0,
00,Alle kjøpegrupper,02b,Anleggsdiesel,Petroleum,Sal av petroleumsprodukt (inkl. iblanda bio),2021M11,2021M11,86.0,
00,Alle kjøpegrupper,02b,Anleggsdiesel,Petroleum,Sal av petroleumsprodukt (inkl. iblanda bio),2021M12,2021M12,89.0,
00,Alle kjøpegrupper,02b,Anleggsdiesel,Petroleum,Sal av petroleumsprodukt (inkl. iblanda bio),2022M01,2022M01,69.0,
00,Alle kjøpegrupper,02b,Anleggsdiesel,Petroleum,Sal av petroleumsprodukt (inkl. iblanda bio),2022M02,2022M02,79.0,
00,Alle kjøpegrupper,02b,Anleggsdiesel,Petroleum,Sal av petroleumsprodukt (inkl. iblanda bio),2022M03,2022M03,88.0,
00,Alle kjøpegrupper,02b,Anleggsdiesel,Petroleum,Sal av petroleumsprodukt (inkl. iblanda bio),2022M04,2022M04,65.0,
00,Alle kjøpegrupper,02b,Anleggsdiesel,Petroleum,Sal av petroleumsprodukt (inkl. iblanda bio),2022M05,2022M05,74.0,
00,Alle kjøpegrupper,02b,Anleggsdiesel,Petroleum,Sal av petroleumsprodukt (inkl. iblanda bio),2022M06,2022M06,80.0,
00,Alle kjøpegrupper,02b,Anleggsdiesel,Petroleum,Sal av petroleumsprodukt (inkl. iblanda bio),2022M07,2022M07,62.0,
00,Alle kjøpegrupper,02b,Anleggsdiesel,Petroleum,Sal av petroleumsprodukt (inkl. iblanda bio),2022M08,2022M08,81.0,
00,Alle kjøpegrupper,02b,Anleggsdiesel,Petroleum,Sal av petroleumsprodukt (inkl. iblanda bio),2022M09,2022M09,75.0,
00,Alle kjøpegrupper,02b,Anleggsdiesel,Petroleum,Sal av petroleumsprodukt (inkl. iblanda bio),2022M10,2022M10,75.0,
00,Alle kjøpegrupper,02b,Anleggsdiesel,Petroleum,Sal av petroleumsprodukt (inkl. iblanda bio),2022M11,2022M11,78.0,
00,Alle kjøpegrupper,02b,Anleggsdiesel,Petroleum,Sal av petroleumsprodukt (inkl. iblanda bio),2022M12,2022M12,79.0,
00,Alle kjøpegrupper,02b,Anleggsdiesel,Petroleum,Sal av petroleumsprodukt (inkl. iblanda bio),2023M01,2023M01,75.0,
00,Alle kjøpegrupper,02b,Anleggsdiesel,Petroleum,Sal av petroleumsprodukt (inkl. iblanda bio),2023M02,2023M02,67.0,
00,Alle kjøpegrupper,02b,Anleggsdiesel,Petroleum,Sal av petroleumsprodukt (inkl. iblanda bio),2023M03,2023M03,83.0,
00,Alle kjøpegrupper,02b,Anleggsdiesel,Petroleum,Sal av petroleumsprodukt (inkl. iblanda bio),2023M04,2023M04,64.0,
00,Alle kjøpegrupper,02b,Anleggsdiesel,Petroleum,Sal av petroleumsprodukt (inkl. iblanda bio),2023M05,2023M05,76.0,
00,Alle kjøpegrupper,02b,Anleggsdiesel,Petroleum,Sal av petroleumsprodukt (inkl. iblanda bio),2023M06,2023M06,77.0,
00,Alle kjøpegrupper,02b,Anleggsdiesel,Petroleum,Sal av petroleumsprodukt (inkl. iblanda bio),2023M07,2023M07,58.0,
00,Alle kjøpegrupper,02b,Anleggsdiesel,Petroleum,Sal av petroleumsprodukt (inkl. iblanda bio),2023M08,2023M08,73.0,
00,Alle kjøpegrupper,02b,Anleggsdiesel,Petroleum,Sal av petroleumsprodukt (inkl. iblanda bio),2023M09,2023M09,72.0,
00,Alle kjøpegrupper,02b,Anleggsdiesel,Petroleum,Sal av petroleumsprodukt (inkl. iblanda bio),2023M10,2023M10,80.0,
00,Alle kjøpegrupper,02b,Anleggsdiesel,Petroleum,Sal av petroleumsprodukt (inkl. iblanda bio),2023M11,2023M11,84.0,
00,Alle kjøpegrupper,02b,Anleggsdiesel,Petroleum,Sal av petroleumsprodukt (inkl. iblanda bio),2023M12,2023M12,77.0,
00,Alle kjøpegrupper,02b,Anleggsdiesel,Petroleum,Sal av petroleumsprodukt (inkl. iblanda bio),2024M01,2024M01,80.0,
00,Alle kjøpegrupper,02b,Anleggsdiesel,Petroleum,Sal av petroleumsprodukt (inkl. iblanda bio),2024M02,2024M02,75.0,
00,Alle kjøpegrupper,02b,Anleggsdiesel,Petroleum,Sal av petroleumsprodukt (inkl. iblanda bio),2024M03,2024M03,57.0,
00,Alle kjøpegrupper,02b,Anleggsdiesel,Petroleum,Sal av petroleumsprodukt (inkl. iblanda bio),2024M04,2024M04,76.0,
00,Alle kjøpegrupper,02b,Anleggsdiesel,Petroleum,Sal av petroleumsprodukt (inkl. iblanda bio),2024M05,2024M05,75.0,
00,Alle kjøpegrupper,02b,Anleggsdiesel,Petroleum,Sal av petroleumsprodukt (inkl. iblanda bio),2024M06,2024M06,72.0,
00,Alle kjøpegrupper,02b,Anleggsdiesel,Petroleum,Sal av petroleumsprodukt (inkl. iblanda bio),2024M07,2024M07,67.0,
00,Alle kjøpegrupper,02b,Anleggsdiesel,Petroleum,Sal av petroleumsprodukt (inkl. iblanda bio),2024M08,2024M08,78.0,
00,Alle kjøpegrupper,02b,Anleggsdiesel,Petroleum,Sal av petroleumsprodukt (inkl. iblanda bio),2024M09,2024M09,79.0,
00,Alle kjøpegrupper,02b,Anleggsdiesel,Petroleum,Sal av petroleumsprodukt (inkl. iblanda bio),2024M10,2024M10,81.0,
00,Alle kjøpegrupper,02b,Anleggsdiesel,Petroleum,Sal av petroleumsprodukt (inkl. iblanda bio),2024M11,2024M11,80.0,
00,Alle kjøpegrupper,02b,Anleggsdiesel,Petroleum,Sal av petroleumsprodukt (inkl. iblanda bio),2024M12,2024M12,68.0,
00,Alle kjøpegrupper,02b,Anleggsdiesel,Petroleum,Sal av petroleumsprodukt (inkl. iblanda bio),2025M01,2025M01,72.0,
00,Alle kjøpegrupper,02b,Anleggsdiesel,Petroleum,Sal av petroleumsprodukt (inkl. iblanda bio),2025M02,2025M02,65.0,
00,Alle kjøpegrupper,02b,Anleggsdiesel,Petroleum,Sal av petroleumsprodukt (inkl. iblanda bio),2025M03,2025M03,69.0,
00,Alle kjøpegrupper,02b,Anleggsdiesel,Petroleum,Sal av petroleumsprodukt (inkl. iblanda bio),2025M04,2025M04,73.0,
00,Alle kjøpegrupper,02b,Anleggsdiesel,Petroleum,Sal av petroleumsprodukt (inkl. iblanda bio),2025M05,2025M05,72.0,
00,Alle kjøpegrupper,02b,Anleggsdiesel,Petroleum,Sal av petroleumsprodukt (inkl. iblanda bio),2025M06,2025M06,76.0,
00,Alle kjøpegrupper,02b,Anleggsdiesel,Petroleum,Sal av petroleumsprodukt (inkl. iblanda bio),2025M07,2025M07,66.0,
00,Alle kjøpegrupper,02b,Anleggsdiesel,Petroleum,Sal av petroleumsprodukt (inkl. iblanda bio),2025M08,2025M08,72.0,
00,Alle kjøpegrupper,02b,Anleggsdiesel,Petroleum,Sal av petroleumsprodukt (inkl. iblanda bio),2025M09,2025M09,70.0,
00,Alle kjøpegrupper,02b,Anleggsdiesel,Petroleum,Sal av petroleumsprodukt (inkl. iblanda bio),2025M10,2025M10,76.0,
00,Alle kjøpegrupper,02b,Anleggsdiesel,Petroleum,Sal av petroleumsprodukt (inkl. iblanda bio),2025M11,2025M11,76.0,
00,Alle kjøpegrupper,02b,Anleggsdiesel,Petroleum,Sal av petroleumsprodukt (inkl. iblanda bio),2025M12,2025M12,70.0,
00,Alle kjøpegrupper,02b,Anleggsdiesel,Petroleum,Sal av petroleumsprodukt (inkl. iblanda bio),2026M01,2026M01,69.0,
00,Alle kjøpegrupper,02b,Anleggsdiesel,Petroleum,Sal av petroleumsprodukt (inkl. iblanda bio),2026M02,2026M02,74.0,
00,Alle kjøpegrupper,02b,Anleggsdiesel,Petroleum,Sal av petroleumsprodukt (inkl. iblanda bio),2026M03,2026M03,73.0,
00,Alle kjøpegrupper,02b,Anleggsdiesel,Petroleum,Sal av petroleumsprodukt (inkl. iblanda bio),2026M04,2026M04,52.0,
00,Alle kjøpegrupper,02b,Anleggsdiesel,Petroleum,Sal av petroleumsprodukt (inkl. iblanda bio),2026M05,2026M05,77.0,
00,Alle kjøpegrupper,02b,Anleggsdiesel,Petroleum,Sal av petroleumsprodukt (inkl. iblanda bio),2026M06,2026M06,78.0,
00,Alle kjøpegrupper,02b,Anleggsdiesel,Biodrivstoff,Sal av reint biodrivstoff,2021M01,2021M01,,..
00,Alle kjøpegrupper,02b,Anleggsdiesel,Biodrivstoff,Sal av reint biodrivstoff,2021M02,2021M02,,..
00,Alle kjøpegrupper,02b,Anleggsdiesel,Biodrivstoff,Sal av reint biodrivstoff,2021M03,2021M03,,..
00,Alle kjøpegrupper,02b,Anleggsdiesel,Biodrivstoff,Sal av reint biodrivstoff,2021M04,2021M04,,..
00,Alle kjøpegrupper,02b,Anleggsdiesel,Biodrivstoff,Sal av reint biodrivstoff,2021M05,2021M05,,..
00,Alle kjøpegrupper,02b,Anleggsdiesel,Biodrivstoff,Sal av reint biodrivstoff,2021M06,2021M06,,..
00,Alle kjøpegrupper,02b,Anleggsdiesel,Biodrivstoff,Sal av reint biodrivstoff,2021M07,2021M07,,..
00,Alle kjøpegrupper,02b,Anleggsdiesel,Biodrivstoff,Sal av reint biodrivstoff,2021M08,2021M08,,..
00,Alle kjøpegrupper,02b,Anleggsdiesel,Biodrivstoff,Sal av reint biodrivstoff,2021M09,2021M09,,..
00,Alle kjøpegrupper,02b,Anleggsdiesel,Biodrivstoff,Sal av reint biodrivstoff,2021M10,2021M10,,..
00,Alle kjøpegrupper,02b,Anleggsdiesel,Biodrivstoff,Sal av reint biodrivstoff,2021M11,2021M11,,..
00,Alle kjøpegrupper,02b,Anleggsdiesel,Biodrivstoff,Sal av reint biodrivstoff,2021M12,2021M12,,..
00,Alle kjøpegrupper,02b,Anleggsdiesel,Biodrivstoff,Sal av reint biodrivstoff,2022M01,2022M01,2.0,
00,Alle kjøpegrupper,02b,Anleggsdiesel,Biodrivstoff,Sal av reint biodrivstoff,2022M02,2022M02,1.0,
00,Alle kjøpegrupper,02b,Anleggsdiesel,Biodrivstoff,Sal av reint biodrivstoff,2022M03,2022M03,1.0,
00,Alle kjøpegrupper,02b,Anleggsdiesel,Biodrivstoff,Sal av reint biodrivstoff,2022M04,2022M04,0.0,
00,Alle kjøpegrupper,02b,Anleggsdiesel,Biodrivstoff,Sal av reint biodrivstoff,2022M05,2022M05,1.0,
00,Alle kjøpegrupper,02b,Anleggsdiesel,Biodrivstoff,Sal av reint biodrivstoff,2022M06,2022M06,1.0,
00,Alle kjøpegrupper,02b,Anleggsdiesel,Biodrivstoff,Sal av reint biodrivstoff,2022M07,2022M07,0.0,
00,Alle kjøpegrupper,02b,Anleggsdiesel,Biodrivstoff,Sal av reint biodrivstoff,2022M08,2022M08,1.0,
00,Alle kjøpegrupper,02b,Anleggsdiesel,Biodrivstoff,Sal av reint biodrivstoff,2022M09,2022M09,4.0,
00,Alle kjøpegrupper,02b,Anleggsdiesel,Biodrivstoff,Sal av reint biodrivstoff,2022M10,2022M10,1.0,
00,Alle kjøpegrupper,02b,Anleggsdiesel,Biodrivstoff,Sal av reint biodrivstoff,2022M11,2022M11,4.0,
00,Alle kjøpegrupper,02b,Anleggsdiesel,Biodrivstoff,Sal av reint biodrivstoff,2022M12,2022M12,6.0,
00,Alle kjøpegrupper,02b,Anleggsdiesel,Biodrivstoff,Sal av reint biodrivstoff,2023M01,2023M01,4.0,
00,Alle kjøpegrupper,02b,Anleggsdiesel,Biodrivstoff,Sal av reint biodrivstoff,2023M02,2023M02,3.0,
00,Alle kjøpegrupper,02b,Anleggsdiesel,Biodrivstoff,Sal av reint biodrivstoff,2023M03,2023M03,6.0,
00,Alle kjøpegrupper,02b,Anleggsdiesel,Biodrivstoff,Sal av reint biodrivstoff,2023M04,2023M04,4.0,
00,Alle kjøpegrupper,02b,Anleggsdiesel,Biodrivstoff,Sal av reint biodrivstoff,2023M05,2023M05,2.0,
00,Alle kjøpegrupper,02b,Anleggsdiesel,Biodrivstoff,Sal av reint biodrivstoff,2023M06,2023M06,4.0,
00,Alle kjøpegrupper,02b,Anleggsdiesel,Biodrivstoff,Sal av reint biodrivstoff,2023M07,2023M07,1.0,
00,Alle kjøpegrupper,02b,Anleggsdiesel,Biodrivstoff,Sal av reint biodrivstoff,2023M08,2023M08,2.0,
00,Alle kjøpegrupper,02b,Anleggsdiesel,Biodrivstoff,Sal av reint biodrivstoff,2023M09,2023M09,4.0,
00,Alle kjøpegrupper,02b,Anleggsdiesel,Biodrivstoff,Sal av reint biodrivstoff,2023M10,2023M10,7.0,
00,Alle kjøpegrupper,02b,Anleggsdiesel,Biodrivstoff,Sal av reint biodrivstoff,2023M11,2023M11,7.0,
00,Alle kjøpegrupper,02b,Anleggsdiesel,Biodrivstoff,Sal av reint biodrivstoff,2023M12,2023M12,8.0,
00,Alle kjøpegrupper,02b,Anleggsdiesel,Biodrivstoff,Sal av reint biodrivstoff,2024M01,2024M01,11.0,
00,Alle kjøpegrupper,02b,Anleggsdiesel,Biodrivstoff,Sal av reint biodrivstoff,2024M02,2024M02,9.0,
00,Alle kjøpegrupper,02b,Anleggsdiesel,Biodrivstoff,Sal av reint biodrivstoff,2024M03,2024M03,7.0,
00,Alle kjøpegrupper,02b,Anleggsdiesel,Biodrivstoff,Sal av reint biodrivstoff,2024M04,2024M04,3.0,
00,Alle kjøpegrupper,02b,Anleggsdiesel,Biodrivstoff,Sal av reint biodrivstoff,2024M05,2024M05,7.0,
00,Alle kjøpegrupper,02b,Anleggsdiesel,Biodrivstoff,Sal av reint biodrivstoff,2024M06,2024M06,6.0,
00,Alle kjøpegrupper,02b,Anleggsdiesel,Biodrivstoff,Sal av reint biodrivstoff,2024M07,2024M07,4.0,
00,Alle kjøpegrupper,02b,Anleggsdiesel,Biodrivstoff,Sal av reint biodrivstoff,2024M08,2024M08,2.0,
00,Alle kjøpegrupper,02b,Anleggsdiesel,Biodrivstoff,Sal av reint biodrivstoff,2024M09,2024M09,3.0,
00,Alle kjøpegrupper,02b,Anleggsdiesel,Biodrivstoff,Sal av reint biodrivstoff,2024M10,2024M10,5.0,
00,Alle kjøpegrupper,02b,Anleggsdiesel,Biodrivstoff,Sal av reint biodrivstoff,2024M11,2024M11,5.0,
00,Alle kjøpegrupper,02b,Anleggsdiesel,Biodrivstoff,Sal av reint biodrivstoff,2024M12,2024M12,7.0,
00,Alle kjøpegrupper,02b,Anleggsdiesel,Biodrivstoff,Sal av reint biodrivstoff,2025M01,2025M01,7.0,
00,Alle kjøpegrupper,02b,Anleggsdiesel,Biodrivstoff,Sal av reint biodrivstoff,2025M02,2025M02,7.0,
00,Alle kjøpegrupper,02b,Anleggsdiesel,Biodrivstoff,Sal av reint biodrivstoff,2025M03,2025M03,6.0,
00,Alle kjøpegrupper,02b,Anleggsdiesel,Biodrivstoff,Sal av reint biodrivstoff,2025M04,2025M04,5.0,
00,Alle kjøpegrupper,02b,Anleggsdiesel,Biodrivstoff,Sal av reint biodrivstoff,2025M05,2025M05,5.0,
00,Alle kjøpegrupper,02b,Anleggsdiesel,Biodrivstoff,Sal av reint biodrivstoff,2025M06,2025M06,5.0,
00,Alle kjøpegrupper,02b,Anleggsdiesel,Biodrivstoff,Sal av reint biodrivstoff,2025M07,2025M07,3.0,
00,Alle kjøpegrupper,02b,Anleggsdiesel,Biodrivstoff,Sal av reint biodrivstoff,2025M08,2025M08,4.0,
00,Alle kjøpegrupper,02b,Anleggsdiesel,Biodrivstoff,Sal av reint biodrivstoff,2025M09,2025M09,7.0,
00,Alle kjøpegrupper,02b,Anleggsdiesel,Biodrivstoff,Sal av reint biodrivstoff,2025M10,2025M10,7.0,
00,Alle kjøpegrupper,02b,Anleggsdiesel,Biodrivstoff,Sal av reint biodrivstoff,2025M11,2025M11,7.0,
00,Alle kjøpegrupper,02b,Anleggsdiesel,Biodrivstoff,Sal av reint biodrivstoff,2025M12,2025M12,6.0,
00,Alle kjøpegrupper,02b,Anleggsdiesel,Biodrivstoff,Sal av reint biodrivstoff,2026M01,2026M01,13.0,
00,Alle kjøpegrupper,02b,Anleggsdiesel,Biodrivstoff,Sal av reint biodrivstoff,2026M02,2026M02,12.0,
00,Alle kjøpegrupper,02b,Anleggsdiesel,Biodrivstoff,Sal av reint biodrivstoff,2026M03,2026M03,7.0,
00,Alle kjøpegrupper,02b,Anleggsdiesel,Biodrivstoff,Sal av reint biodrivstoff,2026M04,2026M04,5.0,
00,Alle kjøpegrupper,02b,Anleggsdiesel,Biodrivstoff,Sal av reint biodrivstoff,2026M05,2026M05,4.0,
00,Alle kjøpegrupper,02b,Anleggsdiesel,Biodrivstoff,Sal av reint biodrivstoff,2026M06,2026M06,6.0,
