table_id,extract,dimension,dimension_label,code,code_label,unit,role,note
03687,sales_03687,(tabell),"03687: Salg av petroleumsprodukter, etter kjøpegruppe og produkt (mill. liter). Foreløpige tall (F) (avslutta serie) 1995M01-2016M07",note1,,,tabellnote,"Omfatter også bunkers, det vil si leveranser fra norske havner til skip i utenriksfart uansett skipenes nasjonalitet."
03687,sales_03687,Region,region,0,Hele landet,,klassifisering,
03687,sales_03687,Kjopegrupper,kjøpegruppe,00,Alle kjøpegrupper,,klassifisering,
03687,sales_03687,PetroleumProd,petroleumsprodukt,00,Petroleumsprodukter i alt,,klassifisering,
03687,sales_03687,PetroleumProd,petroleumsprodukt,03,Bilbensin,,klassifisering,
03687,sales_03687,PetroleumProd,petroleumsprodukt,04,Diesel,,klassifisering,
03687,sales_03687,ContentsCode,statistikkvariabel,Petroleum,Salg,mill. liter,statistikkvariabel,
03687,sales_03687,Tid,måned,1995M01--2016M07,259 perioder (måned),,tid,
11174,sales_11174,(tabell),"11174: Salg av petroleumsprodukter, etter kjøpegruppe og produkt (mill. liter). Foreløpige tall (F) (avslutta serie) 2010M01-2022M01",note1,,,tabellnote,Volum på selt bilbensin og autodiesel er medrekna iblanda biodrivstoff.
11174,sales_11174,(tabell),"11174: Salg av petroleumsprodukter, etter kjøpegruppe og produkt (mill. liter). Foreløpige tall (F) (avslutta serie) 2010M01-2022M01",note2,,,tabellnote,Tal på sal av autodiesel og marine gassoljer for 2020 og jan. - feb. 2021 vart korrigert 20.04.2021. Rettinga medfører at tal f.o.m. 2020 for desse produkta (samt totaltalet) ikkje kan samanliknast med tidlegare periodar.
11174,sales_11174,(tabell),"11174: Salg av petroleumsprodukter, etter kjøpegruppe og produkt (mill. liter). Foreløpige tall (F) (avslutta serie) 2010M01-2022M01",note3,,,tabellnote,"Tall fra og med 2020 kan ikke sammenlignes med tidligere år for produktene marine gassoljer og autodiesel, samt sum alle produkter."
11174,sales_11174,(tabell),"11174: Salg av petroleumsprodukter, etter kjøpegruppe og produkt (mill. liter). Foreløpige tall (F) (avslutta serie) 2010M01-2022M01",note4,,,tabellnote,Tala for sal av autodiesel i perioden januar t.o.m. august 2021 vart revidert 21.10.2021
11174,sales_11174,Region,region,0,Hele landet,,klassifisering,
11174,sales_11174,Kjopegrupper,kjøpegruppe,00,Alle kjøpegrupper,,klassifisering,
11174,sales_11174,PetroleumProd,petroleumsprodukt,00,Petroleumsprodukter i alt,,klassifisering,
11174,sales_11174,PetroleumProd,petroleumsprodukt,03,Bilbensin,,klassifisering,
11174,sales_11174,PetroleumProd,petroleumsprodukt,04a,Anleggsdiesel,,klassifisering,
11174,sales_11174,PetroleumProd,petroleumsprodukt,04b,Autodiesel,,klassifisering,
11174,sales_11174,ContentsCode,statistikkvariabel,Petroleum,Salg,mill. liter,statistikkvariabel,
11174,sales_11174,Tid,måned,2010M01--2022M01,145 perioder (måned),,tid,
13585,sales_13585,(tabell),"13585: Sal av petroleumsprodukt og flytande biodrivstoff, etter kjøpegruppe og produkt (mill. liter). Førebelse tal 2021M01-2026M01",note1,,,tabellnote,"Tala for mai 2025 vart retta 23. juli 2025. Rettinga gjeld produkta autodiesel, marine gassoljer, bilbensin og anleggsdiesel."
13585,sales_13585,Kjopegrupper,kjøpegruppe,00,Alle kjøpegrupper,,klassifisering,
13585,sales_13585,Produkter,produkt,00,Alle produkt,,klassifisering,
13585,sales_13585,Produkter,produkt,01,Bilbensin,,klassifisering,
13585,sales_13585,Produkter,produkt,02a,Autodiesel,,klassifisering,
13585,sales_13585,Produkter,produkt,02b,Anleggsdiesel,,klassifisering,
13585,sales_13585,ContentsCode,statistikkvariabel,Biodrivstoff,Sal av reint biodrivstoff,mill. liter,statistikkvariabel,
13585,sales_13585,ContentsCode,statistikkvariabel,Petroleum,Sal av petroleumsprodukt (inkl. iblanda bio),mill. liter,statistikkvariabel,
13585,sales_13585,ContentsCode,statistikkvariabel,Total,Totalt sal,mill. liter,statistikkvariabel,
13585,sales_13585,Tid,måned,2021M01--2026M06,66 perioder (måned),,tid,
09654,prices_09654,PetroleumProd,petroleumsprodukt,031,"Bensin, blyfri 95 oktan",,klassifisering,
09654,prices_09654,PetroleumProd,petroleumsprodukt,035,Avgiftspliktig diesel,,klassifisering,
09654,prices_09654,ContentsCode,statistikkvariabel,Priser,Priser (kr per liter),kr per liter,statistikkvariabel,
09654,prices_09654,Tid,måned,1986M08--2026M06,479 perioder (måned),,tid,
14020,firstreg_14020,(tabell),"14020: Førstegangsregistrerte kjøretøy, etter type registrering og drivstofftype 1995M01-2026M01",note1,,,tabellnote,Se [standard for klassifisering av kjøretøygrupper](https://www.ssb.no/klass/klassifikasjoner/111).
14020,firstreg_14020,TypeRegistrering,type registrering,B,Bruktimporterte kjøretøy,,klassifisering,
14020,firstreg_14020,TypeRegistrering,type registrering,N,Nye kjøretøy,,klassifisering,
14020,firstreg_14020,DrivstoffType,drivstofftype,19,Elektrisk/nullutslipp,,klassifisering,
14020,firstreg_14020,DrivstoffType,drivstofftype,20,Fossil,,klassifisering,
14020,firstreg_14020,DrivstoffType,drivstofftype,21,Hybrid,,klassifisering,
14020,firstreg_14020,DrivstoffType,drivstofftype,6,Annet drivstoff,,klassifisering,
14020,firstreg_14020,ContentsCode,statistikkvariabel,Personbiler,Personbiler,kjøretøy,statistikkvariabel,
14020,firstreg_14020,ContentsCode,statistikkvariabel,VareCampBiler,Vare- og campingbiler,kjøretøy,statistikkvariabel,
14020,firstreg_14020,Tid,måned,1995M01--2026M07,379 perioder (måned),,tid,
12906,firstreg_12906,(tabell),"12906: Førstegangsregistrerte kjøretøy, etter type registrering, euroklasser og drivstofftype (K) 2019-2024",note1,,,tabellnote,Fra og med statistikkåret 2024 får kjøretøy med uoppgitt kommune- og fylkeskode koder 9999 Uoppgitt kommune og 99 Uoppgitt fylke. Til og med statistikkåret 2023 er slike kjøretøy forsøkt tilordnet kommuner ut fra annen eierinformasjon.
12906,firstreg_12906,(tabell),"12906: Førstegangsregistrerte kjøretøy, etter type registrering, euroklasser og drivstofftype (K) 2019-2024",note2,,,tabellnote,Fra og med statistikkåret 2025 er kjøretøy med registrerte leasingtakere plassert i leasingtakernes kommuner/fylker. Til og med statistikkåret 2024 er slike kjøretøy plassert i eiernes kommuner/fylker. Dette er på grunn av obligatorisk registering av leasingtakere i Kjøretøyregisteret fra 1. mars 2025.
12906,firstreg_12906,(tabell),"12906: Førstegangsregistrerte kjøretøy, etter type registrering, euroklasser og drivstofftype (K) 2019-2024",note3,,,tabellnote,Nullutslippskjøretøy er dels kategorisert som euroklasse «Euro-0» og dels som euroklasse «Euro-6».
12906,firstreg_12906,Region,region,0,Hele landet,,klassifisering,
12906,firstreg_12906,TypeRegistrering,type registrering,B,Bruktimporterte kjøretøy,,klassifisering,
12906,firstreg_12906,TypeRegistrering,type registrering,N,Nye kjøretøy,,klassifisering,
12906,firstreg_12906,DrivstoffType,drivstofftype,1,Bensin,,klassifisering,
12906,firstreg_12906,DrivstoffType,drivstofftype,13,Hydrogen,,klassifisering,
12906,firstreg_12906,DrivstoffType,drivstofftype,14,"Bensin hybrid, ladbar",,klassifisering,
12906,firstreg_12906,DrivstoffType,drivstofftype,15,"Bensin hybrid, ikke ladbar",,klassifisering,
12906,firstreg_12906,DrivstoffType,drivstofftype,16,"Diesel hybrid, ladbar",,klassifisering,
12906,firstreg_12906,DrivstoffType,drivstofftype,17,"Diesel hybrid, ikke ladbar",,klassifisering,
12906,firstreg_12906,DrivstoffType,drivstofftype,2,Diesel,,klassifisering,
12906,firstreg_12906,DrivstoffType,drivstofftype,3,Parafin,,klassifisering,
12906,firstreg_12906,DrivstoffType,drivstofftype,4,Gass,,klassifisering,
12906,firstreg_12906,DrivstoffType,drivstofftype,5,El.,,klassifisering,
12906,firstreg_12906,DrivstoffType,drivstofftype,6,Annet drivstoff,,klassifisering,
12906,firstreg_12906,ContentsCode,statistikkvariabel,Ambulanse2,Ambulanser,kjøretøy,statistikkvariabel,
12906,firstreg_12906,ContentsCode,statistikkvariabel,Bobiler,Bobiler,kjøretøy,statistikkvariabel,
12906,firstreg_12906,ContentsCode,statistikkvariabel,Kombibil5,Kombinerte biler,kjøretøy,statistikkvariabel,
12906,firstreg_12906,ContentsCode,statistikkvariabel,Personbil1,Personbiler,kjøretøy,statistikkvariabel,
12906,firstreg_12906,ContentsCode,statistikkvariabel,Varebil4,Varebiler,kjøretøy,statistikkvariabel,
12906,firstreg_12906,Tid,år,2019--2025,7 perioder (år),,tid,
07849,stock_07849,(tabell),"07849: Drivstofftype, type kjøring og kjøretøygrupper (K) 2008-2024",note1,,,tabellnote,Annet drivstoff inneholder hovedsakelig hybrid.
07849,stock_07849,(tabell),"07849: Drivstofftype, type kjøring og kjøretøygrupper (K) 2008-2024",note2,,,tabellnote,Fra og med statistikkåret 2024 får kjøretøy med uoppgitt kommune- og fylkeskode koder 9999 Uoppgitt kommune og 99 Uoppgitt fylke. Til og med statistikkåret 2023 er slike kjøretøy forsøkt tilordnet kommuner ut fra annen eierinformasjon.
07849,stock_07849,(tabell),"07849: Drivstofftype, type kjøring og kjøretøygrupper (K) 2008-2024",note3,,,tabellnote,Fra og med statistikkåret 2025 er kjøretøy med registrerte leasingtakere plassert i leasingtakernes kommuner/fylker. Til og med statistikkåret 2024 er slike kjøretøy plassert i eiernes kommuner/fylker. Dette er på grunn av obligatorisk registering av leasingtakere i Kjøretøyregisteret fra 1. mars 2025.
07849,stock_07849,Region,region,0,Hele landet,,klassifisering,
07849,stock_07849,DrivstoffType,drivstofftype,1,Bensin,,klassifisering,
07849,stock_07849,DrivstoffType,drivstofftype,2,Diesel,,klassifisering,
07849,stock_07849,DrivstoffType,drivstofftype,3,Parafin,,klassifisering,
07849,stock_07849,DrivstoffType,drivstofftype,4,Gass,,klassifisering,
07849,stock_07849,DrivstoffType,drivstofftype,5,El.,,klassifisering,
07849,stock_07849,DrivstoffType,drivstofftype,6,Annet drivstoff,,klassifisering,
07849,stock_07849,ContentsCode,statistikkvariabel,Personbil1,Personbiler,kjøretøy,statistikkvariabel,
07849,stock_07849,ContentsCode,statistikkvariabel,Varebil4,Varebiler,kjøretøy,statistikkvariabel,
07849,stock_07849,Tid,år,2008--2025,18 perioder (år),,tid,
12577,km_12577,(tabell),"12577: Kjørelengder, etter kjøretøytype og drivstofftype 2005-2024",note1,,,tabellnote,"En mer detaljert modell for beregning av kjørelengder ble utviklet i 2018 (se Om statistikken). 21. mars 2019 ble det publisert nye tall for 2018 og justerte tall for 2016 og 2017 beregnet med den nye modellen. Selv om omleggingen fra gammel til ny modell generelt sett har begrenset virkning på kjørelengdene i statistikken, vil det være noen avvik i forhold til tidligere publiserte tall for 2016 og 2017."
12577,km_12577,(tabell),"12577: Kjørelengder, etter kjøretøytype og drivstofftype 2005-2024",note2,,,tabellnote,"Drivstofftype Andre drivstoff: Inkluderer parafin, gass og hydrogen fram til og med 2015. Bensin- og dieselhybrider: Bensin- og dieselhybrider ble i hovedsak registrert som ordinære bensin- og dieselbiler fram til og med 2015."
12577,km_12577,(tabell),"12577: Kjørelengder, etter kjøretøytype og drivstofftype 2005-2024",note3,,,tabellnote,I mars 2020 ble det 40 år gamle Motorvognregisteret til Statens vegvesen erstattet av et nytt Kjøretøyregister med ny teknologi og til dels nytt innhold. Endringer i bruk av variabler og kodelister i det nye registeret har medført at det vil kunne være avvik i kjørelengdestatistikken mellom 2019 og 2020 på de mest detaljerte nivåene. Før 2020 var ikke kjøretøyer på Svalbard som kun var registrert for bruk utenfor offentlig vei med i statistikken.
12577,km_12577,Kjoretoytype,kjøretøytype,0,Kjøretøy i alt,,klassifisering,
12577,km_12577,Kjoretoytype,kjøretøytype,00,Små godsbiler i alt,,klassifisering,
12577,km_12577,Kjoretoytype,kjøretøytype,15,Personbiler i alt,,klassifisering,
12577,km_12577,Kjoretoytype,kjøretøytype,16,Busser i alt,,klassifisering,
12577,km_12577,Kjoretoytype,kjøretøytype,17,Store lastebiler i alt,,klassifisering,
12577,km_12577,Kjoretoytype,kjøretøytype,20,Personbiler,,klassifisering,
12577,km_12577,Kjoretoytype,kjøretøytype,21,Drosjer,,klassifisering,
12577,km_12577,Kjoretoytype,kjøretøytype,22,Ambulanser,,klassifisering,
12577,km_12577,Kjoretoytype,kjøretøytype,23,Campingbiler,,klassifisering,
12577,km_12577,Kjoretoytype,kjøretøytype,24,Minibusser,,klassifisering,
12577,km_12577,Kjoretoytype,kjøretøytype,25,Busser,,klassifisering,
12577,km_12577,Kjoretoytype,kjøretøytype,26,Små lastebiler,,klassifisering,
12577,km_12577,Kjoretoytype,kjøretøytype,27,Små kombinerte biler,,klassifisering,
12577,km_12577,Kjoretoytype,kjøretøytype,28,Store kombinerte biler,,klassifisering,
12577,km_12577,Kjoretoytype,kjøretøytype,29,Små varebiler,,klassifisering,
12577,km_12577,Kjoretoytype,kjøretøytype,30,Store varebiler,,klassifisering,
12577,km_12577,Kjoretoytype,kjøretøytype,31,Lastebiler med totalvekt 12 tonn eller mindre,,klassifisering,
12577,km_12577,Kjoretoytype,kjøretøytype,32,Lastebiler med totalvekt over 12 tonn,,klassifisering,
12577,km_12577,Kjoretoytype,kjøretøytype,33,Trekkbiler,,klassifisering,
12577,km_12577,DrivstoffType,drivstofftype,0,Alle typer drivstoff,,klassifisering,
12577,km_12577,DrivstoffType,drivstofftype,1,Bensin,,klassifisering,
12577,km_12577,DrivstoffType,drivstofftype,13,Hydrogen,,klassifisering,
12577,km_12577,DrivstoffType,drivstofftype,14,"Bensin hybrid, ladbar",,klassifisering,
12577,km_12577,DrivstoffType,drivstofftype,15,"Bensin hybrid, ikke ladbar",,klassifisering,
12577,km_12577,DrivstoffType,drivstofftype,16,"Diesel hybrid, ladbar",,klassifisering,
12577,km_12577,DrivstoffType,drivstofftype,17,"Diesel hybrid, ikke ladbar",,klassifisering,
12577,km_12577,DrivstoffType,drivstofftype,18,Elektrisitet,,klassifisering,
12577,km_12577,DrivstoffType,drivstofftype,2,Diesel,,klassifisering,
12577,km_12577,DrivstoffType,drivstofftype,3,Parafin,,klassifisering,
12577,km_12577,DrivstoffType,drivstofftype,4,Gass,,klassifisering,
12577,km_12577,DrivstoffType,drivstofftype,7,Andre drivstoff,,klassifisering,
12577,km_12577,ContentsCode,statistikkvariabel,GjsnittKjorelengde,Gjennomsnittlig kjørelengde per kjøretøy (km),km,statistikkvariabel,
12577,km_12577,ContentsCode,statistikkvariabel,Kjorelengde,Kjørelengde (mill. km),mill. km,statistikkvariabel,
12577,km_12577,Tid,år,2005--2025,21 perioder (år),,tid,
11561,energybalance_11561_road,Energibalanse,energibalansepost,EB120201,12.2.1 Veitransport,,klassifisering,
11561,energybalance_11561_road,EnergiProdukt,energiprodukt,EP00,Kull og kullprodukter,,klassifisering,
11561,energybalance_11561_road,EnergiProdukt,energiprodukt,EP001-002,Kull og brunkull,,klassifisering,
11561,energybalance_11561_road,EnergiProdukt,energiprodukt,EP003,Kullprodukter,,klassifisering,
11561,energybalance_11561_road,EnergiProdukt,energiprodukt,EP03,Naturgass,,klassifisering,
11561,energybalance_11561_road,EnergiProdukt,energiprodukt,EP030,Naturgass,,klassifisering,
11561,energybalance_11561_road,EnergiProdukt,energiprodukt,EP041,Råolje,,klassifisering,
11561,energybalance_11561_road,EnergiProdukt,energiprodukt,EP042,NGL,,klassifisering,
11561,energybalance_11561_road,EnergiProdukt,energiprodukt,EP0462-0463,LPG og etan,,klassifisering,
11561,energybalance_11561_road,EnergiProdukt,energiprodukt,EP0465IF,Bensin (ekskl. bio),,klassifisering,
11561,energybalance_11561_road,EnergiProdukt,energiprodukt,EP04661,Jetparafin,,klassifisering,
11561,energybalance_11561_road,EnergiProdukt,energiprodukt,EP04669,Fyringsparafin og andre parafiner,,klassifisering,
11561,energybalance_11561_road,EnergiProdukt,energiprodukt,EP0467111,Anleggsdiesel,,klassifisering,
11561,energybalance_11561_road,EnergiProdukt,energiprodukt,EP0467112IF,Autodiesel (ekskl. bio),,klassifisering,
11561,energybalance_11561_road,EnergiProdukt,energiprodukt,EP046712,Marine gassoljer,,klassifisering,
11561,energybalance_11561_road,EnergiProdukt,energiprodukt,EP046713,Lett fyringsolje,,klassifisering,
11561,energybalance_11561_road,EnergiProdukt,energiprodukt,EP04672,Tungdestillater,,klassifisering,
11561,energybalance_11561_road,EnergiProdukt,energiprodukt,EP0468,Tungolje,,klassifisering,
11561,energybalance_11561_road,EnergiProdukt,energiprodukt,EP0469,Oljeprodukter ikke nevnt andre steder,,klassifisering,
11561,energybalance_11561_road,EnergiProdukt,energiprodukt,EP04IF,Olje og oljeprodukter (ekskl. bio),,klassifisering,
11561,energybalance_11561_road,EnergiProdukt,energiprodukt,EP05,Biobrensler,,klassifisering,
11561,energybalance_11561_road,EnergiProdukt,energiprodukt,EP051,Faste biobrensler,,klassifisering,
11561,energybalance_11561_road,EnergiProdukt,energiprodukt,EP052,Flytende biobrensler,,klassifisering,
11561,energybalance_11561_road,EnergiProdukt,energiprodukt,EP053,Biogass,,klassifisering,
11561,energybalance_11561_road,EnergiProdukt,energiprodukt,EP06,Avfall,,klassifisering,
11561,energybalance_11561_road,EnergiProdukt,energiprodukt,EP06FO,Fornybart avfall,,klassifisering,
11561,energybalance_11561_road,EnergiProdukt,energiprodukt,EP06IF,Ikke-fornybart avfall,,klassifisering,
11561,energybalance_11561_road,EnergiProdukt,energiprodukt,EP07,Elektrisitet,,klassifisering,
11561,energybalance_11561_road,EnergiProdukt,energiprodukt,EP070,Elektrisitet,,klassifisering,
11561,energybalance_11561_road,EnergiProdukt,energiprodukt,EP081_84,Fjernvarme,,klassifisering,
11561,energybalance_11561_road,EnergiProdukt,energiprodukt,EP081_840,Fjernvarme,,klassifisering,
11561,energybalance_11561_road,EnergiProdukt,energiprodukt,EP99,Andre energiprodukter,,klassifisering,
11561,energybalance_11561_road,EnergiProdukt,energiprodukt,EP990,Energiprodukter ikke nevnt andre steder,,klassifisering,
11561,energybalance_11561_road,EnergiProdukt,energiprodukt,EPTOT00,Alle energiprodukter,,klassifisering,
11561,energybalance_11561_road,EnergiProdukt,energiprodukt,EPTOT01,Alle energiprodukter,,klassifisering,
11561,energybalance_11561_road,ContentsCode,statistikkvariabel,EnergibalansenGWh,Energibalansen (GWh),GWh,statistikkvariabel,
11561,energybalance_11561_road,ContentsCode,statistikkvariabel,EnergibalansenPJ,Energibalansen (PJ),PJ,statistikkvariabel,
11561,energybalance_11561_road,Tid,år,1990--2025,36 perioder (år),,tid,
