source_id,utgiver,tabell_dokument,url,variabel,definisjon,enhet,frekvens,geografisk_niva,tidsdekning,uttrekksdato,revisjonsstatus,lisens,transformasjoner,kontrollstatus,kjente_begrensninger
ssb_03687,Statistisk sentralbyrå,"Statbanktabell 03687: Salg av petroleumsprodukter, etter kjøpegruppe og produkt",https://www.ssb.no/statbank/table/03687,salg_petroleumsprodukter,"Månedlig salg av petroleumsprodukter etter kjøpegruppe, produkt og fylke; foreløpige tall (F)",mill. liter,måned,fylke og hele landet,1995M01-2016M07,2026-08-10,avsluttet serie; foreløpige tall,NLOD (verifisert på ssb.no/informasjon/copyright 2026-08-10),ingen; råsvar cachet i analysis/design_gate/api_cache,verifisert_api,"Produktet Diesel er udelt; empirisk bekreftet lik autodiesel+anleggsdiesel i 11174 (median 0,0 %, maks 2,5 %). Totalen omfatter bl.a. bunkers og skal ikke skjøtes mot nyere tabeller"
ssb_11174,Statistisk sentralbyrå,"Statbanktabell 11174: Salg av petroleumsprodukter, etter kjøpegruppe og produkt",https://www.ssb.no/statbank/table/11174,salg_petroleumsprodukter,"Månedlig salg etter kjøpegruppe, produkt og fylke; bilbensin og autodiesel inkluderer iblandet biodrivstoff; foreløpige tall (F)",mill. liter,måned,fylke og hele landet,2010M01-2022M01,2026-08-10,avsluttet serie; korrigeringer 2021 dokumentert i noter,NLOD,ingen; råsvar cachet,verifisert_api,"SSB-note: tall f.o.m. 2020 ikke sammenlignbare med tidligere for autodiesel, marine gassoljer og totalen (for lav innsamling 2012-2019, korrigert fra 2020)"
ssb_13585,Statistisk sentralbyrå,"Statbanktabell 13585: Sal av petroleumsprodukt og flytande biodrivstoff, etter kjøpegruppe og produkt",https://www.ssb.no/statbank/table/13585,salg_petroleum_og_biodrivstoff,"Månedlig salg med tre måltall: totalt sal, sal av petroleumsprodukt (inkl. iblanda bio), sal av reint biodrivstoff; førebelse tal",mill. liter,måned,kun hele landet,2021M01-2026M06 (levande),2026-08-10,levande; mai 2025 retta 2025-07-23; publiseringslag ca. 3 veker,NLOD,ingen; råsvar cachet,verifisert_api,"Heile 2021 prikka for måltalla totalt og reint bio; petroleumsmåltalet komplett frå 2021M01. Reint bio 75-90 % dekning 2022-2026. Inga fylkesfordeling. Petroleumsmåltalet identisk med 11174 i einaste overlappsmånad 2022M01 (0,0 % avvik alle veiprodukter)"
ssb_09654,Statistisk sentralbyrå,Statbanktabell 09654: Priser på drivstoff,https://www.ssb.no/statbank/table/09654,drivstoffpriser,"Utsalgspriser bensin blyfri 95 og avgiftspliktig diesel",kr per liter,måned,hele landet,1986M08-2026M06,2026-08-10,levande,NLOD,ingen; råsvar cachet,verifisert_api,Nominelle priser; deflatering krever KPI-kobling (fase 1)
ssb_14020,Statistisk sentralbyrå,"Statbanktabell 14020: Førstegangsregistrerte kjøretøy, etter type registrering og drivstofftype",https://www.ssb.no/statbank/table/14020,forstegangsregistrerte,"Månedlige førstegangsregistreringer (nye + bruktimporterte) etter drivstofftype for personbiler, busser, vare-/campingbiler, lastebiler",antall kjøretøy,måned,hele landet,1995M01-2026M07,2026-08-10,levande,NLOD,ingen; råsvar cachet,verifisert_api,"Drivstoffdeling kun el/nullutslipp, fossil (udelt), hybrid, annet; bensin/diesel-deling av fossil finnes ikke her (jf. designport pkt. 8.2)"
ssb_07849,Statistisk sentralbyrå,"Statbanktabell 07849: Drivstofftype, type kjøring og kjøretøygrupper",https://www.ssb.no/statbank/table/07849,kjoretoybestand,"Registrerte kjøretøy per 31.12 etter drivstofftype, type kjøring og kjøretøygruppe",antall kjøretøy,år,kommune/fylke/hele landet,2008-2025,2026-08-10,levande,NLOD,KjoringensArt eliminert (summert av API) i fase 0-uttrekk,verifisert_api,"SSB-note: annet drivstoff inneholder hovedsakelig hybrid - ladbar/ikke-ladbar kan ikke skilles her. Leasingtakerplassering endret 2025 (regionalt); uoppgitt-koder fra 2024"
ssb_12576,Statistisk sentralbyrå,"Statbanktabell 12576: Kjørelengder, etter eierens bostedsfylke, hovedkjøretøytype og drivstofftype",https://www.ssb.no/statbank/table/12576,kjorelengder_fylke,Samlede kjørelengder for norskregistrerte kjøretøy,mill. km,år,fylke og hele landet,2005-2025,2026-08-10,levande; foreløpige tall (F),NLOD,ingen; råsvar cachet,verifisert_api,"Odometerbasert (EU-kontroll). Modellendring 2018 (justerte 2016-2017); registerbytte mars 2020 (avvik på detaljnivå 2019/2020); hybrider i bensin/diesel t.o.m. 2015"
ssb_12577,Statistisk sentralbyrå,"Statbanktabell 12577: Kjørelengder, etter kjøretøytype og drivstofftype",https://www.ssb.no/statbank/table/12577,kjorelengder_drivlinje,"Samlet kjørelengde og gjennomsnittlig kjørelengde per kjøretøy, full drivlinjedeling inkl. ladbar/ikke-ladbar hybrid",mill. km; km per kjøretøy,år,hele landet,2005-2025,2026-08-10,levande,NLOD,implisitt antall kjøretøy beregnet som total/gjennomsnitt i fase 0-analysen (merket konstruert),verifisert_api,"Som 12576. Dekker kjøretøy registrert i løpet av året - implisitt antall ligger 4,0 % (el) til 15,7 % (diesel) over 31.12-bestanden i 2025 (målt); kjøretøy uten EU-kontrollplikt (bl.a. over 50 år) inngår ikke"
ssb_12575_12578,Statistisk sentralbyrå,Statbanktabeller 12575/12578: Kjørelengder etter alder (og drivstofftype),https://www.ssb.no/statbank/table/12578,kjorelengder_alder,Kjørelengder etter kjøretøytype og alder (12578 også drivstofftype),mill. km; km per kjøretøy,år,hele landet,2005-2024,,levande,NLOD,ingen,identifisert_api_sok,Ikke uttrukket i fase 0; kandidat for overlevelses-/kohortutvidelse i fase 3
ssb_11561,Statistisk sentralbyrå,Statbanktabell 11561: Energibalanse. Tilgang og anvendelse av energiprodukter,https://www.ssb.no/statbank/table/11561,energibalanse_veitransport,"Post 12.2.1 Veitransport etter energiprodukt, bl.a. bensin (ekskl. bio), autodiesel (ekskl. bio), flytende biobrensler, elektrisitet",PJ og GWh,år,nasjonalt,1990-2024,2026-08-10,levande; endelige tall med etterslep,NLOD,kun post 12.2.1 uttrukket,verifisert_api,"Fordelingsmetoden for elektrisitet til veitransport er ikke dokumentert i det som er hentet (Om statistikken) - uavhengigheten av en modellberegning er uavklart kunnskapsgrense. Bensinposten svarer til implisitt 22,6-24,6 MJ/l mot solgt volum - indikerer vesentlig allokering utenfor vei; må avklares mot dokumentasjon"
ssb_11602,Statistisk sentralbyrå,Statbanktabell 11602: Indeksdekomponering av energibruk med LMDI-metoden,https://www.ssb.no/statbank/table/11602,lmdi_presedens,SSBs egen LMDI-dekomponering av energibruk etter næring,GWh,år,nasjonalt,1990-2024,,levande,NLOD,ingen,identifisert_api_sok,Brukes kun som metodepresedens; ikke inngangsdata
ssb_notater_2018_45,Statistisk sentralbyrå,"Notater 2018/45: Energiregnskap og -balanse, dokumentasjon (vedlegg A: omregningsfaktorer, tabell A1-A4)",https://www.ssb.no/energi-og-industri/artikler-og-publikasjoner/_attachment/369610,brennverdier_tettheter,"Tetthet (tabell A2) og netto energiinnhold/NCV (tabell A3) per energiprodukt; bensin 0,74 kg/l og 43,9 GJ/tonn; diesel ekskl. bioandel 0,84 og 43,1; biodiesel 0,88 og 36,8; bioetanol 0,791 og 26,8",kg/liter; GJ/tonn,statisk,-,s. 51-52 i notatet (354 s.),2026-08-10,statisk dokumentasjonsnotat,NLOD antatt (SSB-publikasjon),avledet MJ/liter beregnes i kode (energy.py); ingen håndkopiering,verifisert_web,"NCV-gjennomsnittsverdier - faktisk energiinnhold varierer (kildens eget forbehold); fossilproduktene er ekskl. bioandel. Lukker kunnskapsgrense 1 fra fase 0 (D-0018)"
lovdata_stv_veibruksavgift,Lovdata,Stortingsvedtak om veibruksavgift på drivstoff 2026 (FOR-2025-12-18-2759) og eldre årsvedtak,https://lovdata.no/dokument/STV/forskrift/2025-12-18-2759,veibruksavgift_satser,Årlige avgiftsvedtak med satser per liter,kr per liter,år,nasjonalt,vedtak minst 2012-; LTI-kunngjøringer minst 2010-,,årlige vedtak; endringsvedtak forekommer (2026: midlertidig nullsats),bruksvilkår uavklart; robots-blokkering observert for maskinell henting,ingen,kandidat_robots_blokkert,"Direkte henting blokkert; satsinnhold speilverifisert hos Skatteetaten. Maskinell gjenbruk fra lovdata.no må avklares i fase 1"
lovdata_produktforskriften,Lovdata,Produktforskriften (FOR-2004-06-01-922) kapittel 3 paragraf 3-3: omsetningskrav biodrivstoff veitrafikk,https://lovdata.no/forskrift/2004-06-01-922,omsetningskrav_bio,Omsetningskrav for biodrivstoff til veitrafikk med delkrav,volumprosent,år (endringsforskrifter),nasjonalt,2009- (historikk via LTI-endringsforskrifter),,endres ved forskriftsendring,som over,ingen,kandidat_robots_blokkert,Innhold verifisert via Miljødirektoratet; punkt-i-tid-versjoner ligger trolig i Lovdata Pro (betalt)
mdir_omsetningskrav,Miljødirektoratet,Nettside: Omsetningskravet til veitrafikk,https://www.miljodirektoratet.no/ansvarsomrader/klima/transport/omsetningskrav-for-biodrivstoff/omsetningskravet-til-veitrafikk/,omsetningskrav_nivaer,"Gjeldende og vedtatte kravnivåer: 2025: 19 %, 2026: 20 %, 2027: 21 % (delkrav vedlegg V: 12,5/13,5/14,5 %; avansert 1 %/2 % fra 2026/2027)",volumprosent,år,nasjonalt,2025-2027 på siden,2026-08-10,oppdateres ved regelendring,ikke oppgitt på siden,ingen,verifisert_web,Sekundær framstilling av forskriften; brukes som verifikasjonsspeil til forskriftsteksten
skatt_satser_veibruksavgift,Skatteetaten,Satsside: Veibruksavgift på drivstoff,https://www.skatteetaten.no/en/rates/road-usage-tax-on-fuel/,veibruksavgift_satser,"Satser per drivstofftype med årvelger; 2026: bensin 3,77 kr/l, mineralolje 2,28, biodiesel 2,28, bioetanol 2,17; midlertidig nullsats 1.4-1.9.2026",kr per liter,år,nasjonalt,2017-2026,2026-08-10,oppdateres årlig,ingen lisenserklæring funnet på siden,ingen,verifisert_web,Norsk URL-variant ga 404; engelsk side brukt
skatt_avgiftshistorie,Skatteetaten,Avgiftshistorie (PDF-serie),https://www.skatteetaten.no/en/rettskilder/type/rundskriv-retningslinjer-og-andre-rettskilder/avgiftshistorie/,avgiftshistorikk,Historiske satser for gjeldende og opphevede avgifter,kr per liter m.m.,årlige utgaver,nasjonalt,utgaver 2016-2026,2026-08-10,årlige utgaver,ingen lisenserklæring funnet,ingen,identifisert_ikke_lest,Landingsside hentet; selve PDF-ene robots-blokkert i fase 0 - årsdekningen inni er ubekreftet
nve_notat_transport,NVE,Notat: Hvordan vil en omfattende elektrifisering av transportsektoren påvirke kraftsystemet? (Spilde/Skotland),https://www.nve.no/media/4117/nve-notat-om-transport-og-kraftsystemet.pdf,elbil_energiintensitet,"Gjennomsnittlig elbruk per km basert på måledata: personbil 0,2; varebil 0,25; buss/lastebil 1,2",kWh/km,punktverdier,nasjonalt,ca. 2016-2017 (årstall uklart i dokumentet),2026-08-10,statisk notat,ikke oppgitt,ingen,verifisert_web,"Ladetap ikke omtalt; alder gjør verdiene usikre for dagens flåte. Behandles som scenarioparameter, ikke fakta"
drivkraft_salg_1952,Drivkraft Norge,Salgsstatistikk: årlig salg av hovedprodukter tilbake til 1952 (xlsx),https://www.drivkraftnorge.no/Tall-og-fakta/salgsstatistikk/,aarssalg_bransje,Årlig salg av bransjens hovedprodukter,ikke kontrollert (trolig mill. liter),år,nasjonalt,1952-,2026-08-10,ukjent,ingen bruksvilkår funnet på siden,ingen,verifisert_web_lenke_sett,"Siden oppgir selv SSB som kilde (inkl. biodrivstoff) - sammenligning er reproduksjonskontroll, ikke uavhengig validering. Fil-URL (contentassets-GUID) er ustabil; programmatisk nedlasting uprøvd; ingen månedsfil publiseres"
nobil,NOBIL (Norsk elbilforening/Enova),NOBIL API v3 og statistikkside,https://info.nobil.no/api,ladestasjoner,Ladestasjonsdata (posisjon kontakter effekt) med sanntidsstatus,antall/attributter,nå-situasjon,Norge/Sverige,kun nåtilstand,2026-08-10,løpende,CC BY 4.0 (verifisert); API-nøkkel kreves,ingen,verifisert_negativt_for_historikk,"Statistikksiden: NOBIL har dessverre ingen historisk funksjon. Rekonstruksjon via Created-tidsstempler ville ha survivorship-skjevhet. Utelates fra kjernen"
elhub_open,Elhub,Åpne data: Forbruk per kommune gruppe og time,https://dok.elhub.no/data/forbruk-per-kommune-gruppe-og-time-kwh-og-antall,elforbruk_grupper,Timesforbruk etter næringsbaserte forbruksgrupper,kWh,time,kommune,løpende,2026-08-10,løpende,ikke oppgitt på hentede sider,ingen,verifisert_web,Ingen egen forbruksgruppe for elbillading; hjemmelading skjult i husholdningsforbruk - uegnet som valideringskilde for lading
toi_fridstrom_ostli_2016,TØI / European Transport Research Review,"Artikkel: A stock-flow cohort model of the national car fleet (ERTRR 2016), DOI 10.1007/s12544-016-0210-z",https://toi.brage.unit.no/toi-xmlui/handle/11250/2602442,metodereferanse_bestandsmodell,Fagfellevurdert bestand-strøm/kohortmodell for norsk bilpark med overlevelsesrater,-,-,-,2016,2026-08-10,-,åpen landingsside,ingen,verifisert_delvis,Landingsside hentet (tittel/år/fagfellestatus bekreftet); forfatterliste (Fridstrøm og Østli iflg. søketreff) skal bekreftes mot DOI-siden i fase 1
ang_2015_lmdi,Energy Policy,"Ang, B.W.: LMDI decomposition approach: A guide for implementation, Energy Policy 86 (2015) 233-238",https://ideas.repec.org/a/eee/enepol/v86y2015icp233-238.html,metodereferanse_lmdi,Implementeringsveiledning for LMDI-dekomponering,-,-,-,2015,2026-08-10,-,-,ingen,verifisert_web,Volum/år/sider bekreftet via RePEc; DOI hentes fra ScienceDirect-siden i fase 1
etrr_lifespans_2020,European Transport Research Review,Artikkel: Lifespans of passenger cars in Europe - empirical modelling of fleet turnover dynamics,https://etrr.springeropen.com/articles/10.1186/s12544-020-00464-0,metodereferanse_levetid,Empirisk levetids-/utskiftingsmodellering for europeiske bilparker,-,-,-,ca. 2020,,-,-,ingen,kandidat_ikke_verifisert,Kun søketreff; forfattere/år må bekreftes før sitering
figenbaum_2018_phev,World Electric Vehicle Journal,Artikkel: Estimating Real-World Emissions of PHEVs in Norway (Figenbaum m.fl.),https://doi.org/10.3390/wevj9020031,metodereferanse_utility_factor,Empirisk grunnlag for el-andel (utility factor) for ladbare hybrider i Norge,-,-,-,2018,,-,-,ingen,kandidat_ikke_verifisert,Kun søketreff; gjelder ladbare hybrider - ikke rene elbiler
ofv_registreringsstatistikk,Opplysningsrådet for veitrafikken,Registreringsstatistikk (åpne utdrag + betalt detaljtjeneste),https://ofv.no/registreringsstatistikk,nybilregistreringer_detalj,Detaljert registreringsstatistikk per merke/modell,antall,måned,nasjonalt,2005-,2026-08-10,løpende,åpne utdrag uten lisensavklaring; detaljdata kommersielle,ingen,avvist_betalt,Brukes ikke: detaljnivået er betalt og åpne utdrag mangler bruksvilkår; SSB-tabellene dekker behovet
ssb_copyright,Statistisk sentralbyrå,Bruksvilkår for SSB-innhold,https://www.ssb.no/informasjon/copyright,lisens,SSB-statistikk er NLOD-lisensiert; navngivelse kreves; kommersiell bruk tillatt,-,-,-,-,2026-08-10,-,NLOD,ingen,verifisert_web,Unntak: taushetsbelagte data og enkelte bilder; irrelevant for tabelluttrekkene
