kontroll,energibaerer,periode,co2_veitrafikk_1000t,sum_kontroll_pct,status,co2_personbiler_1000t,andel_personbiler_pct,co2_andre_lette_1000t,andel_andre_lette_pct,co2_tunge_1000t,andel_tunge_pct,co2_motorsykler_1000t,andel_motorsykler_pct,merknad
volumandel_per_kjoretoygruppe,bensin,1990,5338.0,99.98126639190708,konstruert fra observerte data,4801.0,89.94005245410266,430.0,8.055451479955039,45.0,0.8430123641813413,61.0,1.1427500936680406,"andel av fossilt drivstoffvolum, utledet av at CO2 per liter er en egenskap ved drivstoffet og ikke ved kjøretøyet; ingen utslippsfaktor er antatt. Biogent CO2 fra innblandet biodrivstoff føres utenfor regnskapet, så andelene gjelder petroleumsdelen av salget. «Andre lette kjøretøy» følger utslippsregnskapets avgrensning og er ikke identisk med prosjektets varebilgruppe"
volumandel_per_kjoretoygruppe,bensin,1991,5184.0,99.9807098765432,konstruert fra observerte data,4658.0,89.85339506172839,424.0,8.179012345679013,40.0,0.7716049382716049,61.0,1.1766975308641976,"andel av fossilt drivstoffvolum, utledet av at CO2 per liter er en egenskap ved drivstoffet og ikke ved kjøretøyet; ingen utslippsfaktor er antatt. Biogent CO2 fra innblandet biodrivstoff føres utenfor regnskapet, så andelene gjelder petroleumsdelen av salget. «Andre lette kjøretøy» følger utslippsregnskapets avgrensning og er ikke identisk med prosjektets varebilgruppe"
volumandel_per_kjoretoygruppe,bensin,1992,5059.0,99.9802332476774,konstruert fra observerte data,4539.0,89.72128879225143,419.0,8.282269223166635,39.0,0.7709033405811425,61.0,1.2057718916781974,"andel av fossilt drivstoffvolum, utledet av at CO2 per liter er en egenskap ved drivstoffet og ikke ved kjøretøyet; ingen utslippsfaktor er antatt. Biogent CO2 fra innblandet biodrivstoff føres utenfor regnskapet, så andelene gjelder petroleumsdelen av salget. «Andre lette kjøretøy» følger utslippsregnskapets avgrensning og er ikke identisk med prosjektets varebilgruppe"
volumandel_per_kjoretoygruppe,bensin,1993,5002.0,100.01999200319871,konstruert fra observerte data,4483.0,89.62415033986404,415.0,8.296681327469011,44.0,0.8796481407437026,61.0,1.2195121951219512,"andel av fossilt drivstoffvolum, utledet av at CO2 per liter er en egenskap ved drivstoffet og ikke ved kjøretøyet; ingen utslippsfaktor er antatt. Biogent CO2 fra innblandet biodrivstoff føres utenfor regnskapet, så andelene gjelder petroleumsdelen av salget. «Andre lette kjøretøy» følger utslippsregnskapets avgrensning og er ikke identisk med prosjektets varebilgruppe"
volumandel_per_kjoretoygruppe,bensin,1994,4951.0,99.97980206018985,konstruert fra observerte data,4444.0,89.75964451625934,406.0,8.200363562916582,39.0,0.7877196525954353,61.0,1.2320743284185012,"andel av fossilt drivstoffvolum, utledet av at CO2 per liter er en egenskap ved drivstoffet og ikke ved kjøretøyet; ingen utslippsfaktor er antatt. Biogent CO2 fra innblandet biodrivstoff føres utenfor regnskapet, så andelene gjelder petroleumsdelen av salget. «Andre lette kjøretøy» følger utslippsregnskapets avgrensning og er ikke identisk med prosjektets varebilgruppe"
volumandel_per_kjoretoygruppe,bensin,1995,4852.0,99.97938994229185,konstruert fra observerte data,4346.0,89.57131079967023,396.0,8.161582852431987,46.0,0.9480626545754328,63.0,1.2984336356141797,"andel av fossilt drivstoffvolum, utledet av at CO2 per liter er en egenskap ved drivstoffet og ikke ved kjøretøyet; ingen utslippsfaktor er antatt. Biogent CO2 fra innblandet biodrivstoff føres utenfor regnskapet, så andelene gjelder petroleumsdelen av salget. «Andre lette kjøretøy» følger utslippsregnskapets avgrensning og er ikke identisk med prosjektets varebilgruppe"
volumandel_per_kjoretoygruppe,bensin,1996,5045.0,100.0,konstruert fra observerte data,4532.0,89.83151635282458,394.0,7.809712586719525,48.0,0.9514370664023787,71.0,1.4073339940535183,"andel av fossilt drivstoffvolum, utledet av at CO2 per liter er en egenskap ved drivstoffet og ikke ved kjøretøyet; ingen utslippsfaktor er antatt. Biogent CO2 fra innblandet biodrivstoff føres utenfor regnskapet, så andelene gjelder petroleumsdelen av salget. «Andre lette kjøretøy» følger utslippsregnskapets avgrensning og er ikke identisk med prosjektets varebilgruppe"
volumandel_per_kjoretoygruppe,bensin,1997,4956.0,100.02017756255044,konstruert fra observerte data,4452.0,89.83050847457628,378.0,7.627118644067797,50.0,1.0088781275221952,77.0,1.5536723163841808,"andel av fossilt drivstoffvolum, utledet av at CO2 per liter er en egenskap ved drivstoffet og ikke ved kjøretøyet; ingen utslippsfaktor er antatt. Biogent CO2 fra innblandet biodrivstoff føres utenfor regnskapet, så andelene gjelder petroleumsdelen av salget. «Andre lette kjøretøy» følger utslippsregnskapets avgrensning og er ikke identisk med prosjektets varebilgruppe"
volumandel_per_kjoretoygruppe,bensin,1998,5012.0,100.0,konstruert fra observerte data,4502.0,89.82442138866719,379.0,7.561851556264965,45.0,0.8978451715881883,86.0,1.7158818834796488,"andel av fossilt drivstoffvolum, utledet av at CO2 per liter er en egenskap ved drivstoffet og ikke ved kjøretøyet; ingen utslippsfaktor er antatt. Biogent CO2 fra innblandet biodrivstoff føres utenfor regnskapet, så andelene gjelder petroleumsdelen av salget. «Andre lette kjøretøy» følger utslippsregnskapets avgrensning og er ikke identisk med prosjektets varebilgruppe"
volumandel_per_kjoretoygruppe,bensin,1999,4975.0,99.97989949748744,konstruert fra observerte data,4476.0,89.96984924623116,367.0,7.376884422110552,39.0,0.7839195979899497,92.0,1.8492462311557787,"andel av fossilt drivstoffvolum, utledet av at CO2 per liter er en egenskap ved drivstoffet og ikke ved kjøretøyet; ingen utslippsfaktor er antatt. Biogent CO2 fra innblandet biodrivstoff føres utenfor regnskapet, så andelene gjelder petroleumsdelen av salget. «Andre lette kjøretøy» følger utslippsregnskapets avgrensning og er ikke identisk med prosjektets varebilgruppe"
volumandel_per_kjoretoygruppe,bensin,2000,4823.0,99.97926601700186,konstruert fra observerte data,4343.0,90.04768816089572,344.0,7.132490151358076,42.0,0.8708272859216255,93.0,1.9282604188264565,"andel av fossilt drivstoffvolum, utledet av at CO2 per liter er en egenskap ved drivstoffet og ikke ved kjøretøyet; ingen utslippsfaktor er antatt. Biogent CO2 fra innblandet biodrivstoff føres utenfor regnskapet, så andelene gjelder petroleumsdelen av salget. «Andre lette kjøretøy» følger utslippsregnskapets avgrensning og er ikke identisk med prosjektets varebilgruppe"
volumandel_per_kjoretoygruppe,bensin,2001,5006.0,100.0,konstruert fra observerte data,4506.0,90.0119856172593,347.0,6.931681981622054,53.0,1.0587295245705155,100.0,1.9976028765481422,"andel av fossilt drivstoffvolum, utledet av at CO2 per liter er en egenskap ved drivstoffet og ikke ved kjøretøyet; ingen utslippsfaktor er antatt. Biogent CO2 fra innblandet biodrivstoff føres utenfor regnskapet, så andelene gjelder petroleumsdelen av salget. «Andre lette kjøretøy» følger utslippsregnskapets avgrensning og er ikke identisk med prosjektets varebilgruppe"
volumandel_per_kjoretoygruppe,bensin,2002,4962.0,100.0,konstruert fra observerte data,4475.0,90.18540910923015,323.0,6.509471987101975,61.0,1.2293430068520759,103.0,2.0757758968158,"andel av fossilt drivstoffvolum, utledet av at CO2 per liter er en egenskap ved drivstoffet og ikke ved kjøretøyet; ingen utslippsfaktor er antatt. Biogent CO2 fra innblandet biodrivstoff føres utenfor regnskapet, så andelene gjelder petroleumsdelen av salget. «Andre lette kjøretøy» følger utslippsregnskapets avgrensning og er ikke identisk med prosjektets varebilgruppe"
volumandel_per_kjoretoygruppe,bensin,2003,4904.0,100.0,konstruert fra observerte data,4421.0,90.15089722675367,304.0,6.199021207177815,72.0,1.468189233278956,107.0,2.18189233278956,"andel av fossilt drivstoffvolum, utledet av at CO2 per liter er en egenskap ved drivstoffet og ikke ved kjøretøyet; ingen utslippsfaktor er antatt. Biogent CO2 fra innblandet biodrivstoff føres utenfor regnskapet, så andelene gjelder petroleumsdelen av salget. «Andre lette kjøretøy» følger utslippsregnskapets avgrensning og er ikke identisk med prosjektets varebilgruppe"
volumandel_per_kjoretoygruppe,bensin,2004,4874.0,100.0,konstruert fra observerte data,4397.0,90.21337710299548,284.0,5.826836274107509,83.0,1.7029134181370538,110.0,2.256873204759951,"andel av fossilt drivstoffvolum, utledet av at CO2 per liter er en egenskap ved drivstoffet og ikke ved kjøretøyet; ingen utslippsfaktor er antatt. Biogent CO2 fra innblandet biodrivstoff føres utenfor regnskapet, så andelene gjelder petroleumsdelen av salget. «Andre lette kjøretøy» følger utslippsregnskapets avgrensning og er ikke identisk med prosjektets varebilgruppe"
volumandel_per_kjoretoygruppe,bensin,2005,4693.0,100.0,konstruert fra observerte data,4236.0,90.26209247815896,254.0,5.412316215640316,97.0,2.0669081610909865,106.0,2.258683145109738,"andel av fossilt drivstoffvolum, utledet av at CO2 per liter er en egenskap ved drivstoffet og ikke ved kjøretøyet; ingen utslippsfaktor er antatt. Biogent CO2 fra innblandet biodrivstoff føres utenfor regnskapet, så andelene gjelder petroleumsdelen av salget. «Andre lette kjøretøy» følger utslippsregnskapets avgrensning og er ikke identisk med prosjektets varebilgruppe"
volumandel_per_kjoretoygruppe,bensin,2006,4503.0,100.0,konstruert fra observerte data,4077.0,90.5396402398401,225.0,4.996668887408394,94.0,2.0874972240728407,107.0,2.3761936486786586,"andel av fossilt drivstoffvolum, utledet av at CO2 per liter er en egenskap ved drivstoffet og ikke ved kjøretøyet; ingen utslippsfaktor er antatt. Biogent CO2 fra innblandet biodrivstoff føres utenfor regnskapet, så andelene gjelder petroleumsdelen av salget. «Andre lette kjøretøy» følger utslippsregnskapets avgrensning og er ikke identisk med prosjektets varebilgruppe"
volumandel_per_kjoretoygruppe,bensin,2007,4262.0,100.0,konstruert fra observerte data,3868.0,90.75551384326607,201.0,4.716095729704365,85.0,1.994368840919756,108.0,2.534021586109808,"andel av fossilt drivstoffvolum, utledet av at CO2 per liter er en egenskap ved drivstoffet og ikke ved kjøretøyet; ingen utslippsfaktor er antatt. Biogent CO2 fra innblandet biodrivstoff føres utenfor regnskapet, så andelene gjelder petroleumsdelen av salget. «Andre lette kjøretøy» følger utslippsregnskapets avgrensning og er ikke identisk med prosjektets varebilgruppe"
volumandel_per_kjoretoygruppe,bensin,2008,3981.0,99.97488068324542,konstruert fra observerte data,3617.0,90.85656870133133,176.0,4.420999748806833,76.0,1.9090680733484051,111.0,2.7882441597588548,"andel av fossilt drivstoffvolum, utledet av at CO2 per liter er en egenskap ved drivstoffet og ikke ved kjøretøyet; ingen utslippsfaktor er antatt. Biogent CO2 fra innblandet biodrivstoff føres utenfor regnskapet, så andelene gjelder petroleumsdelen av salget. «Andre lette kjøretøy» følger utslippsregnskapets avgrensning og er ikke identisk med prosjektets varebilgruppe"
volumandel_per_kjoretoygruppe,bensin,2009,3730.0,100.0,konstruert fra observerte data,3392.0,90.93833780160858,153.0,4.101876675603218,69.0,1.8498659517426272,116.0,3.1099195710455763,"andel av fossilt drivstoffvolum, utledet av at CO2 per liter er en egenskap ved drivstoffet og ikke ved kjøretøyet; ingen utslippsfaktor er antatt. Biogent CO2 fra innblandet biodrivstoff føres utenfor regnskapet, så andelene gjelder petroleumsdelen av salget. «Andre lette kjøretøy» følger utslippsregnskapets avgrensning og er ikke identisk med prosjektets varebilgruppe"
volumandel_per_kjoretoygruppe,bensin,2010,3506.0,100.02852253280092,konstruert fra observerte data,3203.0,91.35767256132344,117.0,3.3371363377067884,65.0,1.8539646320593266,122.0,3.479749001711352,"andel av fossilt drivstoffvolum, utledet av at CO2 per liter er en egenskap ved drivstoffet og ikke ved kjøretøyet; ingen utslippsfaktor er antatt. Biogent CO2 fra innblandet biodrivstoff føres utenfor regnskapet, så andelene gjelder petroleumsdelen av salget. «Andre lette kjøretøy» følger utslippsregnskapets avgrensning og er ikke identisk med prosjektets varebilgruppe"
volumandel_per_kjoretoygruppe,bensin,2011,3172.0,100.0,konstruert fra observerte data,2897.0,91.33039092055486,97.0,3.0580075662042874,55.0,1.733921815889029,123.0,3.8776796973518284,"andel av fossilt drivstoffvolum, utledet av at CO2 per liter er en egenskap ved drivstoffet og ikke ved kjøretøyet; ingen utslippsfaktor er antatt. Biogent CO2 fra innblandet biodrivstoff føres utenfor regnskapet, så andelene gjelder petroleumsdelen av salget. «Andre lette kjøretøy» følger utslippsregnskapets avgrensning og er ikke identisk med prosjektets varebilgruppe"
volumandel_per_kjoretoygruppe,bensin,2012,2948.0,100.0,konstruert fra observerte data,2692.0,91.31614654002713,84.0,2.8493894165535956,45.0,1.5264586160108549,127.0,4.308005427408412,"andel av fossilt drivstoffvolum, utledet av at CO2 per liter er en egenskap ved drivstoffet og ikke ved kjøretøyet; ingen utslippsfaktor er antatt. Biogent CO2 fra innblandet biodrivstoff føres utenfor regnskapet, så andelene gjelder petroleumsdelen av salget. «Andre lette kjøretøy» følger utslippsregnskapets avgrensning og er ikke identisk med prosjektets varebilgruppe"
volumandel_per_kjoretoygruppe,bensin,2013,2737.0,100.0365363536719,konstruert fra observerte data,2496.0,91.19473876507125,72.0,2.630617464377055,39.0,1.4249177932042383,131.0,4.786262331019364,"andel av fossilt drivstoffvolum, utledet av at CO2 per liter er en egenskap ved drivstoffet og ikke ved kjøretøyet; ingen utslippsfaktor er antatt. Biogent CO2 fra innblandet biodrivstoff føres utenfor regnskapet, så andelene gjelder petroleumsdelen av salget. «Andre lette kjøretøy» følger utslippsregnskapets avgrensning og er ikke identisk med prosjektets varebilgruppe"
volumandel_per_kjoretoygruppe,bensin,2014,2598.0,99.96150885296382,konstruert fra observerte data,2364.0,90.99307159353349,64.0,2.4634334103156275,31.0,1.193225558121632,138.0,5.311778290993072,"andel av fossilt drivstoffvolum, utledet av at CO2 per liter er en egenskap ved drivstoffet og ikke ved kjøretøyet; ingen utslippsfaktor er antatt. Biogent CO2 fra innblandet biodrivstoff føres utenfor regnskapet, så andelene gjelder petroleumsdelen av salget. «Andre lette kjøretøy» følger utslippsregnskapets avgrensning og er ikke identisk med prosjektets varebilgruppe"
volumandel_per_kjoretoygruppe,bensin,2015,2435.0,100.0,konstruert fra observerte data,2211.0,90.80082135523614,55.0,2.2587268993839835,26.0,1.0677618069815196,143.0,5.8726899383983575,"andel av fossilt drivstoffvolum, utledet av at CO2 per liter er en egenskap ved drivstoffet og ikke ved kjøretøyet; ingen utslippsfaktor er antatt. Biogent CO2 fra innblandet biodrivstoff føres utenfor regnskapet, så andelene gjelder petroleumsdelen av salget. «Andre lette kjøretøy» følger utslippsregnskapets avgrensning og er ikke identisk med prosjektets varebilgruppe"
volumandel_per_kjoretoygruppe,bensin,2016,2284.0,100.04378283712785,konstruert fra observerte data,2075.0,90.8493870402802,49.0,2.1453590192644483,16.0,0.7005253940455342,145.0,6.3485113835376525,"andel av fossilt drivstoffvolum, utledet av at CO2 per liter er en egenskap ved drivstoffet og ikke ved kjøretøyet; ingen utslippsfaktor er antatt. Biogent CO2 fra innblandet biodrivstoff føres utenfor regnskapet, så andelene gjelder petroleumsdelen av salget. «Andre lette kjøretøy» følger utslippsregnskapets avgrensning og er ikke identisk med prosjektets varebilgruppe"
volumandel_per_kjoretoygruppe,bensin,2017,2212.0,99.95479204339965,konstruert fra observerte data,2010.0,90.86799276672694,43.0,1.9439421338155516,12.0,0.5424954792043399,146.0,6.600361663652802,"andel av fossilt drivstoffvolum, utledet av at CO2 per liter er en egenskap ved drivstoffet og ikke ved kjøretøyet; ingen utslippsfaktor er antatt. Biogent CO2 fra innblandet biodrivstoff føres utenfor regnskapet, så andelene gjelder petroleumsdelen av salget. «Andre lette kjøretøy» følger utslippsregnskapets avgrensning og er ikke identisk med prosjektets varebilgruppe"
volumandel_per_kjoretoygruppe,bensin,2018,2119.0,100.04719207173194,konstruert fra observerte data,1928.0,90.98631429919773,40.0,1.8876828692779613,9.0,0.4247286455875413,143.0,6.748466257668712,"andel av fossilt drivstoffvolum, utledet av at CO2 per liter er en egenskap ved drivstoffet og ikke ved kjøretøyet; ingen utslippsfaktor er antatt. Biogent CO2 fra innblandet biodrivstoff føres utenfor regnskapet, så andelene gjelder petroleumsdelen av salget. «Andre lette kjøretøy» følger utslippsregnskapets avgrensning og er ikke identisk med prosjektets varebilgruppe"
volumandel_per_kjoretoygruppe,bensin,2019,1936.0,100.0,konstruert fra observerte data,1756.0,90.70247933884298,36.0,1.859504132231405,7.0,0.3615702479338843,137.0,7.0764462809917354,"andel av fossilt drivstoffvolum, utledet av at CO2 per liter er en egenskap ved drivstoffet og ikke ved kjøretøyet; ingen utslippsfaktor er antatt. Biogent CO2 fra innblandet biodrivstoff føres utenfor regnskapet, så andelene gjelder petroleumsdelen av salget. «Andre lette kjøretøy» følger utslippsregnskapets avgrensning og er ikke identisk med prosjektets varebilgruppe"
volumandel_per_kjoretoygruppe,bensin,2020,1815.0,100.0,konstruert fra observerte data,1634.0,90.02754820936639,31.0,1.7079889807162536,6.0,0.3305785123966942,144.0,7.933884297520661,"andel av fossilt drivstoffvolum, utledet av at CO2 per liter er en egenskap ved drivstoffet og ikke ved kjøretøyet; ingen utslippsfaktor er antatt. Biogent CO2 fra innblandet biodrivstoff føres utenfor regnskapet, så andelene gjelder petroleumsdelen av salget. «Andre lette kjøretøy» følger utslippsregnskapets avgrensning og er ikke identisk med prosjektets varebilgruppe"
volumandel_per_kjoretoygruppe,bensin,2021,1659.0,100.0,konstruert fra observerte data,1489.0,89.75286317058469,29.0,1.7480409885473176,5.0,0.3013863773357444,136.0,8.197709463532249,"andel av fossilt drivstoffvolum, utledet av at CO2 per liter er en egenskap ved drivstoffet og ikke ved kjøretøyet; ingen utslippsfaktor er antatt. Biogent CO2 fra innblandet biodrivstoff føres utenfor regnskapet, så andelene gjelder petroleumsdelen av salget. «Andre lette kjøretøy» følger utslippsregnskapets avgrensning og er ikke identisk med prosjektets varebilgruppe"
volumandel_per_kjoretoygruppe,bensin,2022,1684.0,99.94061757719716,konstruert fra observerte data,1521.0,90.32066508313538,29.0,1.72209026128266,4.0,0.23752969121140144,129.0,7.660332541567697,"andel av fossilt drivstoffvolum, utledet av at CO2 per liter er en egenskap ved drivstoffet og ikke ved kjøretøyet; ingen utslippsfaktor er antatt. Biogent CO2 fra innblandet biodrivstoff føres utenfor regnskapet, så andelene gjelder petroleumsdelen av salget. «Andre lette kjøretøy» følger utslippsregnskapets avgrensning og er ikke identisk med prosjektets varebilgruppe"
volumandel_per_kjoretoygruppe,bensin,2023,1411.0,100.0,konstruert fra observerte data,1273.0,90.21970233876682,26.0,1.8426647767540751,3.0,0.21261516654854712,109.0,7.725017717930546,"andel av fossilt drivstoffvolum, utledet av at CO2 per liter er en egenskap ved drivstoffet og ikke ved kjøretøyet; ingen utslippsfaktor er antatt. Biogent CO2 fra innblandet biodrivstoff føres utenfor regnskapet, så andelene gjelder petroleumsdelen av salget. «Andre lette kjøretøy» følger utslippsregnskapets avgrensning og er ikke identisk med prosjektets varebilgruppe"
volumandel_per_kjoretoygruppe,bensin,2024,1458.0,99.93141289437585,konstruert fra observerte data,1307.0,89.64334705075446,31.0,2.1262002743484225,3.0,0.205761316872428,116.0,7.956104252400549,"andel av fossilt drivstoffvolum, utledet av at CO2 per liter er en egenskap ved drivstoffet og ikke ved kjøretøyet; ingen utslippsfaktor er antatt. Biogent CO2 fra innblandet biodrivstoff føres utenfor regnskapet, så andelene gjelder petroleumsdelen av salget. «Andre lette kjøretøy» følger utslippsregnskapets avgrensning og er ikke identisk med prosjektets varebilgruppe"
volumandel_per_kjoretoygruppe,diesel,1990,1951.0,100.05125576627371,konstruert fra observerte data,132.0,6.765761148129165,300.0,15.376729882111736,1520.0,77.9087647360328,0.0,0.0,"andel av fossilt drivstoffvolum, utledet av at CO2 per liter er en egenskap ved drivstoffet og ikke ved kjøretøyet; ingen utslippsfaktor er antatt. Biogent CO2 fra innblandet biodrivstoff føres utenfor regnskapet, så andelene gjelder petroleumsdelen av salget. «Andre lette kjøretøy» følger utslippsregnskapets avgrensning og er ikke identisk med prosjektets varebilgruppe"
volumandel_per_kjoretoygruppe,diesel,1991,1990.0,100.0,konstruert fra observerte data,140.0,7.035175879396985,308.0,15.477386934673367,1542.0,77.48743718592965,0.0,0.0,"andel av fossilt drivstoffvolum, utledet av at CO2 per liter er en egenskap ved drivstoffet og ikke ved kjøretøyet; ingen utslippsfaktor er antatt. Biogent CO2 fra innblandet biodrivstoff føres utenfor regnskapet, så andelene gjelder petroleumsdelen av salget. «Andre lette kjøretøy» følger utslippsregnskapets avgrensning og er ikke identisk med prosjektets varebilgruppe"
volumandel_per_kjoretoygruppe,diesel,1992,2148.0,100.04655493482308,konstruert fra observerte data,157.0,7.309124767225327,354.0,16.480446927374302,1638.0,76.25698324022346,0.0,0.0,"andel av fossilt drivstoffvolum, utledet av at CO2 per liter er en egenskap ved drivstoffet og ikke ved kjøretøyet; ingen utslippsfaktor er antatt. Biogent CO2 fra innblandet biodrivstoff føres utenfor regnskapet, så andelene gjelder petroleumsdelen av salget. «Andre lette kjøretøy» følger utslippsregnskapets avgrensning og er ikke identisk med prosjektets varebilgruppe"
volumandel_per_kjoretoygruppe,diesel,1993,2378.0,100.0,konstruert fra observerte data,205.0,8.620689655172415,406.0,17.073170731707318,1767.0,74.30613961312027,0.0,0.0,"andel av fossilt drivstoffvolum, utledet av at CO2 per liter er en egenskap ved drivstoffet og ikke ved kjøretøyet; ingen utslippsfaktor er antatt. Biogent CO2 fra innblandet biodrivstoff føres utenfor regnskapet, så andelene gjelder petroleumsdelen av salget. «Andre lette kjøretøy» følger utslippsregnskapets avgrensning og er ikke identisk med prosjektets varebilgruppe"
volumandel_per_kjoretoygruppe,diesel,1994,2326.0,100.0,konstruert fra observerte data,219.0,9.41530524505589,461.0,19.819432502149613,1646.0,70.76526225279449,0.0,0.0,"andel av fossilt drivstoffvolum, utledet av at CO2 per liter er en egenskap ved drivstoffet og ikke ved kjøretøyet; ingen utslippsfaktor er antatt. Biogent CO2 fra innblandet biodrivstoff føres utenfor regnskapet, så andelene gjelder petroleumsdelen av salget. «Andre lette kjøretøy» følger utslippsregnskapets avgrensning og er ikke identisk med prosjektets varebilgruppe"
volumandel_per_kjoretoygruppe,diesel,1995,2544.0,100.0,konstruert fra observerte data,243.0,9.55188679245283,483.0,18.985849056603772,1818.0,71.4622641509434,0.0,0.0,"andel av fossilt drivstoffvolum, utledet av at CO2 per liter er en egenskap ved drivstoffet og ikke ved kjøretøyet; ingen utslippsfaktor er antatt. Biogent CO2 fra innblandet biodrivstoff føres utenfor regnskapet, så andelene gjelder petroleumsdelen av salget. «Andre lette kjøretøy» følger utslippsregnskapets avgrensning og er ikke identisk med prosjektets varebilgruppe"
volumandel_per_kjoretoygruppe,diesel,1996,2724.0,100.0,konstruert fra observerte data,280.0,10.279001468428781,496.0,18.208516886930983,1948.0,71.51248164464023,0.0,0.0,"andel av fossilt drivstoffvolum, utledet av at CO2 per liter er en egenskap ved drivstoffet og ikke ved kjøretøyet; ingen utslippsfaktor er antatt. Biogent CO2 fra innblandet biodrivstoff føres utenfor regnskapet, så andelene gjelder petroleumsdelen av salget. «Andre lette kjøretøy» følger utslippsregnskapets avgrensning og er ikke identisk med prosjektets varebilgruppe"
volumandel_per_kjoretoygruppe,diesel,1997,2798.0,99.96426018584702,konstruert fra observerte data,285.0,10.185847033595426,595.0,21.26518942101501,1917.0,68.5132237312366,0.0,0.0,"andel av fossilt drivstoffvolum, utledet av at CO2 per liter er en egenskap ved drivstoffet og ikke ved kjøretøyet; ingen utslippsfaktor er antatt. Biogent CO2 fra innblandet biodrivstoff føres utenfor regnskapet, så andelene gjelder petroleumsdelen av salget. «Andre lette kjøretøy» følger utslippsregnskapets avgrensning og er ikke identisk med prosjektets varebilgruppe"
volumandel_per_kjoretoygruppe,diesel,1998,2975.0,100.03361344537815,konstruert fra observerte data,307.0,10.319327731092438,674.0,22.65546218487395,1995.0,67.05882352941175,0.0,0.0,"andel av fossilt drivstoffvolum, utledet av at CO2 per liter er en egenskap ved drivstoffet og ikke ved kjøretøyet; ingen utslippsfaktor er antatt. Biogent CO2 fra innblandet biodrivstoff føres utenfor regnskapet, så andelene gjelder petroleumsdelen av salget. «Andre lette kjøretøy» følger utslippsregnskapets avgrensning og er ikke identisk med prosjektets varebilgruppe"
volumandel_per_kjoretoygruppe,diesel,1999,3442.0,100.02905287623474,konstruert fra observerte data,373.0,10.836722835560721,791.0,22.980825101685067,2279.0,66.21150493898897,0.0,0.0,"andel av fossilt drivstoffvolum, utledet av at CO2 per liter er en egenskap ved drivstoffet og ikke ved kjøretøyet; ingen utslippsfaktor er antatt. Biogent CO2 fra innblandet biodrivstoff føres utenfor regnskapet, så andelene gjelder petroleumsdelen av salget. «Andre lette kjøretøy» følger utslippsregnskapets avgrensning og er ikke identisk med prosjektets varebilgruppe"
volumandel_per_kjoretoygruppe,diesel,2000,3423.0,100.0,konstruert fra observerte data,400.0,11.685655857434998,826.0,24.130879345603272,2197.0,64.18346479696173,0.0,0.0,"andel av fossilt drivstoffvolum, utledet av at CO2 per liter er en egenskap ved drivstoffet og ikke ved kjøretøyet; ingen utslippsfaktor er antatt. Biogent CO2 fra innblandet biodrivstoff føres utenfor regnskapet, så andelene gjelder petroleumsdelen av salget. «Andre lette kjøretøy» følger utslippsregnskapets avgrensning og er ikke identisk med prosjektets varebilgruppe"
volumandel_per_kjoretoygruppe,diesel,2001,3739.0,100.0,konstruert fra observerte data,481.0,12.864402246589998,925.0,24.73923508959615,2333.0,62.39636266381385,0.0,0.0,"andel av fossilt drivstoffvolum, utledet av at CO2 per liter er en egenskap ved drivstoffet og ikke ved kjøretøyet; ingen utslippsfaktor er antatt. Biogent CO2 fra innblandet biodrivstoff føres utenfor regnskapet, så andelene gjelder petroleumsdelen av salget. «Andre lette kjøretøy» følger utslippsregnskapets avgrensning og er ikke identisk med prosjektets varebilgruppe"
volumandel_per_kjoretoygruppe,diesel,2002,3852.0,100.0,konstruert fra observerte data,572.0,14.849428868120457,951.0,24.68847352024922,2329.0,60.46209761163032,0.0,0.0,"andel av fossilt drivstoffvolum, utledet av at CO2 per liter er en egenskap ved drivstoffet og ikke ved kjøretøyet; ingen utslippsfaktor er antatt. Biogent CO2 fra innblandet biodrivstoff føres utenfor regnskapet, så andelene gjelder petroleumsdelen av salget. «Andre lette kjøretøy» følger utslippsregnskapets avgrensning og er ikke identisk med prosjektets varebilgruppe"
volumandel_per_kjoretoygruppe,diesel,2003,4053.0,100.0,konstruert fra observerte data,672.0,16.580310880829018,975.0,24.056254626202815,2406.0,59.36343449296817,0.0,0.0,"andel av fossilt drivstoffvolum, utledet av at CO2 per liter er en egenskap ved drivstoffet og ikke ved kjøretøyet; ingen utslippsfaktor er antatt. Biogent CO2 fra innblandet biodrivstoff føres utenfor regnskapet, så andelene gjelder petroleumsdelen av salget. «Andre lette kjøretøy» følger utslippsregnskapets avgrensning og er ikke identisk med prosjektets varebilgruppe"
volumandel_per_kjoretoygruppe,diesel,2004,4381.0,100.0,konstruert fra observerte data,822.0,18.76283953435289,1025.0,23.396484820817165,2534.0,57.84067564482995,0.0,0.0,"andel av fossilt drivstoffvolum, utledet av at CO2 per liter er en egenskap ved drivstoffet og ikke ved kjøretøyet; ingen utslippsfaktor er antatt. Biogent CO2 fra innblandet biodrivstoff føres utenfor regnskapet, så andelene gjelder petroleumsdelen av salget. «Andre lette kjøretøy» følger utslippsregnskapets avgrensning og er ikke identisk med prosjektets varebilgruppe"
volumandel_per_kjoretoygruppe,diesel,2005,4725.0,99.97883597883597,konstruert fra observerte data,996.0,21.07936507936508,1065.0,22.53968253968254,2663.0,56.35978835978837,0.0,0.0,"andel av fossilt drivstoffvolum, utledet av at CO2 per liter er en egenskap ved drivstoffet og ikke ved kjøretøyet; ingen utslippsfaktor er antatt. Biogent CO2 fra innblandet biodrivstoff føres utenfor regnskapet, så andelene gjelder petroleumsdelen av salget. «Andre lette kjøretøy» følger utslippsregnskapets avgrensning og er ikke identisk med prosjektets varebilgruppe"
volumandel_per_kjoretoygruppe,diesel,2006,5191.0,100.01926411096127,konstruert fra observerte data,1247.0,24.022346368715084,1156.0,22.269312271238682,2789.0,53.727605471007514,0.0,0.0,"andel av fossilt drivstoffvolum, utledet av at CO2 per liter er en egenskap ved drivstoffet og ikke ved kjøretøyet; ingen utslippsfaktor er antatt. Biogent CO2 fra innblandet biodrivstoff føres utenfor regnskapet, så andelene gjelder petroleumsdelen av salget. «Andre lette kjøretøy» følger utslippsregnskapets avgrensning og er ikke identisk med prosjektets varebilgruppe"
volumandel_per_kjoretoygruppe,diesel,2007,5661.0,100.01766472354707,konstruert fra observerte data,1587.0,28.033916269210383,1222.0,21.58629217452747,2853.0,50.39745627980922,0.0,0.0,"andel av fossilt drivstoffvolum, utledet av at CO2 per liter er en egenskap ved drivstoffet og ikke ved kjøretøyet; ingen utslippsfaktor er antatt. Biogent CO2 fra innblandet biodrivstoff føres utenfor regnskapet, så andelene gjelder petroleumsdelen av salget. «Andre lette kjøretøy» følger utslippsregnskapets avgrensning og er ikke identisk med prosjektets varebilgruppe"
volumandel_per_kjoretoygruppe,diesel,2008,5803.0,100.0,konstruert fra observerte data,1764.0,30.398069963811817,1253.0,21.592279855247288,2786.0,48.009650180940895,0.0,0.0,"andel av fossilt drivstoffvolum, utledet av at CO2 per liter er en egenskap ved drivstoffet og ikke ved kjøretøyet; ingen utslippsfaktor er antatt. Biogent CO2 fra innblandet biodrivstoff føres utenfor regnskapet, så andelene gjelder petroleumsdelen av salget. «Andre lette kjøretøy» følger utslippsregnskapets avgrensning og er ikke identisk med prosjektets varebilgruppe"
volumandel_per_kjoretoygruppe,diesel,2009,5900.0,100.01694915254238,konstruert fra observerte data,1964.0,33.28813559322034,1270.0,21.525423728813557,2667.0,45.20338983050847,0.0,0.0,"andel av fossilt drivstoffvolum, utledet av at CO2 per liter er en egenskap ved drivstoffet og ikke ved kjøretøyet; ingen utslippsfaktor er antatt. Biogent CO2 fra innblandet biodrivstoff føres utenfor regnskapet, så andelene gjelder petroleumsdelen av salget. «Andre lette kjøretøy» følger utslippsregnskapets avgrensning og er ikke identisk med prosjektets varebilgruppe"
volumandel_per_kjoretoygruppe,diesel,2010,6356.0,100.0,konstruert fra observerte data,2266.0,35.65135305223411,1361.0,21.41283826305853,2729.0,42.93580868470736,0.0,0.0,"andel av fossilt drivstoffvolum, utledet av at CO2 per liter er en egenskap ved drivstoffet og ikke ved kjøretøyet; ingen utslippsfaktor er antatt. Biogent CO2 fra innblandet biodrivstoff føres utenfor regnskapet, så andelene gjelder petroleumsdelen av salget. «Andre lette kjøretøy» følger utslippsregnskapets avgrensning og er ikke identisk med prosjektets varebilgruppe"
volumandel_per_kjoretoygruppe,diesel,2011,6631.0,100.0,konstruert fra observerte data,2461.0,37.113557532800485,1379.0,20.79625999095159,2791.0,42.090182476247925,0.0,0.0,"andel av fossilt drivstoffvolum, utledet av at CO2 per liter er en egenskap ved drivstoffet og ikke ved kjøretøyet; ingen utslippsfaktor er antatt. Biogent CO2 fra innblandet biodrivstoff føres utenfor regnskapet, så andelene gjelder petroleumsdelen av salget. «Andre lette kjøretøy» følger utslippsregnskapets avgrensning og er ikke identisk med prosjektets varebilgruppe"
volumandel_per_kjoretoygruppe,diesel,2012,6866.0,100.01456452082726,konstruert fra observerte data,2670.0,38.88727060879697,1405.0,20.46315176230702,2792.0,40.664142149723276,0.0,0.0,"andel av fossilt drivstoffvolum, utledet av at CO2 per liter er en egenskap ved drivstoffet og ikke ved kjøretøyet; ingen utslippsfaktor er antatt. Biogent CO2 fra innblandet biodrivstoff føres utenfor regnskapet, så andelene gjelder petroleumsdelen av salget. «Andre lette kjøretøy» følger utslippsregnskapets avgrensning og er ikke identisk med prosjektets varebilgruppe"
volumandel_per_kjoretoygruppe,diesel,2013,7114.0,100.01405678942929,konstruert fra observerte data,2860.0,40.20241776778184,1433.0,20.143379252178804,2822.0,39.668259769468655,0.0,0.0,"andel av fossilt drivstoffvolum, utledet av at CO2 per liter er en egenskap ved drivstoffet og ikke ved kjøretøyet; ingen utslippsfaktor er antatt. Biogent CO2 fra innblandet biodrivstoff føres utenfor regnskapet, så andelene gjelder petroleumsdelen av salget. «Andre lette kjøretøy» følger utslippsregnskapets avgrensning og er ikke identisk med prosjektets varebilgruppe"
volumandel_per_kjoretoygruppe,diesel,2014,7460.0,100.0,konstruert fra observerte data,3053.0,40.924932975871315,1468.0,19.67828418230563,2939.0,39.39678284182306,0.0,0.0,"andel av fossilt drivstoffvolum, utledet av at CO2 per liter er en egenskap ved drivstoffet og ikke ved kjøretøyet; ingen utslippsfaktor er antatt. Biogent CO2 fra innblandet biodrivstoff føres utenfor regnskapet, så andelene gjelder petroleumsdelen av salget. «Andre lette kjøretøy» følger utslippsregnskapets avgrensning og er ikke identisk med prosjektets varebilgruppe"
volumandel_per_kjoretoygruppe,diesel,2015,7668.0,100.0,konstruert fra observerte data,3223.0,42.031820552947316,1485.0,19.366197183098592,2960.0,38.60198226395409,0.0,0.0,"andel av fossilt drivstoffvolum, utledet av at CO2 per liter er en egenskap ved drivstoffet og ikke ved kjøretøyet; ingen utslippsfaktor er antatt. Biogent CO2 fra innblandet biodrivstoff føres utenfor regnskapet, så andelene gjelder petroleumsdelen av salget. «Andre lette kjøretøy» følger utslippsregnskapets avgrensning og er ikke identisk med prosjektets varebilgruppe"
volumandel_per_kjoretoygruppe,diesel,2016,7541.0,100.0,konstruert fra observerte data,3200.0,42.43469035936878,1458.0,19.3343057949874,2883.0,38.23100384564381,0.0,0.0,"andel av fossilt drivstoffvolum, utledet av at CO2 per liter er en egenskap ved drivstoffet og ikke ved kjøretøyet; ingen utslippsfaktor er antatt. Biogent CO2 fra innblandet biodrivstoff føres utenfor regnskapet, så andelene gjelder petroleumsdelen av salget. «Andre lette kjøretøy» følger utslippsregnskapets avgrensning og er ikke identisk med prosjektets varebilgruppe"
volumandel_per_kjoretoygruppe,diesel,2017,6738.0,100.0,konstruert fra observerte data,2842.0,42.178688037993474,1299.0,19.278717720391807,2597.0,38.54259424161472,0.0,0.0,"andel av fossilt drivstoffvolum, utledet av at CO2 per liter er en egenskap ved drivstoffet og ikke ved kjøretøyet; ingen utslippsfaktor er antatt. Biogent CO2 fra innblandet biodrivstoff føres utenfor regnskapet, så andelene gjelder petroleumsdelen av salget. «Andre lette kjøretøy» følger utslippsregnskapets avgrensning og er ikke identisk med prosjektets varebilgruppe"
volumandel_per_kjoretoygruppe,diesel,2018,7084.0,100.0,konstruert fra observerte data,2944.0,41.55844155844156,1371.0,19.35347261434218,2769.0,39.08808582721626,0.0,0.0,"andel av fossilt drivstoffvolum, utledet av at CO2 per liter er en egenskap ved drivstoffet og ikke ved kjøretøyet; ingen utslippsfaktor er antatt. Biogent CO2 fra innblandet biodrivstoff føres utenfor regnskapet, så andelene gjelder petroleumsdelen av salget. «Andre lette kjøretøy» følger utslippsregnskapets avgrensning og er ikke identisk med prosjektets varebilgruppe"
volumandel_per_kjoretoygruppe,diesel,2019,6630.0,100.0,konstruert fra observerte data,2668.0,40.24132730015083,1295.0,19.53242835595777,2667.0,40.2262443438914,0.0,0.0,"andel av fossilt drivstoffvolum, utledet av at CO2 per liter er en egenskap ved drivstoffet og ikke ved kjøretøyet; ingen utslippsfaktor er antatt. Biogent CO2 fra innblandet biodrivstoff føres utenfor regnskapet, så andelene gjelder petroleumsdelen av salget. «Andre lette kjøretøy» følger utslippsregnskapets avgrensning og er ikke identisk med prosjektets varebilgruppe"
volumandel_per_kjoretoygruppe,diesel,2020,6385.0,100.0,konstruert fra observerte data,2484.0,38.90368050117463,1276.0,19.984338292873925,2625.0,41.111981205951444,0.0,0.0,"andel av fossilt drivstoffvolum, utledet av at CO2 per liter er en egenskap ved drivstoffet og ikke ved kjøretøyet; ingen utslippsfaktor er antatt. Biogent CO2 fra innblandet biodrivstoff føres utenfor regnskapet, så andelene gjelder petroleumsdelen av salget. «Andre lette kjøretøy» følger utslippsregnskapets avgrensning og er ikke identisk med prosjektets varebilgruppe"
volumandel_per_kjoretoygruppe,diesel,2021,6887.0,100.0,konstruert fra observerte data,2611.0,37.9120081312618,1444.0,20.967039349499057,2832.0,41.12095251923915,0.0,0.0,"andel av fossilt drivstoffvolum, utledet av at CO2 per liter er en egenskap ved drivstoffet og ikke ved kjøretøyet; ingen utslippsfaktor er antatt. Biogent CO2 fra innblandet biodrivstoff føres utenfor regnskapet, så andelene gjelder petroleumsdelen av salget. «Andre lette kjøretøy» følger utslippsregnskapets avgrensning og er ikke identisk med prosjektets varebilgruppe"
volumandel_per_kjoretoygruppe,diesel,2022,6881.0,100.01453277139952,konstruert fra observerte data,2444.0,35.51809330039239,1459.0,21.20331347187909,2979.0,43.29312599912804,0.0,0.0,"andel av fossilt drivstoffvolum, utledet av at CO2 per liter er en egenskap ved drivstoffet og ikke ved kjøretøyet; ingen utslippsfaktor er antatt. Biogent CO2 fra innblandet biodrivstoff føres utenfor regnskapet, så andelene gjelder petroleumsdelen av salget. «Andre lette kjøretøy» følger utslippsregnskapets avgrensning og er ikke identisk med prosjektets varebilgruppe"
volumandel_per_kjoretoygruppe,diesel,2023,6484.0,100.0,konstruert fra observerte data,2219.0,34.22270203578039,1406.0,21.684145589142503,2859.0,44.09315237507711,0.0,0.0,"andel av fossilt drivstoffvolum, utledet av at CO2 per liter er en egenskap ved drivstoffet og ikke ved kjøretøyet; ingen utslippsfaktor er antatt. Biogent CO2 fra innblandet biodrivstoff føres utenfor regnskapet, så andelene gjelder petroleumsdelen av salget. «Andre lette kjøretøy» følger utslippsregnskapets avgrensning og er ikke identisk med prosjektets varebilgruppe"
volumandel_per_kjoretoygruppe,diesel,2024,5925.0,100.0,konstruert fra observerte data,1955.0,32.9957805907173,1310.0,22.109704641350213,2660.0,44.89451476793249,0.0,0.0,"andel av fossilt drivstoffvolum, utledet av at CO2 per liter er en egenskap ved drivstoffet og ikke ved kjøretøyet; ingen utslippsfaktor er antatt. Biogent CO2 fra innblandet biodrivstoff føres utenfor regnskapet, så andelene gjelder petroleumsdelen av salget. «Andre lette kjøretøy» følger utslippsregnskapets avgrensning og er ikke identisk med prosjektets varebilgruppe"
