gruppe,periode,bestand_under_4_aar,sum_forstegangsreg_4_aar,dekningsforhold,etter_brudd,merknad
personbiler,2008,362379,622233,0.5823847336930057,False,"forholdet hopper mellom 2023 og 2024 uten at tabellens noter omtaler det; aldersdefinisjonen er lagt om, og kohortsporing over grensen er ugyldig"
personbiler,2009,351888,598993,0.5874659637090918,False,"forholdet hopper mellom 2023 og 2024 uten at tabellens noter omtaler det; aldersdefinisjonen er lagt om, og kohortsporing over grensen er ugyldig"
personbiler,2010,351352,605732,0.5800453005619647,False,"forholdet hopper mellom 2023 og 2024 uten at tabellens noter omtaler det; aldersdefinisjonen er lagt om, og kohortsporing over grensen er ugyldig"
personbiler,2011,381324,602375,0.6330342394687695,False,"forholdet hopper mellom 2023 og 2024 uten at tabellens noter omtaler det; aldersdefinisjonen er lagt om, og kohortsporing over grensen er ugyldig"
personbiler,2012,427262,629115,0.6791476915985154,False,"forholdet hopper mellom 2023 og 2024 uten at tabellens noter omtaler det; aldersdefinisjonen er lagt om, og kohortsporing over grensen er ugyldig"
personbiler,2013,447228,675247,0.6623176408040317,False,"forholdet hopper mellom 2023 og 2024 uten at tabellens noter omtaler det; aldersdefinisjonen er lagt om, og kohortsporing over grensen er ugyldig"
personbiler,2014,451280,683598,0.6601540671564282,False,"forholdet hopper mellom 2023 og 2024 uten at tabellens noter omtaler det; aldersdefinisjonen er lagt om, og kohortsporing over grensen er ugyldig"
personbiler,2015,459093,686985,0.6682722330181882,False,"forholdet hopper mellom 2023 og 2024 uten at tabellens noter omtaler det; aldersdefinisjonen er lagt om, og kohortsporing over grensen er ugyldig"
personbiler,2016,464514,687073,0.6760766323229118,False,"forholdet hopper mellom 2023 og 2024 uten at tabellens noter omtaler det; aldersdefinisjonen er lagt om, og kohortsporing over grensen er ugyldig"
personbiler,2017,480646,693145,0.6934277820658016,False,"forholdet hopper mellom 2023 og 2024 uten at tabellens noter omtaler det; aldersdefinisjonen er lagt om, og kohortsporing over grensen er ugyldig"
personbiler,2018,475899,693392,0.6863347139857396,False,"forholdet hopper mellom 2023 og 2024 uten at tabellens noter omtaler det; aldersdefinisjonen er lagt om, og kohortsporing over grensen er ugyldig"
personbiler,2019,461256,676565,0.6817615454538736,False,"forholdet hopper mellom 2023 og 2024 uten at tabellens noter omtaler det; aldersdefinisjonen er lagt om, og kohortsporing over grensen er ugyldig"
personbiler,2020,442718,659168,0.6716315112384096,False,"forholdet hopper mellom 2023 og 2024 uten at tabellens noter omtaler det; aldersdefinisjonen er lagt om, og kohortsporing over grensen er ugyldig"
personbiler,2021,471663,673919,0.699880846214456,False,"forholdet hopper mellom 2023 og 2024 uten at tabellens noter omtaler det; aldersdefinisjonen er lagt om, og kohortsporing over grensen er ugyldig"
personbiler,2022,503906,697211,0.7227453382118182,False,"forholdet hopper mellom 2023 og 2024 uten at tabellens noter omtaler det; aldersdefinisjonen er lagt om, og kohortsporing over grensen er ugyldig"
personbiler,2023,479566,672359,0.713258839399785,False,"forholdet hopper mellom 2023 og 2024 uten at tabellens noter omtaler det; aldersdefinisjonen er lagt om, og kohortsporing over grensen er ugyldig"
personbiler,2024,602843,653186,0.9229270070087234,True,"forholdet hopper mellom 2023 og 2024 uten at tabellens noter omtaler det; aldersdefinisjonen er lagt om, og kohortsporing over grensen er ugyldig"
personbiler,2025,601956,643274,0.9357692056573094,True,"forholdet hopper mellom 2023 og 2024 uten at tabellens noter omtaler det; aldersdefinisjonen er lagt om, og kohortsporing over grensen er ugyldig"
varebiler,2008,122389,133661,0.9156672477386822,False,"forholdet hopper mellom 2023 og 2024 uten at tabellens noter omtaler det; aldersdefinisjonen er lagt om, og kohortsporing over grensen er ugyldig"
varebiler,2009,103222,127030,0.8125797055813587,False,"forholdet hopper mellom 2023 og 2024 uten at tabellens noter omtaler det; aldersdefinisjonen er lagt om, og kohortsporing over grensen er ugyldig"
varebiler,2010,85731,119658,0.716466930752645,False,"forholdet hopper mellom 2023 og 2024 uten at tabellens noter omtaler det; aldersdefinisjonen er lagt om, og kohortsporing over grensen er ugyldig"
varebiler,2011,85304,116198,0.7341262328095148,False,"forholdet hopper mellom 2023 og 2024 uten at tabellens noter omtaler det; aldersdefinisjonen er lagt om, og kohortsporing over grensen er ugyldig"
varebiler,2012,93759,118142,0.7936127710720997,False,"forholdet hopper mellom 2023 og 2024 uten at tabellens noter omtaler det; aldersdefinisjonen er lagt om, og kohortsporing over grensen er ugyldig"
varebiler,2013,95147,129298,0.7358737180776191,False,"forholdet hopper mellom 2023 og 2024 uten at tabellens noter omtaler det; aldersdefinisjonen er lagt om, og kohortsporing over grensen er ugyldig"
varebiler,2014,88511,133287,0.6640632619835393,False,"forholdet hopper mellom 2023 og 2024 uten at tabellens noter omtaler det; aldersdefinisjonen er lagt om, og kohortsporing over grensen er ugyldig"
varebiler,2015,88996,133888,0.6647048279158699,False,"forholdet hopper mellom 2023 og 2024 uten at tabellens noter omtaler det; aldersdefinisjonen er lagt om, og kohortsporing over grensen er ugyldig"
varebiler,2016,93624,139325,0.6719827740893594,False,"forholdet hopper mellom 2023 og 2024 uten at tabellens noter omtaler det; aldersdefinisjonen er lagt om, og kohortsporing over grensen er ugyldig"
varebiler,2017,99148,144446,0.6864018387494288,False,"forholdet hopper mellom 2023 og 2024 uten at tabellens noter omtaler det; aldersdefinisjonen er lagt om, og kohortsporing over grensen er ugyldig"
varebiler,2018,102010,152712,0.667989417989418,False,"forholdet hopper mellom 2023 og 2024 uten at tabellens noter omtaler det; aldersdefinisjonen er lagt om, og kohortsporing over grensen er ugyldig"
varebiler,2019,103439,156850,0.6594772075231112,False,"forholdet hopper mellom 2023 og 2024 uten at tabellens noter omtaler det; aldersdefinisjonen er lagt om, og kohortsporing over grensen er ugyldig"
varebiler,2020,100202,152953,0.6551162775493126,False,"forholdet hopper mellom 2023 og 2024 uten at tabellens noter omtaler det; aldersdefinisjonen er lagt om, og kohortsporing over grensen er ugyldig"
varebiler,2021,98093,151139,0.649025069637883,False,"forholdet hopper mellom 2023 og 2024 uten at tabellens noter omtaler det; aldersdefinisjonen er lagt om, og kohortsporing over grensen er ugyldig"
varebiler,2022,90663,142438,0.6365085159859026,False,"forholdet hopper mellom 2023 og 2024 uten at tabellens noter omtaler det; aldersdefinisjonen er lagt om, og kohortsporing over grensen er ugyldig"
varebiler,2023,88450,133675,0.6616794464185525,False,"forholdet hopper mellom 2023 og 2024 uten at tabellens noter omtaler det; aldersdefinisjonen er lagt om, og kohortsporing over grensen er ugyldig"
varebiler,2024,115025,128994,0.8917081414639441,True,"forholdet hopper mellom 2023 og 2024 uten at tabellens noter omtaler det; aldersdefinisjonen er lagt om, og kohortsporing over grensen er ugyldig"
varebiler,2025,112441,123809,0.908181149997173,True,"forholdet hopper mellom 2023 og 2024 uten at tabellens noter omtaler det; aldersdefinisjonen er lagt om, og kohortsporing over grensen er ugyldig"
