gruppe,oppdeling,drivlinje,periode,kjorelengde_mill_km,bestand_3112,km_per_kjoretoy,status,merknad
personbiler,fin,bensin,2008,20298.5,1596852.0,12711.572518930996,konstruert fra observerte data,"kjørelengde gjelder hele året, bestanden er talt 31.12; for en drivlinje i rask vekst gjør det nevneren for stor og forholdstallet for lavt"
personbiler,fin,bensin,2009,19039.6,1550434.0,12280.17445437858,konstruert fra observerte data,"kjørelengde gjelder hele året, bestanden er talt 31.12; for en drivlinje i rask vekst gjør det nevneren for stor og forholdstallet for lavt"
personbiler,fin,bensin,2010,17853.4,1500841.0,11895.597201835504,konstruert fra observerte data,"kjørelengde gjelder hele året, bestanden er talt 31.12; for en drivlinje i rask vekst gjør det nevneren for stor og forholdstallet for lavt"
personbiler,fin,bensin,2011,16715.7,1448232.0,11542.14241917041,konstruert fra observerte data,"kjørelengde gjelder hele året, bestanden er talt 31.12; for en drivlinje i rask vekst gjør det nevneren for stor og forholdstallet for lavt"
personbiler,fin,bensin,2012,15738.0,1408198.0,11175.985195263735,konstruert fra observerte data,"kjørelengde gjelder hele året, bestanden er talt 31.12; for en drivlinje i rask vekst gjør det nevneren for stor og forholdstallet for lavt"
personbiler,fin,bensin,2013,14848.2,1368625.0,10848.99077541328,konstruert fra observerte data,"kjørelengde gjelder hele året, bestanden er talt 31.12; for en drivlinje i rask vekst gjør det nevneren for stor og forholdstallet for lavt"
personbiler,fin,bensin,2014,13958.5,1328380.0,10507.911892681312,konstruert fra observerte data,"kjørelengde gjelder hele året, bestanden er talt 31.12; for en drivlinje i rask vekst gjør det nevneren for stor og forholdstallet for lavt"
personbiler,fin,bensin,2015,13314.3,1295739.0,10275.448990884739,konstruert fra observerte data,"kjørelengde gjelder hele året, bestanden er talt 31.12; for en drivlinje i rask vekst gjør det nevneren for stor og forholdstallet for lavt"
personbiler,fin,bensin,2016,12155.1,1196148.0,10161.86960142056,konstruert fra observerte data,"kjørelengde gjelder hele året, bestanden er talt 31.12; for en drivlinje i rask vekst gjør det nevneren for stor og forholdstallet for lavt"
personbiler,fin,bensin,2017,11483.3,1139998.0,10073.08784752254,konstruert fra observerte data,"kjørelengde gjelder hele året, bestanden er talt 31.12; for en drivlinje i rask vekst gjør det nevneren for stor og forholdstallet for lavt"
personbiler,fin,bensin,2018,10705.9,1075179.0,9957.318734833922,konstruert fra observerte data,"kjørelengde gjelder hele året, bestanden er talt 31.12; for en drivlinje i rask vekst gjør det nevneren for stor og forholdstallet for lavt"
personbiler,fin,bensin,2019,9788.3,1031207.0,9492.080639483635,konstruert fra observerte data,"kjørelengde gjelder hele året, bestanden er talt 31.12; for en drivlinje i rask vekst gjør det nevneren for stor og forholdstallet for lavt"
personbiler,fin,bensin,2020,8593.7,950131.0,9044.752776196125,konstruert fra observerte data,"kjørelengde gjelder hele året, bestanden er talt 31.12; for en drivlinje i rask vekst gjør det nevneren for stor og forholdstallet for lavt"
personbiler,fin,bensin,2021,7984.6,891950.0,8951.847076629856,konstruert fra observerte data,"kjørelengde gjelder hele året, bestanden er talt 31.12; for en drivlinje i rask vekst gjør det nevneren for stor og forholdstallet for lavt"
personbiler,fin,bensin,2022,7163.8,822133.0,8713.675281250114,konstruert fra observerte data,"kjørelengde gjelder hele året, bestanden er talt 31.12; for en drivlinje i rask vekst gjør det nevneren for stor og forholdstallet for lavt"
personbiler,fin,bensin,2023,6466.1,760010.0,8507.914369547769,konstruert fra observerte data,"kjørelengde gjelder hele året, bestanden er talt 31.12; for en drivlinje i rask vekst gjør det nevneren for stor og forholdstallet for lavt"
personbiler,fin,bensin,2024,5937.4,715217.0,8301.536456767666,konstruert fra observerte data,"kjørelengde gjelder hele året, bestanden er talt 31.12; for en drivlinje i rask vekst gjør det nevneren for stor og forholdstallet for lavt"
personbiler,fin,bensin,2025,5452.7,676614.0,8058.804576907956,konstruert fra observerte data,"kjørelengde gjelder hele året, bestanden er talt 31.12; for en drivlinje i rask vekst gjør det nevneren for stor og forholdstallet for lavt"
personbiler,fin,diesel,2008,11469.2,597391.0,19198.816185714215,konstruert fra observerte data,"kjørelengde gjelder hele året, bestanden er talt 31.12; for en drivlinje i rask vekst gjør det nevneren for stor og forholdstallet for lavt"
personbiler,fin,diesel,2009,12683.4,690560.0,18366.832715477292,konstruert fra observerte data,"kjørelengde gjelder hele året, bestanden er talt 31.12; for en drivlinje i rask vekst gjør det nevneren for stor og forholdstallet for lavt"
personbiler,fin,diesel,2010,14071.0,804384.0,17492.888968452877,konstruert fra observerte data,"kjørelengde gjelder hele året, bestanden er talt 31.12; for en drivlinje i rask vekst gjør det nevneren for stor og forholdstallet for lavt"
personbiler,fin,diesel,2011,15508.3,922986.0,16802.313361199413,konstruert fra observerte data,"kjørelengde gjelder hele året, bestanden er talt 31.12; for en drivlinje i rask vekst gjør det nevneren for stor og forholdstallet for lavt"
personbiler,fin,diesel,2012,17324.5,1025220.0,16898.324262109596,konstruert fra observerte data,"kjørelengde gjelder hele året, bestanden er talt 31.12; for en drivlinje i rask vekst gjør det nevneren for stor og forholdstallet for lavt"
personbiler,fin,diesel,2013,18238.5,1110621.0,16421.893697309883,konstruert fra observerte data,"kjørelengde gjelder hele året, bestanden er talt 31.12; for en drivlinje i rask vekst gjør det nevneren for stor og forholdstallet for lavt"
personbiler,fin,diesel,2014,18862.3,1186194.0,15901.530441057703,konstruert fra observerte data,"kjørelengde gjelder hele året, bestanden er talt 31.12; for en drivlinje i rask vekst gjør det nevneren for stor og forholdstallet for lavt"
personbiler,fin,diesel,2015,19513.5,1243235.0,15695.745373963893,konstruert fra observerte data,"kjørelengde gjelder hele året, bestanden er talt 31.12; for en drivlinje i rask vekst gjør det nevneren for stor og forholdstallet for lavt"
personbiler,fin,diesel,2016,19700.0,1276947.0,15427.421811555218,konstruert fra observerte data,"kjørelengde gjelder hele året, bestanden er talt 31.12; for en drivlinje i rask vekst gjør det nevneren for stor og forholdstallet for lavt"
personbiler,fin,diesel,2017,19724.1,1294493.0,15236.93059753896,konstruert fra observerte data,"kjørelengde gjelder hele året, bestanden er talt 31.12; for en drivlinje i rask vekst gjør det nevneren for stor og forholdstallet for lavt"
personbiler,fin,diesel,2018,19422.3,1290442.0,15050.889540173057,konstruert fra observerte data,"kjørelengde gjelder hele året, bestanden er talt 31.12; for en drivlinje i rask vekst gjør det nevneren for stor og forholdstallet for lavt"
personbiler,fin,diesel,2019,18448.0,1281019.0,14401.035425704069,konstruert fra observerte data,"kjørelengde gjelder hele året, bestanden er talt 31.12; for en drivlinje i rask vekst gjør det nevneren for stor og forholdstallet for lavt"
personbiler,fin,diesel,2020,16761.8,1246671.0,13445.247382829953,konstruert fra observerte data,"kjørelengde gjelder hele året, bestanden er talt 31.12; for en drivlinje i rask vekst gjør det nevneren for stor og forholdstallet for lavt"
personbiler,fin,diesel,2021,16141.3,1204097.0,13405.315352500671,konstruert fra observerte data,"kjørelengde gjelder hele året, bestanden er talt 31.12; for en drivlinje i rask vekst gjør det nevneren for stor og forholdstallet for lavt"
personbiler,fin,diesel,2022,14738.5,1135538.0,12979.310247653535,konstruert fra observerte data,"kjørelengde gjelder hele året, bestanden er talt 31.12; for en drivlinje i rask vekst gjør det nevneren for stor og forholdstallet for lavt"
personbiler,fin,diesel,2023,13598.6,1065135.0,12767.02014298657,konstruert fra observerte data,"kjørelengde gjelder hele året, bestanden er talt 31.12; for en drivlinje i rask vekst gjør det nevneren for stor og forholdstallet for lavt"
personbiler,fin,diesel,2024,12676.9,1005761.0,12604.286704296548,konstruert fra observerte data,"kjørelengde gjelder hele året, bestanden er talt 31.12; for en drivlinje i rask vekst gjør det nevneren for stor og forholdstallet for lavt"
personbiler,fin,diesel,2025,11709.6,942780.0,12420.28893273086,konstruert fra observerte data,"kjørelengde gjelder hele året, bestanden er talt 31.12; for en drivlinje i rask vekst gjør det nevneren for stor og forholdstallet for lavt"
personbiler,fin,elektrisitet,2012,62.5,8031.0,7782.343419250405,konstruert fra observerte data,"kjørelengde gjelder hele året, bestanden er talt 31.12; for en drivlinje i rask vekst gjør det nevneren for stor og forholdstallet for lavt"
personbiler,fin,elektrisitet,2013,102.6,17770.0,5773.776027011818,konstruert fra observerte data,"kjørelengde gjelder hele året, bestanden er talt 31.12; for en drivlinje i rask vekst gjør det nevneren for stor og forholdstallet for lavt"
personbiler,fin,elektrisitet,2014,300.9,38652.0,7784.84942564421,konstruert fra observerte data,"kjørelengde gjelder hele året, bestanden er talt 31.12; for en drivlinje i rask vekst gjør det nevneren for stor og forholdstallet for lavt"
personbiler,fin,elektrisitet,2015,792.4,69134.0,11461.79882546938,konstruert fra observerte data,"kjørelengde gjelder hele året, bestanden er talt 31.12; for en drivlinje i rask vekst gjør det nevneren for stor og forholdstallet for lavt"
personbiler,fin,elektrisitet,2016,1161.8,97532.0,11911.987860394538,konstruert fra observerte data,"kjørelengde gjelder hele året, bestanden er talt 31.12; for en drivlinje i rask vekst gjør det nevneren for stor og forholdstallet for lavt"
personbiler,fin,elektrisitet,2017,1650.4,138983.0,11874.833612744005,konstruert fra observerte data,"kjørelengde gjelder hele året, bestanden er talt 31.12; for en drivlinje i rask vekst gjør det nevneren for stor og forholdstallet for lavt"
personbiler,fin,elektrisitet,2018,2397.9,195351.0,12274.828385828585,konstruert fra observerte data,"kjørelengde gjelder hele året, bestanden er talt 31.12; for en drivlinje i rask vekst gjør det nevneren for stor og forholdstallet for lavt"
personbiler,fin,elektrisitet,2019,3325.0,260692.0,12754.514906479677,konstruert fra observerte data,"kjørelengde gjelder hele året, bestanden er talt 31.12; for en drivlinje i rask vekst gjør det nevneren for stor og forholdstallet for lavt"
personbiler,fin,elektrisitet,2020,4196.2,340002.0,12341.692107693485,konstruert fra observerte data,"kjørelengde gjelder hele året, bestanden er talt 31.12; for en drivlinje i rask vekst gjør det nevneren for stor og forholdstallet for lavt"
personbiler,fin,elektrisitet,2021,5935.2,460734.0,12882.053419109508,konstruert fra observerte data,"kjørelengde gjelder hele året, bestanden er talt 31.12; for en drivlinje i rask vekst gjør det nevneren for stor og forholdstallet for lavt"
personbiler,fin,elektrisitet,2022,7890.1,599169.0,13168.404907463504,konstruert fra observerte data,"kjørelengde gjelder hele året, bestanden er talt 31.12; for en drivlinje i rask vekst gjør det nevneren for stor og forholdstallet for lavt"
personbiler,fin,elektrisitet,2023,9764.5,689169.0,14168.513093305126,konstruert fra observerte data,"kjørelengde gjelder hele året, bestanden er talt 31.12; for en drivlinje i rask vekst gjør det nevneren for stor og forholdstallet for lavt"
personbiler,fin,elektrisitet,2024,10784.2,788750.0,13672.519809825673,konstruert fra observerte data,"kjørelengde gjelder hele året, bestanden er talt 31.12; for en drivlinje i rask vekst gjør det nevneren for stor og forholdstallet for lavt"
personbiler,fin,elektrisitet,2025,12791.4,945182.0,13533.266608970547,konstruert fra observerte data,"kjørelengde gjelder hele året, bestanden er talt 31.12; for en drivlinje i rask vekst gjør det nevneren for stor og forholdstallet for lavt"
personbiler,grov,elektrisitet,2012,62.5,8031.0,7782.343419250405,konstruert fra observerte data,"kjørelengde gjelder hele året, bestanden er talt 31.12; for en drivlinje i rask vekst gjør det nevneren for stor og forholdstallet for lavt"
personbiler,grov,elektrisitet,2013,102.6,17770.0,5773.776027011818,konstruert fra observerte data,"kjørelengde gjelder hele året, bestanden er talt 31.12; for en drivlinje i rask vekst gjør det nevneren for stor og forholdstallet for lavt"
personbiler,grov,elektrisitet,2014,300.9,38652.0,7784.84942564421,konstruert fra observerte data,"kjørelengde gjelder hele året, bestanden er talt 31.12; for en drivlinje i rask vekst gjør det nevneren for stor og forholdstallet for lavt"
personbiler,grov,elektrisitet,2015,792.4,69134.0,11461.79882546938,konstruert fra observerte data,"kjørelengde gjelder hele året, bestanden er talt 31.12; for en drivlinje i rask vekst gjør det nevneren for stor og forholdstallet for lavt"
personbiler,grov,elektrisitet,2016,1161.8,97532.0,11911.987860394538,konstruert fra observerte data,"kjørelengde gjelder hele året, bestanden er talt 31.12; for en drivlinje i rask vekst gjør det nevneren for stor og forholdstallet for lavt"
personbiler,grov,elektrisitet,2017,1650.4,138983.0,11874.833612744005,konstruert fra observerte data,"kjørelengde gjelder hele året, bestanden er talt 31.12; for en drivlinje i rask vekst gjør det nevneren for stor og forholdstallet for lavt"
personbiler,grov,elektrisitet,2018,2397.9,195351.0,12274.828385828585,konstruert fra observerte data,"kjørelengde gjelder hele året, bestanden er talt 31.12; for en drivlinje i rask vekst gjør det nevneren for stor og forholdstallet for lavt"
personbiler,grov,elektrisitet,2019,3325.0,260692.0,12754.514906479677,konstruert fra observerte data,"kjørelengde gjelder hele året, bestanden er talt 31.12; for en drivlinje i rask vekst gjør det nevneren for stor og forholdstallet for lavt"
personbiler,grov,elektrisitet,2020,4196.2,340002.0,12341.692107693485,konstruert fra observerte data,"kjørelengde gjelder hele året, bestanden er talt 31.12; for en drivlinje i rask vekst gjør det nevneren for stor og forholdstallet for lavt"
personbiler,grov,elektrisitet,2021,5935.2,460734.0,12882.053419109508,konstruert fra observerte data,"kjørelengde gjelder hele året, bestanden er talt 31.12; for en drivlinje i rask vekst gjør det nevneren for stor og forholdstallet for lavt"
personbiler,grov,elektrisitet,2022,7890.1,599169.0,13168.404907463504,konstruert fra observerte data,"kjørelengde gjelder hele året, bestanden er talt 31.12; for en drivlinje i rask vekst gjør det nevneren for stor og forholdstallet for lavt"
personbiler,grov,elektrisitet,2023,9764.5,689169.0,14168.513093305126,konstruert fra observerte data,"kjørelengde gjelder hele året, bestanden er talt 31.12; for en drivlinje i rask vekst gjør det nevneren for stor og forholdstallet for lavt"
personbiler,grov,elektrisitet,2024,10784.2,788750.0,13672.519809825673,konstruert fra observerte data,"kjørelengde gjelder hele året, bestanden er talt 31.12; for en drivlinje i rask vekst gjør det nevneren for stor og forholdstallet for lavt"
personbiler,grov,elektrisitet,2025,12791.4,945182.0,13533.266608970547,konstruert fra observerte data,"kjørelengde gjelder hele året, bestanden er talt 31.12; for en drivlinje i rask vekst gjør det nevneren for stor og forholdstallet for lavt"
personbiler,grov,ikke_elektrisk,2008,31769.399999999998,2194414.0,14477.395787668142,konstruert fra observerte data,"kjørelengde gjelder hele året, bestanden er talt 31.12; for en drivlinje i rask vekst gjør det nevneren for stor og forholdstallet for lavt"
personbiler,grov,ikke_elektrisk,2009,31725.1,2241172.0,14155.584667307998,konstruert fra observerte data,"kjørelengde gjelder hele året, bestanden er talt 31.12; for en drivlinje i rask vekst gjør det nevneren for stor og forholdstallet for lavt"
personbiler,grov,ikke_elektrisk,2010,31926.5,2305417.0,13848.470797257069,konstruert fra observerte data,"kjørelengde gjelder hele året, bestanden er talt 31.12; for en drivlinje i rask vekst gjør det nevneren for stor og forholdstallet for lavt"
personbiler,grov,ikke_elektrisk,2011,32226.4,2371456.0,13589.288605818536,konstruert fra observerte data,"kjørelengde gjelder hele året, bestanden er talt 31.12; for en drivlinje i rask vekst gjør det nevneren for stor og forholdstallet for lavt"
personbiler,grov,ikke_elektrisk,2012,33066.5,2433828.0,13586.210693606943,konstruert fra observerte data,"kjørelengde gjelder hele året, bestanden er talt 31.12; for en drivlinje i rask vekst gjør det nevneren for stor og forholdstallet for lavt"
personbiler,grov,ikke_elektrisk,2013,33101.59999999999,2481421.0,13339.775878418048,konstruert fra observerte data,"kjørelengde gjelder hele året, bestanden er talt 31.12; for en drivlinje i rask vekst gjør det nevneren for stor og forholdstallet for lavt"
personbiler,grov,ikke_elektrisk,2014,32833.00000000001,2515709.0,13051.191532883973,konstruert fra observerte data,"kjørelengde gjelder hele året, bestanden er talt 31.12; for en drivlinje i rask vekst gjør det nevneren for stor og forholdstallet for lavt"
personbiler,grov,ikke_elektrisk,2015,32843.799999999996,2540129.0,12929.973241516473,konstruert fra observerte data,"kjørelengde gjelder hele året, bestanden er talt 31.12; for en drivlinje i rask vekst gjør det nevneren for stor og forholdstallet for lavt"
personbiler,grov,ikke_elektrisk,2016,32850.3,2564274.0,12810.760472554806,konstruert fra observerte data,"kjørelengde gjelder hele året, bestanden er talt 31.12; for en drivlinje i rask vekst gjør det nevneren for stor og forholdstallet for lavt"
personbiler,grov,ikke_elektrisk,2017,32914.799999999996,2579298.0,12761.146637573478,konstruert fra observerte data,"kjørelengde gjelder hele året, bestanden er talt 31.12; for en drivlinje i rask vekst gjør det nevneren for stor og forholdstallet for lavt"
personbiler,grov,ikke_elektrisk,2018,32738.9,2555505.0,12811.127350562805,konstruert fra observerte data,"kjørelengde gjelder hele året, bestanden er talt 31.12; for en drivlinje i rask vekst gjør det nevneren for stor og forholdstallet for lavt"
personbiler,grov,ikke_elektrisk,2019,31290.0,2539398.0,12321.818005684812,konstruert fra observerte data,"kjørelengde gjelder hele året, bestanden er talt 31.12; for en drivlinje i rask vekst gjør det nevneren for stor og forholdstallet for lavt"
personbiler,grov,ikke_elektrisk,2020,28895.499999999996,2469356.0,11701.63394828449,konstruert fra observerte data,"kjørelengde gjelder hele året, bestanden er talt 31.12; for en drivlinje i rask vekst gjør det nevneren for stor og forholdstallet for lavt"
personbiler,grov,ikke_elektrisk,2021,28367.8,2420367.0,11720.453964212866,konstruert fra observerte data,"kjørelengde gjelder hele året, bestanden er talt 31.12; for en drivlinje i rask vekst gjør det nevneren for stor og forholdstallet for lavt"
personbiler,grov,ikke_elektrisk,2022,26511.2,2306843.0,11492.416258930494,konstruert fra observerte data,"kjørelengde gjelder hele året, bestanden er talt 31.12; for en drivlinje i rask vekst gjør det nevneren for stor og forholdstallet for lavt"
personbiler,grov,ikke_elektrisk,2023,24970.699999999997,2187523.0,11415.057121685119,konstruert fra observerte data,"kjørelengde gjelder hele året, bestanden er talt 31.12; for en drivlinje i rask vekst gjør det nevneren for stor og forholdstallet for lavt"
personbiler,grov,ikke_elektrisk,2024,23711.0,2090978.0,11339.669762187837,konstruert fra observerte data,"kjørelengde gjelder hele året, bestanden er talt 31.12; for en drivlinje i rask vekst gjør det nevneren for stor og forholdstallet for lavt"
personbiler,grov,ikke_elektrisk,2025,22279.6,1990556.0,11192.651701333698,konstruert fra observerte data,"kjørelengde gjelder hele året, bestanden er talt 31.12; for en drivlinje i rask vekst gjør det nevneren for stor og forholdstallet for lavt"
